Workbook

Sheet Invoices
A1: Invoice # | B1: Client | C1: Invoice date | D1: Terms (days) | E1: Due date | F1: Amount | G1: Paid on | H1: Balance | I1: Days past due | J1: Bucket
A2: 1001 | B2: Harbor Dental | C2: 46204 | D2: 30 | E2: =C2+D2 | F2: 650 | G2: 46239 | H2: =IF(OR(F2="",G2<>""),0,F2) | I2: =IF(H2=0,"",MAX(0,Aging!$B$1-E2)) | J2: =IF(H2=0,"Paid",IF(I2=0,"Current",IF(I2<=30,"1-30",IF(I2<=60,"31-60",IF(I2<=90,"61-90","90+")))))
A3: 1002 | B3: Pine & Co. Realty | C3: 46218 | D3: 30 | E3: =C3+D3 | F3: 1200 | H3: =IF(OR(F3="",G3<>""),0,F3) | I3: =IF(H3=0,"",MAX(0,Aging!$B$1-E3)) | J3: =IF(H3=0,"Paid",IF(I3=0,"Current",IF(I3<=30,"1-30",IF(I3<=60,"31-60",IF(I3<=90,"61-90","90+")))))
A4: 1003 | B4: Lakeside Yoga | C4: 46244 | D4: 30 | E4: =C4+D4 | F4: 380 | H4: =IF(OR(F4="",G4<>""),0,F4) | I4: =IF(H4=0,"",MAX(0,Aging!$B$1-E4)) | J4: =IF(H4=0,"Paid",IF(I4=0,"Current",IF(I4<=30,"1-30",IF(I4<=60,"31-60",IF(I4<=90,"61-90","90+")))))
A5: 1004 | B5: Main St. Gift Shop | C5: 46259 | D5: 15 | E5: =C5+D5 | F5: 300 | H5: =IF(OR(F5="",G5<>""),0,F5) | I5: =IF(H5=0,"",MAX(0,Aging!$B$1-E5)) | J5: =IF(H5=0,"Paid",IF(I5=0,"Current",IF(I5<=30,"1-30",IF(I5<=60,"31-60",IF(I5<=90,"61-90","90+")))))
A6: 1005 | B6: Northside Print Co. | C6: 46270 | D6: 30 | E6: =C6+D6 | F6: 875 | H6: =IF(OR(F6="",G6<>""),0,F6) | I6: =IF(H6=0,"",MAX(0,Aging!$B$1-E6)) | J6: =IF(H6=0,"Paid",IF(I6=0,"Current",IF(I6<=30,"1-30",IF(I6<=60,"31-60",IF(I6<=90,"61-90","90+")))))
A7: 1006 | B7: Desert Bloom Candles | C7: 46162 | D7: 30 | E7: =C7+D7 | F7: 450 | H7: =IF(OR(F7="",G7<>""),0,F7) | I7: =IF(H7=0,"",MAX(0,Aging!$B$1-E7)) | J7: =IF(H7=0,"Paid",IF(I7=0,"Current",IF(I7<=30,"1-30",IF(I7<=60,"31-60",IF(I7<=90,"61-90","90+")))))
A8: 1007 | B8: Wasatch Bike Repair | C8: 46203 | D8: 30 | E8: =C8+D8 | F8: 220 | H8: =IF(OR(F8="",G8<>""),0,F8) | I8: =IF(H8=0,"",MAX(0,Aging!$B$1-E8)) | J8: =IF(H8=0,"Paid",IF(I8=0,"Current",IF(I8<=30,"1-30",IF(I8<=60,"31-60",IF(I8<=90,"61-90","90+")))))
A9: 1008 | B9: Gateway Bakery | C9: 46285 | D9: 30 | E9: =C9+D9 | F9: 540 | H9: =IF(OR(F9="",G9<>""),0,F9) | I9: =IF(H9=0,"",MAX(0,Aging!$B$1-E9)) | J9: =IF(H9=0,"Paid",IF(I9=0,"Current",IF(I9<=30,"1-30",IF(I9<=60,"31-60",IF(I9<=90,"61-90","90+")))))
A10: 1009 | B10: Harbor Dental | C10: 46280 | D10: 30 | E10: =C10+D10 | F10: 650 | H10: =IF(OR(F10="",G10<>""),0,F10) | I10: =IF(H10=0,"",MAX(0,Aging!$B$1-E10)) | J10: =IF(H10=0,"Paid",IF(I10=0,"Current",IF(I10<=30,"1-30",IF(I10<=60,"31-60",IF(I10<=90,"61-90","90+")))))

Sheet Aging
A1: As of date | B1: 46295
A3: Bucket (days past due) | B3: Balance | C3: Invoices
A4: Current | B4: =SUMIFS(Invoices!$H$2:$H$500,Invoices!$J$2:$J$500,A4) | C4: =COUNTIFS(Invoices!$J$2:$J$500,A4)
A5: 1-30 | B5: =SUMIFS(Invoices!$H$2:$H$500,Invoices!$J$2:$J$500,A5) | C5: =COUNTIFS(Invoices!$J$2:$J$500,A5)
A6: 31-60 | B6: =SUMIFS(Invoices!$H$2:$H$500,Invoices!$J$2:$J$500,A6) | C6: =COUNTIFS(Invoices!$J$2:$J$500,A6)
A7: 61-90 | B7: =SUMIFS(Invoices!$H$2:$H$500,Invoices!$J$2:$J$500,A7) | C7: =COUNTIFS(Invoices!$J$2:$J$500,A7)
A8: 90+ | B8: =SUMIFS(Invoices!$H$2:$H$500,Invoices!$J$2:$J$500,A8) | C8: =COUNTIFS(Invoices!$J$2:$J$500,A8)
A9: Total outstanding | B9: =SUM(B4:B8) | C9: =SUM(C4:C8)

Sheet How to use
A1: Tidy Tabs: Accounts Receivable Aging Report
A3: 1. Invoices tab: one row per invoice. Fill Invoice #, Client, Invoice date, Terms (days), Amount. Type Paid on when the money arrives.
A4: 2. Due date = Invoice date + Terms. Balance is the Amount until you enter a Paid on date, then 0.
A5: 3. Days past due = As of date minus Due date (0 if not late yet). The As of date is cell B1 on the Aging tab.
A6: 4. Bucket sorts each unpaid invoice into Current, 1-30, 31-60, 61-90, or 90+ days past due.
A7: 5. Aging tab adds up Balance by bucket with SUMIFS. Type =TODAY() in B1 to always age as of today; the sample uses 09/30/2026 so the numbers stay put.
A9: Clients and amounts are fictional. This only groups invoices by how late they are; it makes no decision about collection or write-offs.
A10: Google Sheets: File > Import > Upload this .xlsx.
