Workbook

Sheet Calls
A1: Client | B1: Client zone | C1: Your call time | D1: Hours difference | E1: Client time | F1: Day
A2: Maple Street Bakery | B2: Eastern | C2: 46309.375 | D2: =IF(B2="","",IFERROR(VLOOKUP(B2,Offsets!$A$2:$B$5,2,FALSE)-VLOOKUP($I$2,Offsets!$A$2:$B$5,2,FALSE),"Check zone")) | E2: =IF(OR(C2="",NOT(ISNUMBER(D2))),"",IF(ISNUMBER(C2),C2+D2/24,"Check time")) | F2: =IF(NOT(ISNUMBER(E2)),"",IF(INT(E2)>INT(C2),"Next day",IF(INT(E2)<INT(C2),"Previous day","Same day"))) | H2: Your zone | I2: Eastern
A3: Harbor Yoga Studio | B3: Central | C3: 46309.688 | D3: =IF(B3="","",IFERROR(VLOOKUP(B3,Offsets!$A$2:$B$5,2,FALSE)-VLOOKUP($I$2,Offsets!$A$2:$B$5,2,FALSE),"Check zone")) | E3: =IF(OR(C3="",NOT(ISNUMBER(D3))),"",IF(ISNUMBER(C3),C3+D3/24,"Check time")) | F3: =IF(NOT(ISNUMBER(E3)),"",IF(INT(E3)>INT(C3),"Next day",IF(INT(E3)<INT(C3),"Previous day","Same day")))
A4: Birch Design Co | B4: Mountain | C4: 46310.417 | D4: =IF(B4="","",IFERROR(VLOOKUP(B4,Offsets!$A$2:$B$5,2,FALSE)-VLOOKUP($I$2,Offsets!$A$2:$B$5,2,FALSE),"Check zone")) | E4: =IF(OR(C4="",NOT(ISNUMBER(D4))),"",IF(ISNUMBER(C4),C4+D4/24,"Check time")) | F4: =IF(NOT(ISNUMBER(E4)),"",IF(INT(E4)>INT(C4),"Next day",IF(INT(E4)<INT(C4),"Previous day","Same day"))) | H4: Calls on a different day | I4: =COUNTIF(F2:F20,"Next day")+COUNTIF(F2:F20,"Previous day")
A5: Lantern Print Shop | B5: Pacific | C5: 46309.688 | D5: =IF(B5="","",IFERROR(VLOOKUP(B5,Offsets!$A$2:$B$5,2,FALSE)-VLOOKUP($I$2,Offsets!$A$2:$B$5,2,FALSE),"Check zone")) | E5: =IF(OR(C5="",NOT(ISNUMBER(D5))),"",IF(ISNUMBER(C5),C5+D5/24,"Check time")) | F5: =IF(NOT(ISNUMBER(E5)),"",IF(INT(E5)>INT(C5),"Next day",IF(INT(E5)<INT(C5),"Previous day","Same day"))) | H5: Calls listed | I5: =COUNT(C2:C20)
A6: Cedar Row Realty | B6: Pacific | C6: 46310.042 | D6: =IF(B6="","",IFERROR(VLOOKUP(B6,Offsets!$A$2:$B$5,2,FALSE)-VLOOKUP($I$2,Offsets!$A$2:$B$5,2,FALSE),"Check zone")) | E6: =IF(OR(C6="",NOT(ISNUMBER(D6))),"",IF(ISNUMBER(C6),C6+D6/24,"Check time")) | F6: =IF(NOT(ISNUMBER(E6)),"",IF(INT(E6)>INT(C6),"Next day",IF(INT(E6)<INT(C6),"Previous day","Same day")))
A7: Willow Pet Care | B7: Central | C7: 46310.01 | D7: =IF(B7="","",IFERROR(VLOOKUP(B7,Offsets!$A$2:$B$5,2,FALSE)-VLOOKUP($I$2,Offsets!$A$2:$B$5,2,FALSE),"Check zone")) | E7: =IF(OR(C7="",NOT(ISNUMBER(D7))),"",IF(ISNUMBER(C7),C7+D7/24,"Check time")) | F7: =IF(NOT(ISNUMBER(E7)),"",IF(INT(E7)>INT(C7),"Next day",IF(INT(E7)<INT(C7),"Previous day","Same day")))
A8: Granite Fitness | B8: Mountain | C8: 46311.615 | D8: =IF(B8="","",IFERROR(VLOOKUP(B8,Offsets!$A$2:$B$5,2,FALSE)-VLOOKUP($I$2,Offsets!$A$2:$B$5,2,FALSE),"Check zone")) | E8: =IF(OR(C8="",NOT(ISNUMBER(D8))),"",IF(ISNUMBER(C8),C8+D8/24,"Check time")) | F8: =IF(NOT(ISNUMBER(E8)),"",IF(INT(E8)>INT(C8),"Next day",IF(INT(E8)<INT(C8),"Previous day","Same day")))
A9: Juniper Books | B9: Pacific | C9: 46311.75 | D9: =IF(B9="","",IFERROR(VLOOKUP(B9,Offsets!$A$2:$B$5,2,FALSE)-VLOOKUP($I$2,Offsets!$A$2:$B$5,2,FALSE),"Check zone")) | E9: =IF(OR(C9="",NOT(ISNUMBER(D9))),"",IF(ISNUMBER(C9),C9+D9/24,"Check time")) | F9: =IF(NOT(ISNUMBER(E9)),"",IF(INT(E9)>INT(C9),"Next day",IF(INT(E9)<INT(C9),"Previous day","Same day")))
D10: =IF(B10="","",IFERROR(VLOOKUP(B10,Offsets!$A$2:$B$5,2,FALSE)-VLOOKUP($I$2,Offsets!$A$2:$B$5,2,FALSE),"Check zone")) | E10: =IF(OR(C10="",NOT(ISNUMBER(D10))),"",IF(ISNUMBER(C10),C10+D10/24,"Check time")) | F10: =IF(NOT(ISNUMBER(E10)),"",IF(INT(E10)>INT(C10),"Next day",IF(INT(E10)<INT(C10),"Previous day","Same day")))
D11: =IF(B11="","",IFERROR(VLOOKUP(B11,Offsets!$A$2:$B$5,2,FALSE)-VLOOKUP($I$2,Offsets!$A$2:$B$5,2,FALSE),"Check zone")) | E11: =IF(OR(C11="",NOT(ISNUMBER(D11))),"",IF(ISNUMBER(C11),C11+D11/24,"Check time")) | F11: =IF(NOT(ISNUMBER(E11)),"",IF(INT(E11)>INT(C11),"Next day",IF(INT(E11)<INT(C11),"Previous day","Same day")))
D12: =IF(B12="","",IFERROR(VLOOKUP(B12,Offsets!$A$2:$B$5,2,FALSE)-VLOOKUP($I$2,Offsets!$A$2:$B$5,2,FALSE),"Check zone")) | E12: =IF(OR(C12="",NOT(ISNUMBER(D12))),"",IF(ISNUMBER(C12),C12+D12/24,"Check time")) | F12: =IF(NOT(ISNUMBER(E12)),"",IF(INT(E12)>INT(C12),"Next day",IF(INT(E12)<INT(C12),"Previous day","Same day")))
D13: =IF(B13="","",IFERROR(VLOOKUP(B13,Offsets!$A$2:$B$5,2,FALSE)-VLOOKUP($I$2,Offsets!$A$2:$B$5,2,FALSE),"Check zone")) | E13: =IF(OR(C13="",NOT(ISNUMBER(D13))),"",IF(ISNUMBER(C13),C13+D13/24,"Check time")) | F13: =IF(NOT(ISNUMBER(E13)),"",IF(INT(E13)>INT(C13),"Next day",IF(INT(E13)<INT(C13),"Previous day","Same day")))
D14: =IF(B14="","",IFERROR(VLOOKUP(B14,Offsets!$A$2:$B$5,2,FALSE)-VLOOKUP($I$2,Offsets!$A$2:$B$5,2,FALSE),"Check zone")) | E14: =IF(OR(C14="",NOT(ISNUMBER(D14))),"",IF(ISNUMBER(C14),C14+D14/24,"Check time")) | F14: =IF(NOT(ISNUMBER(E14)),"",IF(INT(E14)>INT(C14),"Next day",IF(INT(E14)<INT(C14),"Previous day","Same day")))
D15: =IF(B15="","",IFERROR(VLOOKUP(B15,Offsets!$A$2:$B$5,2,FALSE)-VLOOKUP($I$2,Offsets!$A$2:$B$5,2,FALSE),"Check zone")) | E15: =IF(OR(C15="",NOT(ISNUMBER(D15))),"",IF(ISNUMBER(C15),C15+D15/24,"Check time")) | F15: =IF(NOT(ISNUMBER(E15)),"",IF(INT(E15)>INT(C15),"Next day",IF(INT(E15)<INT(C15),"Previous day","Same day")))
D16: =IF(B16="","",IFERROR(VLOOKUP(B16,Offsets!$A$2:$B$5,2,FALSE)-VLOOKUP($I$2,Offsets!$A$2:$B$5,2,FALSE),"Check zone")) | E16: =IF(OR(C16="",NOT(ISNUMBER(D16))),"",IF(ISNUMBER(C16),C16+D16/24,"Check time")) | F16: =IF(NOT(ISNUMBER(E16)),"",IF(INT(E16)>INT(C16),"Next day",IF(INT(E16)<INT(C16),"Previous day","Same day")))
D17: =IF(B17="","",IFERROR(VLOOKUP(B17,Offsets!$A$2:$B$5,2,FALSE)-VLOOKUP($I$2,Offsets!$A$2:$B$5,2,FALSE),"Check zone")) | E17: =IF(OR(C17="",NOT(ISNUMBER(D17))),"",IF(ISNUMBER(C17),C17+D17/24,"Check time")) | F17: =IF(NOT(ISNUMBER(E17)),"",IF(INT(E17)>INT(C17),"Next day",IF(INT(E17)<INT(C17),"Previous day","Same day")))
D18: =IF(B18="","",IFERROR(VLOOKUP(B18,Offsets!$A$2:$B$5,2,FALSE)-VLOOKUP($I$2,Offsets!$A$2:$B$5,2,FALSE),"Check zone")) | E18: =IF(OR(C18="",NOT(ISNUMBER(D18))),"",IF(ISNUMBER(C18),C18+D18/24,"Check time")) | F18: =IF(NOT(ISNUMBER(E18)),"",IF(INT(E18)>INT(C18),"Next day",IF(INT(E18)<INT(C18),"Previous day","Same day")))
D19: =IF(B19="","",IFERROR(VLOOKUP(B19,Offsets!$A$2:$B$5,2,FALSE)-VLOOKUP($I$2,Offsets!$A$2:$B$5,2,FALSE),"Check zone")) | E19: =IF(OR(C19="",NOT(ISNUMBER(D19))),"",IF(ISNUMBER(C19),C19+D19/24,"Check time")) | F19: =IF(NOT(ISNUMBER(E19)),"",IF(INT(E19)>INT(C19),"Next day",IF(INT(E19)<INT(C19),"Previous day","Same day")))
D20: =IF(B20="","",IFERROR(VLOOKUP(B20,Offsets!$A$2:$B$5,2,FALSE)-VLOOKUP($I$2,Offsets!$A$2:$B$5,2,FALSE),"Check zone")) | E20: =IF(OR(C20="",NOT(ISNUMBER(D20))),"",IF(ISNUMBER(C20),C20+D20/24,"Check time")) | F20: =IF(NOT(ISNUMBER(E20)),"",IF(INT(E20)>INT(C20),"Next day",IF(INT(E20)<INT(C20),"Previous day","Same day")))

Sheet Offsets
A1: Zone | B1: Hours from Eastern
A2: Eastern | B2: 0
A3: Central | B3: -1
A4: Mountain | B4: -2
A5: Pacific | B5: -3

Sheet How to use
A1: Tidy Tabs: Convert Time Zones for Client Calls
A3: 1. Calls tab: type the client, pick the client zone from the dropdown in B, and type your call date and time in C (for example 10/14/2026 4:30 PM). Rows 2 to 20 have the formulas ready.
A4: 2. I2 is your own zone (yellow). Pick Eastern, Central, Mountain or Pacific. The Offsets tab lists each zone as hours from Eastern (Central -1, Mountain -2, Pacific -3).
A5: 3. D2 subtracts your zone's offset from the client zone's offset, so Eastern to Pacific is -3 and Pacific to Eastern is 3.
A6: 4. E2: =C2+D2/24 is the client's time. One hour is 1/24 of a day, so adding hours divided by 24 moves the date and the time together.
A7: 5. F2 compares the dates: Next day, Previous day or Same day, so a call at 1:00 AM for you is not missed as the evening before for the client.
A8: 6. Offsets are fixed hours. Most of the US changes clocks on the same dates, so the differences between these four zones stay the same through the year. Arizona (most of it), Hawaii and other places that do not change clocks are not handled, and neither are zones outside these four. Check the current rules before you confirm a call.
A9: 7. Type the call time as a real date and time. A time stored as text shows Check time.
A11: Clients and times are fictional. Checked in LibreOffice Calc only; not opened in Excel or Google Sheets.
A12: Google Sheets: File > Import > Upload this .xlsx.
