Workbook

Sheet Daily sales
A1: Date | B1: Sales | C1: Weekday
A2: 46266 | B2: 42 | C2: =IF(A2="","",TEXT(A2,"ddd"))
A3: 46267 | B3: 38.5 | C3: =IF(A3="","",TEXT(A3,"ddd"))
A4: 46268 | B4: 51.25 | C4: =IF(A4="","",TEXT(A4,"ddd"))
A5: 46269 | B5: 65 | C5: =IF(A5="","",TEXT(A5,"ddd"))
A6: 46270 | B6: 148 | C6: =IF(A6="","",TEXT(A6,"ddd"))
A7: 46271 | B7: 212.5 | C7: =IF(A7="","",TEXT(A7,"ddd"))
A8: 46272 | B8: 96 | C8: =IF(A8="","",TEXT(A8,"ddd"))
A9: 46273 | B9: 40 | C9: =IF(A9="","",TEXT(A9,"ddd"))
A10: 46274 | B10: 35 | C10: =IF(A10="","",TEXT(A10,"ddd"))
A11: 46275 | B11: 47.5 | C11: =IF(A11="","",TEXT(A11,"ddd"))
A12: 46276 | B12: 70.25 | C12: =IF(A12="","",TEXT(A12,"ddd"))
A13: 46277 | B13: 155 | C13: =IF(A13="","",TEXT(A13,"ddd"))
... A29: 46293 | B29: 93 | C29: =IF(A29="","",TEXT(A29,"ddd"))
C30: =IF(A30="","",TEXT(A30,"ddd"))
C31: =IF(A31="","",TEXT(A31,"ddd"))
C32: =IF(A32="","",TEXT(A32,"ddd"))
C33: =IF(A33="","",TEXT(A33,"ddd"))
C34: =IF(A34="","",TEXT(A34,"ddd"))
C35: =IF(A35="","",TEXT(A35,"ddd"))
C36: =IF(A36="","",TEXT(A36,"ddd"))
C37: =IF(A37="","",TEXT(A37,"ddd"))
C38: =IF(A38="","",TEXT(A38,"ddd"))
C39: =IF(A39="","",TEXT(A39,"ddd"))
C40: =IF(A40="","",TEXT(A40,"ddd"))
C41: =IF(A41="","",TEXT(A41,"ddd"))
... C60: =IF(A60="","",TEXT(A60,"ddd"))

Sheet By weekday
A1: Weekday | B1: Days counted | C1: Total sales | D1: Average per day | E1: Share of sales | F1: Best day
A2: Mon | B2: =COUNTIF('Daily sales'!$C$2:$C$200,A2) | C2: =SUMIF('Daily sales'!$C$2:$C$200,A2,'Daily sales'!$B$2:$B$200) | D2: =IF(B2=0,"",C2/B2) | E2: =IF($C$9=0,"",C2/$C$9) | F2: =IF(D2="","",IF(D2=MAX($D$2:$D$8),"Best day",""))
A3: Tue | B3: =COUNTIF('Daily sales'!$C$2:$C$200,A3) | C3: =SUMIF('Daily sales'!$C$2:$C$200,A3,'Daily sales'!$B$2:$B$200) | D3: =IF(B3=0,"",C3/B3) | E3: =IF($C$9=0,"",C3/$C$9) | F3: =IF(D3="","",IF(D3=MAX($D$2:$D$8),"Best day",""))
A4: Wed | B4: =COUNTIF('Daily sales'!$C$2:$C$200,A4) | C4: =SUMIF('Daily sales'!$C$2:$C$200,A4,'Daily sales'!$B$2:$B$200) | D4: =IF(B4=0,"",C4/B4) | E4: =IF($C$9=0,"",C4/$C$9) | F4: =IF(D4="","",IF(D4=MAX($D$2:$D$8),"Best day",""))
A5: Thu | B5: =COUNTIF('Daily sales'!$C$2:$C$200,A5) | C5: =SUMIF('Daily sales'!$C$2:$C$200,A5,'Daily sales'!$B$2:$B$200) | D5: =IF(B5=0,"",C5/B5) | E5: =IF($C$9=0,"",C5/$C$9) | F5: =IF(D5="","",IF(D5=MAX($D$2:$D$8),"Best day",""))
A6: Fri | B6: =COUNTIF('Daily sales'!$C$2:$C$200,A6) | C6: =SUMIF('Daily sales'!$C$2:$C$200,A6,'Daily sales'!$B$2:$B$200) | D6: =IF(B6=0,"",C6/B6) | E6: =IF($C$9=0,"",C6/$C$9) | F6: =IF(D6="","",IF(D6=MAX($D$2:$D$8),"Best day",""))
A7: Sat | B7: =COUNTIF('Daily sales'!$C$2:$C$200,A7) | C7: =SUMIF('Daily sales'!$C$2:$C$200,A7,'Daily sales'!$B$2:$B$200) | D7: =IF(B7=0,"",C7/B7) | E7: =IF($C$9=0,"",C7/$C$9) | F7: =IF(D7="","",IF(D7=MAX($D$2:$D$8),"Best day",""))
A8: Sun | B8: =COUNTIF('Daily sales'!$C$2:$C$200,A8) | C8: =SUMIF('Daily sales'!$C$2:$C$200,A8,'Daily sales'!$B$2:$B$200) | D8: =IF(B8=0,"",C8/B8) | E8: =IF($C$9=0,"",C8/$C$9) | F8: =IF(D8="","",IF(D8=MAX($D$2:$D$8),"Best day",""))
A9: Total | B9: =SUM(B2:B8) | C9: =SUM(C2:C8)
A11: Check: days counted match the Daily sales tab | F11: =IF(B9=COUNT('Daily sales'!A2:A200),"OK","CHECK")
A12: Check: total matches the Daily sales tab | F12: =IF(ROUND(C9-SUM('Daily sales'!B2:B200),2)=0,"OK","CHECK")

Sheet How to use
A1: Tidy Tabs: Total Sales by Day of the Week
A3: 1. Daily sales tab: one row per day, with the date in A and that day's sales in B. Column C names the weekday.
A4: 2. C2: =IF(A2="","",TEXT(A2,"ddd")) turns a date into Mon, Tue and so on. Fill it down as far as your data goes (it is ready to row 60).
A5: 3. By weekday tab, C2: =SUMIF('Daily sales'!$C$2:$C$200,A2,'Daily sales'!$B$2:$B$200) adds the sales for each weekday. B2 counts the days with COUNTIF.
A6: 4. D2: =IF(B2=0,"",C2/B2) is the average per day. The short form is =AVERAGEIF('Daily sales'!$C$2:$C$200,"Sat",'Daily sales'!$B$2:$B$200).
A7: 5. Compare averages, not totals, when some weekdays appear more often in your data. F2 marks the weekday with the highest average.
A8: 6. Dates should be real dates. A date stored as text may still get a weekday name in column C, but the COUNT of real dates skips it, so check cell F11 shows CHECK. Re-enter it as a date.
A9: 7. A day with $0.00 sales still counts as a day if it has a row. Days with no row are not counted.
A10: 8. The weekday names are English (Mon to Sun). They work the same for a US-English file in Excel and Google Sheets.
A12: Dates and sales are fictional (28 days from 09/01/2026). Checked in LibreOffice Calc only; not opened in Excel or Google Sheets.
A13: Google Sheets: File > Import > Upload this .xlsx.
