Workbook

Sheet Dates
A1: Item | B1: Value | E1: Weekday list
A2: Year | B2: 2026 | E2: Sunday
A3: Month (1 to 12) | B3: 11 | E3: Monday
A4: Weekday | B4: Saturday | E4: Tuesday
A5: Which one (1 to 5) | B5: 2 | E5: Wednesday
A6: Weekday number (1 = Sunday) | B6: =IFERROR(MATCH(B4,$E$2:$E$8,0),"Check weekday") | E6: Thursday
A7: Inputs OK? | B7: =IF(AND(ISNUMBER(B2),ISNUMBER(B3),ISNUMBER(B5),ISNUMBER(B6)),IF(AND(B2>=1900,B2<=9999,B2=INT(B2),B3>=1,B3<=12,B3=INT(B3),B5>=1,B5<=5,B5=INT(B5)),"Yes","No"),"No") | E7: Friday
A8: Date of the Nth weekday | B8: =IF(B7<>"Yes","Check inputs",IF(MONTH(DATE(B2,B3,1)+MOD(B6-WEEKDAY(DATE(B2,B3,1),1),7)+7*(B5-1))=B3,DATE(B2,B3,1)+MOD(B6-WEEKDAY(DATE(B2,B3,1),1),7)+7*(B5-1),"No such date")) | E8: Saturday
A9: Date of the last such weekday | B9: =IF(B7<>"Yes","Check inputs",EOMONTH(DATE(B2,B3,1),0)-MOD(WEEKDAY(EOMONTH(DATE(B2,B3,1),0),1)-B6,7))
A10: Check: result falls on that weekday | B10: =IF(AND(ISNUMBER(B8),ISNUMBER(B9)),IF(AND(WEEKDAY(B8,1)=B6,WEEKDAY(B9,1)=B6),"OK","CHECK"),IF(ISNUMBER(B9),IF(WEEKDAY(B9,1)=B6,"OK","CHECK"),""))

Sheet Schedule
A1: Month | B1: Date | C1: Weekday
A2: =IF(AND(ISNUMBER(Dates!$B$2),ISNUMBER(Dates!$B$5),ISNUMBER(Dates!$B$6),Dates!$B$2>=1900,Dates!$B$2<=9999,Dates!$B$2=INT(Dates!$B$2),Dates!$B$5>=1,Dates!$B$5<=5,Dates!$B$5=INT(Dates!$B$5)),DATE(Dates!$B$2,1,1),"") | B2: =IF(A2="","",IF(MONTH(A2+MOD(Dates!$B$6-WEEKDAY(A2,1),7)+7*(Dates!$B$5-1))=MONTH(A2),A2+MOD(Dates!$B$6-WEEKDAY(A2,1),7)+7*(Dates!$B$5-1),"No such date")) | C2: =IF(ISNUMBER(B2),Dates!$B$4,"")
A3: =IF(A2="","",EDATE(A2,1)) | B3: =IF(A3="","",IF(MONTH(A3+MOD(Dates!$B$6-WEEKDAY(A3,1),7)+7*(Dates!$B$5-1))=MONTH(A3),A3+MOD(Dates!$B$6-WEEKDAY(A3,1),7)+7*(Dates!$B$5-1),"No such date")) | C3: =IF(ISNUMBER(B3),Dates!$B$4,"")
A4: =IF(A3="","",EDATE(A3,1)) | B4: =IF(A4="","",IF(MONTH(A4+MOD(Dates!$B$6-WEEKDAY(A4,1),7)+7*(Dates!$B$5-1))=MONTH(A4),A4+MOD(Dates!$B$6-WEEKDAY(A4,1),7)+7*(Dates!$B$5-1),"No such date")) | C4: =IF(ISNUMBER(B4),Dates!$B$4,"")
A5: =IF(A4="","",EDATE(A4,1)) | B5: =IF(A5="","",IF(MONTH(A5+MOD(Dates!$B$6-WEEKDAY(A5,1),7)+7*(Dates!$B$5-1))=MONTH(A5),A5+MOD(Dates!$B$6-WEEKDAY(A5,1),7)+7*(Dates!$B$5-1),"No such date")) | C5: =IF(ISNUMBER(B5),Dates!$B$4,"")
A6: =IF(A5="","",EDATE(A5,1)) | B6: =IF(A6="","",IF(MONTH(A6+MOD(Dates!$B$6-WEEKDAY(A6,1),7)+7*(Dates!$B$5-1))=MONTH(A6),A6+MOD(Dates!$B$6-WEEKDAY(A6,1),7)+7*(Dates!$B$5-1),"No such date")) | C6: =IF(ISNUMBER(B6),Dates!$B$4,"")
A7: =IF(A6="","",EDATE(A6,1)) | B7: =IF(A7="","",IF(MONTH(A7+MOD(Dates!$B$6-WEEKDAY(A7,1),7)+7*(Dates!$B$5-1))=MONTH(A7),A7+MOD(Dates!$B$6-WEEKDAY(A7,1),7)+7*(Dates!$B$5-1),"No such date")) | C7: =IF(ISNUMBER(B7),Dates!$B$4,"")
A8: =IF(A7="","",EDATE(A7,1)) | B8: =IF(A8="","",IF(MONTH(A8+MOD(Dates!$B$6-WEEKDAY(A8,1),7)+7*(Dates!$B$5-1))=MONTH(A8),A8+MOD(Dates!$B$6-WEEKDAY(A8,1),7)+7*(Dates!$B$5-1),"No such date")) | C8: =IF(ISNUMBER(B8),Dates!$B$4,"")
A9: =IF(A8="","",EDATE(A8,1)) | B9: =IF(A9="","",IF(MONTH(A9+MOD(Dates!$B$6-WEEKDAY(A9,1),7)+7*(Dates!$B$5-1))=MONTH(A9),A9+MOD(Dates!$B$6-WEEKDAY(A9,1),7)+7*(Dates!$B$5-1),"No such date")) | C9: =IF(ISNUMBER(B9),Dates!$B$4,"")
A10: =IF(A9="","",EDATE(A9,1)) | B10: =IF(A10="","",IF(MONTH(A10+MOD(Dates!$B$6-WEEKDAY(A10,1),7)+7*(Dates!$B$5-1))=MONTH(A10),A10+MOD(Dates!$B$6-WEEKDAY(A10,1),7)+7*(Dates!$B$5-1),"No such date")) | C10: =IF(ISNUMBER(B10),Dates!$B$4,"")
A11: =IF(A10="","",EDATE(A10,1)) | B11: =IF(A11="","",IF(MONTH(A11+MOD(Dates!$B$6-WEEKDAY(A11,1),7)+7*(Dates!$B$5-1))=MONTH(A11),A11+MOD(Dates!$B$6-WEEKDAY(A11,1),7)+7*(Dates!$B$5-1),"No such date")) | C11: =IF(ISNUMBER(B11),Dates!$B$4,"")
A12: =IF(A11="","",EDATE(A11,1)) | B12: =IF(A12="","",IF(MONTH(A12+MOD(Dates!$B$6-WEEKDAY(A12,1),7)+7*(Dates!$B$5-1))=MONTH(A12),A12+MOD(Dates!$B$6-WEEKDAY(A12,1),7)+7*(Dates!$B$5-1),"No such date")) | C12: =IF(ISNUMBER(B12),Dates!$B$4,"")
A13: =IF(A12="","",EDATE(A12,1)) | B13: =IF(A13="","",IF(MONTH(A13+MOD(Dates!$B$6-WEEKDAY(A13,1),7)+7*(Dates!$B$5-1))=MONTH(A13),A13+MOD(Dates!$B$6-WEEKDAY(A13,1),7)+7*(Dates!$B$5-1),"No such date")) | C13: =IF(ISNUMBER(B13),Dates!$B$4,"")

Sheet How to use
A1: Tidy Tabs: Date of the Nth Weekday of a Month
A3: 1. Dates tab: type the year, the month number, pick the weekday from the dropdown and type which one you want (1 to 5) in B2 to B5 (yellow).
A4: 2. B6 turns the weekday name into a number with MATCH (1 = Sunday to 7 = Saturday, the WEEKDAY default).
A5: 3. B8: =DATE(B2,B3,1)+MOD(B6-WEEKDAY(DATE(B2,B3,1),1),7)+7*(B5-1). The first part finds the first wanted weekday on or after the 1st, the last part adds 7 days for each extra week.
A6: 4. B8 is wrapped in a MONTH check. If the result lands in the next month (for example a 5th Saturday that does not exist), it shows No such date.
A7: 5. B9 is the last such weekday of the month: =EOMONTH(DATE(B2,B3,1),0)-MOD(WEEKDAY(EOMONTH(DATE(B2,B3,1),0),1)-B6,7). It steps back from the last day of the month.
A8: 6. A month typed as 13 would roll into the next year inside DATE, so B7 checks the inputs first and the results show Check inputs. A year typed as text does the same.
A9: 7. Schedule tab: the same weekday and number for all 12 months of the year in B2. Change the yellow cells on Dates and it follows.
A11: This is date math only. It does not know about holidays or market rules. Checked in LibreOffice Calc only; not opened in Excel or Google Sheets.
A12: Google Sheets: File > Import > Upload this .xlsx.
