Workbook

Sheet Items
A1: Item | B1: Type | C1: Expires | D1: Days left | E1: Status
A2: Oat milk lotion 8 oz | B2: Lotion | C2: 46313 | D2: =IF(OR(C2="",NOT(ISNUMBER(C2)),NOT(ISNUMBER(Summary!$B$1))),"",C2-Summary!$B$1) | E2: =IF(C2="","",IF(OR(NOT(ISNUMBER(D2)),NOT(ISNUMBER(Summary!$B$2))),"Check",IF(D2<0,"Expired",IF(D2<=Summary!$B$2,"Soon","OK"))))
A3: Lavender hand lotion | B3: Lotion | C3: 46314 | D3: =IF(OR(C3="",NOT(ISNUMBER(C3)),NOT(ISNUMBER(Summary!$B$1))),"",C3-Summary!$B$1) | E3: =IF(C3="","",IF(OR(NOT(ISNUMBER(D3)),NOT(ISNUMBER(Summary!$B$2))),"Check",IF(D3<0,"Expired",IF(D3<=Summary!$B$2,"Soon","OK"))))
A4: Soy wax flakes 10 lb | B4: Candle wax | C4: 46344 | D4: =IF(OR(C4="",NOT(ISNUMBER(C4)),NOT(ISNUMBER(Summary!$B$1))),"",C4-Summary!$B$1) | E4: =IF(C4="","",IF(OR(NOT(ISNUMBER(D4)),NOT(ISNUMBER(Summary!$B$2))),"Check",IF(D4<0,"Expired",IF(D4<=Summary!$B$2,"Soon","OK"))))
A5: Beeswax pellets 5 lb | B5: Candle wax | C5: 46345 | D5: =IF(OR(C5="",NOT(ISNUMBER(C5)),NOT(ISNUMBER(Summary!$B$1))),"",C5-Summary!$B$1) | E5: =IF(C5="","",IF(OR(NOT(ISNUMBER(D5)),NOT(ISNUMBER(Summary!$B$2))),"Check",IF(D5<0,"Expired",IF(D5<=Summary!$B$2,"Soon","OK"))))
A6: Fall market banner | B6: Booth banner order | C6: 46326 | D6: =IF(OR(C6="",NOT(ISNUMBER(C6)),NOT(ISNUMBER(Summary!$B$1))),"",C6-Summary!$B$1) | E6: =IF(C6="","",IF(OR(NOT(ISNUMBER(D6)),NOT(ISNUMBER(Summary!$B$2))),"Check",IF(D6<0,"Expired",IF(D6<=Summary!$B$2,"Soon","OK"))))
A7: Holiday market banner | B7: Booth banner order | C7: 46284 | D7: =IF(OR(C7="",NOT(ISNUMBER(C7)),NOT(ISNUMBER(Summary!$B$1))),"",C7-Summary!$B$1) | E7: =IF(C7="","",IF(OR(NOT(ISNUMBER(D7)),NOT(ISNUMBER(Summary!$B$2))),"Check",IF(D7<0,"Expired",IF(D7<=Summary!$B$2,"Soon","OK"))))
A8: Vendor ID card, Ana | B8: Market vendor ID card | C8: 46319 | D8: =IF(OR(C8="",NOT(ISNUMBER(C8)),NOT(ISNUMBER(Summary!$B$1))),"",C8-Summary!$B$1) | E8: =IF(C8="","",IF(OR(NOT(ISNUMBER(D8)),NOT(ISNUMBER(Summary!$B$2))),"Check",IF(D8<0,"Expired",IF(D8<=Summary!$B$2,"Soon","OK"))))
A9: Vendor ID card, Ben | B9: Market vendor ID card | C9: 46404 | D9: =IF(OR(C9="",NOT(ISNUMBER(C9)),NOT(ISNUMBER(Summary!$B$1))),"",C9-Summary!$B$1) | E9: =IF(C9="","",IF(OR(NOT(ISNUMBER(D9)),NOT(ISNUMBER(Summary!$B$2))),"Check",IF(D9<0,"Expired",IF(D9<=Summary!$B$2,"Soon","OK"))))
A10: Shea butter lotion | B10: Lotion | C10: 46335 | D10: =IF(OR(C10="",NOT(ISNUMBER(C10)),NOT(ISNUMBER(Summary!$B$1))),"",C10-Summary!$B$1) | E10: =IF(C10="","",IF(OR(NOT(ISNUMBER(D10)),NOT(ISNUMBER(Summary!$B$2))),"Check",IF(D10<0,"Expired",IF(D10<=Summary!$B$2,"Soon","OK"))))
A11: Cedar candle wax 25 lb | B11: Candle wax | C11: 46343 | D11: =IF(OR(C11="",NOT(ISNUMBER(C11)),NOT(ISNUMBER(Summary!$B$1))),"",C11-Summary!$B$1) | E11: =IF(C11="","",IF(OR(NOT(ISNUMBER(D11)),NOT(ISNUMBER(Summary!$B$2))),"Check",IF(D11<0,"Expired",IF(D11<=Summary!$B$2,"Soon","OK"))))
A12: Spring market banner | B12: Booth banner order | C12: 46359 | D12: =IF(OR(C12="",NOT(ISNUMBER(C12)),NOT(ISNUMBER(Summary!$B$1))),"",C12-Summary!$B$1) | E12: =IF(C12="","",IF(OR(NOT(ISNUMBER(D12)),NOT(ISNUMBER(Summary!$B$2))),"Check",IF(D12<0,"Expired",IF(D12<=Summary!$B$2,"Soon","OK"))))
A13: Vendor ID card, Cleo | B13: Market vendor ID card | C13: 46322 | D13: =IF(OR(C13="",NOT(ISNUMBER(C13)),NOT(ISNUMBER(Summary!$B$1))),"",C13-Summary!$B$1) | E13: =IF(C13="","",IF(OR(NOT(ISNUMBER(D13)),NOT(ISNUMBER(Summary!$B$2))),"Check",IF(D13<0,"Expired",IF(D13<=Summary!$B$2,"Soon","OK"))))
... A21: Vendor ID card, Eli | B21: Market vendor ID card | C21: 46302 | D21: =IF(OR(C21="",NOT(ISNUMBER(C21)),NOT(ISNUMBER(Summary!$B$1))),"",C21-Summary!$B$1) | E21: =IF(C21="","",IF(OR(NOT(ISNUMBER(D21)),NOT(ISNUMBER(Summary!$B$2))),"Check",IF(D21<0,"Expired",IF(D21<=Summary!$B$2,"Soon","OK"))))
D22: =IF(OR(C22="",NOT(ISNUMBER(C22)),NOT(ISNUMBER(Summary!$B$1))),"",C22-Summary!$B$1) | E22: =IF(C22="","",IF(OR(NOT(ISNUMBER(D22)),NOT(ISNUMBER(Summary!$B$2))),"Check",IF(D22<0,"Expired",IF(D22<=Summary!$B$2,"Soon","OK"))))
D23: =IF(OR(C23="",NOT(ISNUMBER(C23)),NOT(ISNUMBER(Summary!$B$1))),"",C23-Summary!$B$1) | E23: =IF(C23="","",IF(OR(NOT(ISNUMBER(D23)),NOT(ISNUMBER(Summary!$B$2))),"Check",IF(D23<0,"Expired",IF(D23<=Summary!$B$2,"Soon","OK"))))
D24: =IF(OR(C24="",NOT(ISNUMBER(C24)),NOT(ISNUMBER(Summary!$B$1))),"",C24-Summary!$B$1) | E24: =IF(C24="","",IF(OR(NOT(ISNUMBER(D24)),NOT(ISNUMBER(Summary!$B$2))),"Check",IF(D24<0,"Expired",IF(D24<=Summary!$B$2,"Soon","OK"))))
D25: =IF(OR(C25="",NOT(ISNUMBER(C25)),NOT(ISNUMBER(Summary!$B$1))),"",C25-Summary!$B$1) | E25: =IF(C25="","",IF(OR(NOT(ISNUMBER(D25)),NOT(ISNUMBER(Summary!$B$2))),"Check",IF(D25<0,"Expired",IF(D25<=Summary!$B$2,"Soon","OK"))))
D26: =IF(OR(C26="",NOT(ISNUMBER(C26)),NOT(ISNUMBER(Summary!$B$1))),"",C26-Summary!$B$1) | E26: =IF(C26="","",IF(OR(NOT(ISNUMBER(D26)),NOT(ISNUMBER(Summary!$B$2))),"Check",IF(D26<0,"Expired",IF(D26<=Summary!$B$2,"Soon","OK"))))
D27: =IF(OR(C27="",NOT(ISNUMBER(C27)),NOT(ISNUMBER(Summary!$B$1))),"",C27-Summary!$B$1) | E27: =IF(C27="","",IF(OR(NOT(ISNUMBER(D27)),NOT(ISNUMBER(Summary!$B$2))),"Check",IF(D27<0,"Expired",IF(D27<=Summary!$B$2,"Soon","OK"))))
D28: =IF(OR(C28="",NOT(ISNUMBER(C28)),NOT(ISNUMBER(Summary!$B$1))),"",C28-Summary!$B$1) | E28: =IF(C28="","",IF(OR(NOT(ISNUMBER(D28)),NOT(ISNUMBER(Summary!$B$2))),"Check",IF(D28<0,"Expired",IF(D28<=Summary!$B$2,"Soon","OK"))))
D29: =IF(OR(C29="",NOT(ISNUMBER(C29)),NOT(ISNUMBER(Summary!$B$1))),"",C29-Summary!$B$1) | E29: =IF(C29="","",IF(OR(NOT(ISNUMBER(D29)),NOT(ISNUMBER(Summary!$B$2))),"Check",IF(D29<0,"Expired",IF(D29<=Summary!$B$2,"Soon","OK"))))
D30: =IF(OR(C30="",NOT(ISNUMBER(C30)),NOT(ISNUMBER(Summary!$B$1))),"",C30-Summary!$B$1) | E30: =IF(C30="","",IF(OR(NOT(ISNUMBER(D30)),NOT(ISNUMBER(Summary!$B$2))),"Check",IF(D30<0,"Expired",IF(D30<=Summary!$B$2,"Soon","OK"))))
D31: =IF(OR(C31="",NOT(ISNUMBER(C31)),NOT(ISNUMBER(Summary!$B$1))),"",C31-Summary!$B$1) | E31: =IF(C31="","",IF(OR(NOT(ISNUMBER(D31)),NOT(ISNUMBER(Summary!$B$2))),"Check",IF(D31<0,"Expired",IF(D31<=Summary!$B$2,"Soon","OK"))))
D32: =IF(OR(C32="",NOT(ISNUMBER(C32)),NOT(ISNUMBER(Summary!$B$1))),"",C32-Summary!$B$1) | E32: =IF(C32="","",IF(OR(NOT(ISNUMBER(D32)),NOT(ISNUMBER(Summary!$B$2))),"Check",IF(D32<0,"Expired",IF(D32<=Summary!$B$2,"Soon","OK"))))
D33: =IF(OR(C33="",NOT(ISNUMBER(C33)),NOT(ISNUMBER(Summary!$B$1))),"",C33-Summary!$B$1) | E33: =IF(C33="","",IF(OR(NOT(ISNUMBER(D33)),NOT(ISNUMBER(Summary!$B$2))),"Check",IF(D33<0,"Expired",IF(D33<=Summary!$B$2,"Soon","OK"))))
... D60: =IF(OR(C60="",NOT(ISNUMBER(C60)),NOT(ISNUMBER(Summary!$B$1))),"",C60-Summary!$B$1) | E60: =IF(C60="","",IF(OR(NOT(ISNUMBER(D60)),NOT(ISNUMBER(Summary!$B$2))),"Check",IF(D60<0,"Expired",IF(D60<=Summary!$B$2,"Soon","OK"))))

Sheet Summary
A1: As-of date (type today's date) | B1: 46314
A2: Warning window (days) | B2: 30
A3: Items expired (before the as-of date) | B3: =COUNTIF(Items!$E$2:$E$60,"Expired")
A4: Items expiring soon (0 to the window) | B4: =COUNTIF(Items!$E$2:$E$60,"Soon")
A5: Items OK (past the window) | B5: =COUNTIF(Items!$E$2:$E$60,"OK")
A6: Rows to check (date typed as text) | B6: =COUNTIF(Items!$E$2:$E$60,"Check")
A7: Rows with an Expires entry | B7: =COUNTA(Items!$C$2:$C$60)
A8: Dates from the as-of date through the window (COUNTIFS) | B8: =IF(AND(ISNUMBER(B1),ISNUMBER(B2)),COUNTIFS(Items!$C$2:$C$60,">="&B1,Items!$C$2:$C$60,"<="&B1+B2),"")
A9: Check: Expired + Soon + OK = real dates, COUNTIFS = Soon, nothing to check | B9: =IF(NOT(AND(ISNUMBER(B1),ISNUMBER(B2))),"Check settings",IF(AND(B3+B4+B5=COUNT(Items!$C$2:$C$60),B6=0,B4=B8),"OK","CHECK"))

Sheet How to use
A1: Tidy Tabs: Highlight Dates That Are Coming Up Soon
A3: 1. Summary tab: type the as-of date in B1 (yellow) and how many days ahead to warn in B2. The sheet does not use TODAY, so type a new date when you open it.
A4: 2. Items tab: one row per item with its Expires date in C (yellow). Rows 2 to 60 have formulas ready.
A5: 3. Days left D2: =C2-Summary!$B$1. Negative means the date has passed.
A6: 4. Status E2: Expired when Days left is below 0, Soon when it is 0 up to the warning window, OK after that. An item that expires on the as-of date is Soon; one that expires the day before is Expired.
A7: 5. Colors: the rows are colored by conditional formatting rules that read the Status text (red for Expired, amber for Soon). The Status words also print in black and white.
A8: 6. To build the rule yourself: select A2:E60, then Home > Conditional Formatting > New Rule > Use a formula, and type =$E2="Soon". In Google Sheets use Format > Conditional formatting > Custom formula is. Microsoft and Google help pages describe the dialogs.
A9: 7. A date typed as text (usually left-aligned) shows Check and is left out of the counts. A blank date has no status.
A10: 8. Summary B8 counts dates from the as-of date through the window with COUNTIFS. B9 shows OK when Expired + Soon + OK equals the real dates, B8 equals the Soon count and no row needs checking.
A11: 9. Dates only. This sheet does not know shelf life, safety or regulatory rules for any product.
A12: 10. The print area covers the first 40 rows. Change the print area to print more.
A14: Items and dates are fictional. The sheet's formulas and the rule text were checked in LibreOffice Calc only; the colors were not opened in Excel or Google Sheets.
A15: Google Sheets: File > Import > Upload this .xlsx.
