Workbook

Sheet Calculator
A1: Dimensional weight and billable weight for one box
A2: Type in the yellow cells. Inches and pounds. Fictional example.
A4: Length (in) | B4: 12
A5: Width (in) | B5: 10
A6: Height (in) | B6: 8
A7: Actual weight (lb) | B7: 4.2
A8: Divisor (check your carrier) | B8: 139 | C8: Carrier divisors differ and change. Look up the current one on your carrier's site.
A10: Volume (cubic inches) | B10: =IF(AND(COUNT(B4:B8)=5,B4>0,B5>0,B6>0,B7>=0,B8>0),B4*B5*B6,"Check inputs")
A11: Dimensional weight (lb, rounded up) | B11: =IF(AND(COUNT(B4:B8)=5,B4>0,B5>0,B6>0,B7>=0,B8>0),ROUNDUP(ROUND(B4*B5*B6/B8,8),0),"Check inputs")
A12: Actual weight (lb, rounded up) | B12: =IF(AND(COUNT(B4:B8)=5,B4>0,B5>0,B6>0,B7>=0,B8>0),ROUNDUP(ROUND(B7,8),0),"Check inputs")
A13: Billable weight (lb) | B13: =IF(AND(COUNT(B4:B8)=5,B4>0,B5>0,B6>0,B7>=0,B8>0),MAX(B11,B12),"Check inputs")
A14: Which one applies | B14: =IF(AND(COUNT(B4:B8)=5,B4>0,B5>0,B6>0,B7>=0,B8>0),IF(B11>B12,"Dimensional","Actual"),"Check inputs")

Sheet Packages
A1: Box | B1: Length (in) | C1: Width (in) | D1: Height (in) | E1: Actual (lb) | F1: Dimensional (lb) | G1: Billable (lb) | H1: Applies | J1: Boxes listed | K1: =COUNTA(A2:A100)
A2: Candle set, small | B2: 8 | C2: 6 | D2: 6 | E2: 2.4 | F2: =IF(A2="","",IF(AND(COUNT(B2:E2)=4,B2>0,C2>0,D2>0,E2>=0,ISNUMBER(Calculator!$B$8),Calculator!$B$8>0),ROUNDUP(ROUND(B2*C2*D2/Calculator!$B$8,8),0),"Check inputs")) | G2: =IF(A2="","",IF(AND(COUNT(B2:E2)=4,B2>0,C2>0,D2>0,E2>=0,ISNUMBER(Calculator!$B$8),Calculator!$B$8>0),MAX(F2,ROUNDUP(ROUND(E2,8),0)),"Check inputs")) | H2: =IF(A2="","",IF(AND(COUNT(B2:E2)=4,B2>0,C2>0,D2>0,E2>=0,ISNUMBER(Calculator!$B$8),Calculator!$B$8>0),IF(F2>ROUNDUP(ROUND(E2,8),0),"Dimensional","Actual"),"Check inputs")) | J2: Boxes billed by dimensional weight | K2: =COUNTIF(H2:H100,"Dimensional")
A3: Candle set, large | B3: 12 | C3: 10 | D3: 8 | E3: 4.2 | F3: =IF(A3="","",IF(AND(COUNT(B3:E3)=4,B3>0,C3>0,D3>0,E3>=0,ISNUMBER(Calculator!$B$8),Calculator!$B$8>0),ROUNDUP(ROUND(B3*C3*D3/Calculator!$B$8,8),0),"Check inputs")) | G3: =IF(A3="","",IF(AND(COUNT(B3:E3)=4,B3>0,C3>0,D3>0,E3>=0,ISNUMBER(Calculator!$B$8),Calculator!$B$8>0),MAX(F3,ROUNDUP(ROUND(E3,8),0)),"Check inputs")) | H3: =IF(A3="","",IF(AND(COUNT(B3:E3)=4,B3>0,C3>0,D3>0,E3>=0,ISNUMBER(Calculator!$B$8),Calculator!$B$8>0),IF(F3>ROUNDUP(ROUND(E3,8),0),"Dimensional","Actual"),"Check inputs")) | J3: Boxes billed by actual weight | K3: =COUNTIF(H2:H100,"Actual")
A4: Ceramic mug pair | B4: 9 | C4: 9 | D4: 6 | E4: 3.1 | F4: =IF(A4="","",IF(AND(COUNT(B4:E4)=4,B4>0,C4>0,D4>0,E4>=0,ISNUMBER(Calculator!$B$8),Calculator!$B$8>0),ROUNDUP(ROUND(B4*C4*D4/Calculator!$B$8,8),0),"Check inputs")) | G4: =IF(A4="","",IF(AND(COUNT(B4:E4)=4,B4>0,C4>0,D4>0,E4>=0,ISNUMBER(Calculator!$B$8),Calculator!$B$8>0),MAX(F4,ROUNDUP(ROUND(E4,8),0)),"Check inputs")) | H4: =IF(A4="","",IF(AND(COUNT(B4:E4)=4,B4>0,C4>0,D4>0,E4>=0,ISNUMBER(Calculator!$B$8),Calculator!$B$8>0),IF(F4>ROUNDUP(ROUND(E4,8),0),"Dimensional","Actual"),"Check inputs")) | J4: Total billable weight (lb) | K4: =SUM(G2:G100)
A5: Tote bag order | B5: 14 | C5: 12 | D5: 4 | E5: 1.8 | F5: =IF(A5="","",IF(AND(COUNT(B5:E5)=4,B5>0,C5>0,D5>0,E5>=0,ISNUMBER(Calculator!$B$8),Calculator!$B$8>0),ROUNDUP(ROUND(B5*C5*D5/Calculator!$B$8,8),0),"Check inputs")) | G5: =IF(A5="","",IF(AND(COUNT(B5:E5)=4,B5>0,C5>0,D5>0,E5>=0,ISNUMBER(Calculator!$B$8),Calculator!$B$8>0),MAX(F5,ROUNDUP(ROUND(E5,8),0)),"Check inputs")) | H5: =IF(A5="","",IF(AND(COUNT(B5:E5)=4,B5>0,C5>0,D5>0,E5>=0,ISNUMBER(Calculator!$B$8),Calculator!$B$8>0),IF(F5>ROUNDUP(ROUND(E5,8),0),"Dimensional","Actual"),"Check inputs")) | J5: Divisor used (set on the Calculator tab) | K5: =Calculator!B8
A6: Soap gift box | B6: 7 | C6: 5 | D6: 4 | E6: 1.2 | F6: =IF(A6="","",IF(AND(COUNT(B6:E6)=4,B6>0,C6>0,D6>0,E6>=0,ISNUMBER(Calculator!$B$8),Calculator!$B$8>0),ROUNDUP(ROUND(B6*C6*D6/Calculator!$B$8,8),0),"Check inputs")) | G6: =IF(A6="","",IF(AND(COUNT(B6:E6)=4,B6>0,C6>0,D6>0,E6>=0,ISNUMBER(Calculator!$B$8),Calculator!$B$8>0),MAX(F6,ROUNDUP(ROUND(E6,8),0)),"Check inputs")) | H6: =IF(A6="","",IF(AND(COUNT(B6:E6)=4,B6>0,C6>0,D6>0,E6>=0,ISNUMBER(Calculator!$B$8),Calculator!$B$8>0),IF(F6>ROUNDUP(ROUND(E6,8),0),"Dimensional","Actual"),"Check inputs")) | J6: Check: every listed box has numbers | K6: =IF(AND(COUNT(F2:F100)=COUNTA(A2:A100),COUNTA(A2:A100)>0,SUMPRODUCT((A2:A100="")*((B2:B100<>"")+(C2:C100<>"")+(D2:D100<>"")+(E2:E100<>"")))=0),"OK","CHECK")
A7: Print, framed 16x20 | B7: 22 | C7: 18 | D7: 3 | E7: 6.5 | F7: =IF(A7="","",IF(AND(COUNT(B7:E7)=4,B7>0,C7>0,D7>0,E7>=0,ISNUMBER(Calculator!$B$8),Calculator!$B$8>0),ROUNDUP(ROUND(B7*C7*D7/Calculator!$B$8,8),0),"Check inputs")) | G7: =IF(A7="","",IF(AND(COUNT(B7:E7)=4,B7>0,C7>0,D7>0,E7>=0,ISNUMBER(Calculator!$B$8),Calculator!$B$8>0),MAX(F7,ROUNDUP(ROUND(E7,8),0)),"Check inputs")) | H7: =IF(A7="","",IF(AND(COUNT(B7:E7)=4,B7>0,C7>0,D7>0,E7>=0,ISNUMBER(Calculator!$B$8),Calculator!$B$8>0),IF(F7>ROUNDUP(ROUND(E7,8),0),"Dimensional","Actual"),"Check inputs"))
A8: Pillow cover bundle | B8: 16 | C8: 14 | D8: 10 | E8: 2 | F8: =IF(A8="","",IF(AND(COUNT(B8:E8)=4,B8>0,C8>0,D8>0,E8>=0,ISNUMBER(Calculator!$B$8),Calculator!$B$8>0),ROUNDUP(ROUND(B8*C8*D8/Calculator!$B$8,8),0),"Check inputs")) | G8: =IF(A8="","",IF(AND(COUNT(B8:E8)=4,B8>0,C8>0,D8>0,E8>=0,ISNUMBER(Calculator!$B$8),Calculator!$B$8>0),MAX(F8,ROUNDUP(ROUND(E8,8),0)),"Check inputs")) | H8: =IF(A8="","",IF(AND(COUNT(B8:E8)=4,B8>0,C8>0,D8>0,E8>=0,ISNUMBER(Calculator!$B$8),Calculator!$B$8>0),IF(F8>ROUNDUP(ROUND(E8,8),0),"Dimensional","Actual"),"Check inputs"))
A9: Jewelry mailer | B9: 6 | C9: 4 | D9: 2 | E9: 0.4 | F9: =IF(A9="","",IF(AND(COUNT(B9:E9)=4,B9>0,C9>0,D9>0,E9>=0,ISNUMBER(Calculator!$B$8),Calculator!$B$8>0),ROUNDUP(ROUND(B9*C9*D9/Calculator!$B$8,8),0),"Check inputs")) | G9: =IF(A9="","",IF(AND(COUNT(B9:E9)=4,B9>0,C9>0,D9>0,E9>=0,ISNUMBER(Calculator!$B$8),Calculator!$B$8>0),MAX(F9,ROUNDUP(ROUND(E9,8),0)),"Check inputs")) | H9: =IF(A9="","",IF(AND(COUNT(B9:E9)=4,B9>0,C9>0,D9>0,E9>=0,ISNUMBER(Calculator!$B$8),Calculator!$B$8>0),IF(F9>ROUNDUP(ROUND(E9,8),0),"Dimensional","Actual"),"Check inputs"))
A10: Tea tin case | B10: 10 | C10: 10 | D10: 10 | E10: 8.7 | F10: =IF(A10="","",IF(AND(COUNT(B10:E10)=4,B10>0,C10>0,D10>0,E10>=0,ISNUMBER(Calculator!$B$8),Calculator!$B$8>0),ROUNDUP(ROUND(B10*C10*D10/Calculator!$B$8,8),0),"Check inputs")) | G10: =IF(A10="","",IF(AND(COUNT(B10:E10)=4,B10>0,C10>0,D10>0,E10>=0,ISNUMBER(Calculator!$B$8),Calculator!$B$8>0),MAX(F10,ROUNDUP(ROUND(E10,8),0)),"Check inputs")) | H10: =IF(A10="","",IF(AND(COUNT(B10:E10)=4,B10>0,C10>0,D10>0,E10>=0,ISNUMBER(Calculator!$B$8),Calculator!$B$8>0),IF(F10>ROUNDUP(ROUND(E10,8),0),"Dimensional","Actual"),"Check inputs"))
A11: Planter, medium | B11: 12 | C11: 12 | D11: 12 | E11: 9 | F11: =IF(A11="","",IF(AND(COUNT(B11:E11)=4,B11>0,C11>0,D11>0,E11>=0,ISNUMBER(Calculator!$B$8),Calculator!$B$8>0),ROUNDUP(ROUND(B11*C11*D11/Calculator!$B$8,8),0),"Check inputs")) | G11: =IF(A11="","",IF(AND(COUNT(B11:E11)=4,B11>0,C11>0,D11>0,E11>=0,ISNUMBER(Calculator!$B$8),Calculator!$B$8>0),MAX(F11,ROUNDUP(ROUND(E11,8),0)),"Check inputs")) | H11: =IF(A11="","",IF(AND(COUNT(B11:E11)=4,B11>0,C11>0,D11>0,E11>=0,ISNUMBER(Calculator!$B$8),Calculator!$B$8>0),IF(F11>ROUNDUP(ROUND(E11,8),0),"Dimensional","Actual"),"Check inputs"))
A12: Sticker roll tube | B12: 24 | C12: 4 | D12: 4 | E12: 1.1 | F12: =IF(A12="","",IF(AND(COUNT(B12:E12)=4,B12>0,C12>0,D12>0,E12>=0,ISNUMBER(Calculator!$B$8),Calculator!$B$8>0),ROUNDUP(ROUND(B12*C12*D12/Calculator!$B$8,8),0),"Check inputs")) | G12: =IF(A12="","",IF(AND(COUNT(B12:E12)=4,B12>0,C12>0,D12>0,E12>=0,ISNUMBER(Calculator!$B$8),Calculator!$B$8>0),MAX(F12,ROUNDUP(ROUND(E12,8),0)),"Check inputs")) | H12: =IF(A12="","",IF(AND(COUNT(B12:E12)=4,B12>0,C12>0,D12>0,E12>=0,ISNUMBER(Calculator!$B$8),Calculator!$B$8>0),IF(F12>ROUNDUP(ROUND(E12,8),0),"Dimensional","Actual"),"Check inputs"))
A13: Wall art, large | B13: 30 | C13: 20 | D13: 4 | E13: 5.5 | F13: =IF(A13="","",IF(AND(COUNT(B13:E13)=4,B13>0,C13>0,D13>0,E13>=0,ISNUMBER(Calculator!$B$8),Calculator!$B$8>0),ROUNDUP(ROUND(B13*C13*D13/Calculator!$B$8,8),0),"Check inputs")) | G13: =IF(A13="","",IF(AND(COUNT(B13:E13)=4,B13>0,C13>0,D13>0,E13>=0,ISNUMBER(Calculator!$B$8),Calculator!$B$8>0),MAX(F13,ROUNDUP(ROUND(E13,8),0)),"Check inputs")) | H13: =IF(A13="","",IF(AND(COUNT(B13:E13)=4,B13>0,C13>0,D13>0,E13>=0,ISNUMBER(Calculator!$B$8),Calculator!$B$8>0),IF(F13>ROUNDUP(ROUND(E13,8),0),"Dimensional","Actual"),"Check inputs"))
F14: =IF(A14="","",IF(AND(COUNT(B14:E14)=4,B14>0,C14>0,D14>0,E14>=0,ISNUMBER(Calculator!$B$8),Calculator!$B$8>0),ROUNDUP(ROUND(B14*C14*D14/Calculator!$B$8,8),0),"Check inputs")) | G14: =IF(A14="","",IF(AND(COUNT(B14:E14)=4,B14>0,C14>0,D14>0,E14>=0,ISNUMBER(Calculator!$B$8),Calculator!$B$8>0),MAX(F14,ROUNDUP(ROUND(E14,8),0)),"Check inputs")) | H14: =IF(A14="","",IF(AND(COUNT(B14:E14)=4,B14>0,C14>0,D14>0,E14>=0,ISNUMBER(Calculator!$B$8),Calculator!$B$8>0),IF(F14>ROUNDUP(ROUND(E14,8),0),"Dimensional","Actual"),"Check inputs"))
F15: =IF(A15="","",IF(AND(COUNT(B15:E15)=4,B15>0,C15>0,D15>0,E15>=0,ISNUMBER(Calculator!$B$8),Calculator!$B$8>0),ROUNDUP(ROUND(B15*C15*D15/Calculator!$B$8,8),0),"Check inputs")) | G15: =IF(A15="","",IF(AND(COUNT(B15:E15)=4,B15>0,C15>0,D15>0,E15>=0,ISNUMBER(Calculator!$B$8),Calculator!$B$8>0),MAX(F15,ROUNDUP(ROUND(E15,8),0)),"Check inputs")) | H15: =IF(A15="","",IF(AND(COUNT(B15:E15)=4,B15>0,C15>0,D15>0,E15>=0,ISNUMBER(Calculator!$B$8),Calculator!$B$8>0),IF(F15>ROUNDUP(ROUND(E15,8),0),"Dimensional","Actual"),"Check inputs"))
F16: =IF(A16="","",IF(AND(COUNT(B16:E16)=4,B16>0,C16>0,D16>0,E16>=0,ISNUMBER(Calculator!$B$8),Calculator!$B$8>0),ROUNDUP(ROUND(B16*C16*D16/Calculator!$B$8,8),0),"Check inputs")) | G16: =IF(A16="","",IF(AND(COUNT(B16:E16)=4,B16>0,C16>0,D16>0,E16>=0,ISNUMBER(Calculator!$B$8),Calculator!$B$8>0),MAX(F16,ROUNDUP(ROUND(E16,8),0)),"Check inputs")) | H16: =IF(A16="","",IF(AND(COUNT(B16:E16)=4,B16>0,C16>0,D16>0,E16>=0,ISNUMBER(Calculator!$B$8),Calculator!$B$8>0),IF(F16>ROUNDUP(ROUND(E16,8),0),"Dimensional","Actual"),"Check inputs"))
F17: =IF(A17="","",IF(AND(COUNT(B17:E17)=4,B17>0,C17>0,D17>0,E17>=0,ISNUMBER(Calculator!$B$8),Calculator!$B$8>0),ROUNDUP(ROUND(B17*C17*D17/Calculator!$B$8,8),0),"Check inputs")) | G17: =IF(A17="","",IF(AND(COUNT(B17:E17)=4,B17>0,C17>0,D17>0,E17>=0,ISNUMBER(Calculator!$B$8),Calculator!$B$8>0),MAX(F17,ROUNDUP(ROUND(E17,8),0)),"Check inputs")) | H17: =IF(A17="","",IF(AND(COUNT(B17:E17)=4,B17>0,C17>0,D17>0,E17>=0,ISNUMBER(Calculator!$B$8),Calculator!$B$8>0),IF(F17>ROUNDUP(ROUND(E17,8),0),"Dimensional","Actual"),"Check inputs"))
F18: =IF(A18="","",IF(AND(COUNT(B18:E18)=4,B18>0,C18>0,D18>0,E18>=0,ISNUMBER(Calculator!$B$8),Calculator!$B$8>0),ROUNDUP(ROUND(B18*C18*D18/Calculator!$B$8,8),0),"Check inputs")) | G18: =IF(A18="","",IF(AND(COUNT(B18:E18)=4,B18>0,C18>0,D18>0,E18>=0,ISNUMBER(Calculator!$B$8),Calculator!$B$8>0),MAX(F18,ROUNDUP(ROUND(E18,8),0)),"Check inputs")) | H18: =IF(A18="","",IF(AND(COUNT(B18:E18)=4,B18>0,C18>0,D18>0,E18>=0,ISNUMBER(Calculator!$B$8),Calculator!$B$8>0),IF(F18>ROUNDUP(ROUND(E18,8),0),"Dimensional","Actual"),"Check inputs"))
F19: =IF(A19="","",IF(AND(COUNT(B19:E19)=4,B19>0,C19>0,D19>0,E19>=0,ISNUMBER(Calculator!$B$8),Calculator!$B$8>0),ROUNDUP(ROUND(B19*C19*D19/Calculator!$B$8,8),0),"Check inputs")) | G19: =IF(A19="","",IF(AND(COUNT(B19:E19)=4,B19>0,C19>0,D19>0,E19>=0,ISNUMBER(Calculator!$B$8),Calculator!$B$8>0),MAX(F19,ROUNDUP(ROUND(E19,8),0)),"Check inputs")) | H19: =IF(A19="","",IF(AND(COUNT(B19:E19)=4,B19>0,C19>0,D19>0,E19>=0,ISNUMBER(Calculator!$B$8),Calculator!$B$8>0),IF(F19>ROUNDUP(ROUND(E19,8),0),"Dimensional","Actual"),"Check inputs"))
F20: =IF(A20="","",IF(AND(COUNT(B20:E20)=4,B20>0,C20>0,D20>0,E20>=0,ISNUMBER(Calculator!$B$8),Calculator!$B$8>0),ROUNDUP(ROUND(B20*C20*D20/Calculator!$B$8,8),0),"Check inputs")) | G20: =IF(A20="","",IF(AND(COUNT(B20:E20)=4,B20>0,C20>0,D20>0,E20>=0,ISNUMBER(Calculator!$B$8),Calculator!$B$8>0),MAX(F20,ROUNDUP(ROUND(E20,8),0)),"Check inputs")) | H20: =IF(A20="","",IF(AND(COUNT(B20:E20)=4,B20>0,C20>0,D20>0,E20>=0,ISNUMBER(Calculator!$B$8),Calculator!$B$8>0),IF(F20>ROUNDUP(ROUND(E20,8),0),"Dimensional","Actual"),"Check inputs"))
F21: =IF(A21="","",IF(AND(COUNT(B21:E21)=4,B21>0,C21>0,D21>0,E21>=0,ISNUMBER(Calculator!$B$8),Calculator!$B$8>0),ROUNDUP(ROUND(B21*C21*D21/Calculator!$B$8,8),0),"Check inputs")) | G21: =IF(A21="","",IF(AND(COUNT(B21:E21)=4,B21>0,C21>0,D21>0,E21>=0,ISNUMBER(Calculator!$B$8),Calculator!$B$8>0),MAX(F21,ROUNDUP(ROUND(E21,8),0)),"Check inputs")) | H21: =IF(A21="","",IF(AND(COUNT(B21:E21)=4,B21>0,C21>0,D21>0,E21>=0,ISNUMBER(Calculator!$B$8),Calculator!$B$8>0),IF(F21>ROUNDUP(ROUND(E21,8),0),"Dimensional","Actual"),"Check inputs"))
F22: =IF(A22="","",IF(AND(COUNT(B22:E22)=4,B22>0,C22>0,D22>0,E22>=0,ISNUMBER(Calculator!$B$8),Calculator!$B$8>0),ROUNDUP(ROUND(B22*C22*D22/Calculator!$B$8,8),0),"Check inputs")) | G22: =IF(A22="","",IF(AND(COUNT(B22:E22)=4,B22>0,C22>0,D22>0,E22>=0,ISNUMBER(Calculator!$B$8),Calculator!$B$8>0),MAX(F22,ROUNDUP(ROUND(E22,8),0)),"Check inputs")) | H22: =IF(A22="","",IF(AND(COUNT(B22:E22)=4,B22>0,C22>0,D22>0,E22>=0,ISNUMBER(Calculator!$B$8),Calculator!$B$8>0),IF(F22>ROUNDUP(ROUND(E22,8),0),"Dimensional","Actual"),"Check inputs"))
F23: =IF(A23="","",IF(AND(COUNT(B23:E23)=4,B23>0,C23>0,D23>0,E23>=0,ISNUMBER(Calculator!$B$8),Calculator!$B$8>0),ROUNDUP(ROUND(B23*C23*D23/Calculator!$B$8,8),0),"Check inputs")) | G23: =IF(A23="","",IF(AND(COUNT(B23:E23)=4,B23>0,C23>0,D23>0,E23>=0,ISNUMBER(Calculator!$B$8),Calculator!$B$8>0),MAX(F23,ROUNDUP(ROUND(E23,8),0)),"Check inputs")) | H23: =IF(A23="","",IF(AND(COUNT(B23:E23)=4,B23>0,C23>0,D23>0,E23>=0,ISNUMBER(Calculator!$B$8),Calculator!$B$8>0),IF(F23>ROUNDUP(ROUND(E23,8),0),"Dimensional","Actual"),"Check inputs"))
F24: =IF(A24="","",IF(AND(COUNT(B24:E24)=4,B24>0,C24>0,D24>0,E24>=0,ISNUMBER(Calculator!$B$8),Calculator!$B$8>0),ROUNDUP(ROUND(B24*C24*D24/Calculator!$B$8,8),0),"Check inputs")) | G24: =IF(A24="","",IF(AND(COUNT(B24:E24)=4,B24>0,C24>0,D24>0,E24>=0,ISNUMBER(Calculator!$B$8),Calculator!$B$8>0),MAX(F24,ROUNDUP(ROUND(E24,8),0)),"Check inputs")) | H24: =IF(A24="","",IF(AND(COUNT(B24:E24)=4,B24>0,C24>0,D24>0,E24>=0,ISNUMBER(Calculator!$B$8),Calculator!$B$8>0),IF(F24>ROUNDUP(ROUND(E24,8),0),"Dimensional","Actual"),"Check inputs"))
F25: =IF(A25="","",IF(AND(COUNT(B25:E25)=4,B25>0,C25>0,D25>0,E25>=0,ISNUMBER(Calculator!$B$8),Calculator!$B$8>0),ROUNDUP(ROUND(B25*C25*D25/Calculator!$B$8,8),0),"Check inputs")) | G25: =IF(A25="","",IF(AND(COUNT(B25:E25)=4,B25>0,C25>0,D25>0,E25>=0,ISNUMBER(Calculator!$B$8),Calculator!$B$8>0),MAX(F25,ROUNDUP(ROUND(E25,8),0)),"Check inputs")) | H25: =IF(A25="","",IF(AND(COUNT(B25:E25)=4,B25>0,C25>0,D25>0,E25>=0,ISNUMBER(Calculator!$B$8),Calculator!$B$8>0),IF(F25>ROUNDUP(ROUND(E25,8),0),"Dimensional","Actual"),"Check inputs"))
... F100: =IF(A100="","",IF(AND(COUNT(B100:E100)=4,B100>0,C100>0,D100>0,E100>=0,ISNUMBER(Calculator!$B$8),Calculator!$B$8>0),ROUNDUP(ROUND(B100*C100*D100/Calculator!$B$8,8),0),"Check inputs")) | G100: =IF(A100="","",IF(AND(COUNT(B100:E100)=4,B100>0,C100>0,D100>0,E100>=0,ISNUMBER(Calculator!$B$8),Calculator!$B$8>0),MAX(F100,ROUNDUP(ROUND(E100,8),0)),"Check inputs")) | H100: =IF(A100="","",IF(AND(COUNT(B100:E100)=4,B100>0,C100>0,D100>0,E100>=0,ISNUMBER(Calculator!$B$8),Calculator!$B$8>0),IF(F100>ROUNDUP(ROUND(E100,8),0),"Dimensional","Actual"),"Check inputs"))

Sheet How to use
A1: Tidy Tabs: Dimensional Weight and Billable Weight
A3: 1. Calculator tab: type length, width and height in inches, the actual weight in pounds and the divisor in the yellow cells B4:B8. The sample is a 12 x 10 x 8 in box that weighs 4.2 lb with divisor 139.
A4: 2. Dimensional weight, B11: =ROUNDUP(B4*B5*B6/B8,0). Length x width x height divided by the divisor, rounded up to the next whole pound. 12 x 10 x 8 = 960 cubic inches; 960 / 139 = 6.91, which rounds up to 7.
A5: 3. Actual weight, B12: =ROUNDUP(B7,0). 4.2 lb rounds up to 5.
A6: 4. Billable weight, B13: =MAX(B11,B12). The larger of the two. B14 shows which one applied (Dimensional, or Actual when they are equal or actual is larger).
A7: 5. In the file the division is wrapped in ROUND(...,8) before ROUNDUP, so a result that should be exactly 7 is not pushed to 8 by tiny floating point error.
A8: 6. If a size is blank, text, 0 or negative, or the divisor is not above 0, the results say Check inputs.
A9: 7. Packages tab: the same math for up to 99 boxes, using the divisor on the Calculator tab. K6 shows OK when every listed box has numbers.
A10: 8. The divisor is not a universal number. Carriers use different divisors for different services and change them, so check your carrier's current rule. This sheet does not give carrier rates or rules.
A12: Boxes are fictional. Checked in LibreOffice Calc only; not opened in Excel or Google Sheets.
A13: Google Sheets: File > Import > Upload this .xlsx.
