Workbook

Sheet Order lines
A1: SKU | B1: Qty | C1: Item | D1: Unit price | E1: Line total | F1: Price via INDEX/MATCH | H1: Order total | I1: =SUM(E2:E500)
A2: CND-LAV8 | B2: 2 | C2: =IFERROR(VLOOKUP(A2,'Price list'!$A$2:$C$500,2,FALSE),"SKU not found") | D2: =IFERROR(VLOOKUP(A2,'Price list'!$A$2:$C$500,3,FALSE),"") | E2: =IF(D2="","",B2*D2) | F2: =IFERROR(INDEX('Price list'!$C$2:$C$500,MATCH(A2,'Price list'!$A$2:$A$500,0)),"")
A3: SOP-OAT | B3: 3 | C3: =IFERROR(VLOOKUP(A3,'Price list'!$A$2:$C$500,2,FALSE),"SKU not found") | D3: =IFERROR(VLOOKUP(A3,'Price list'!$A$2:$C$500,3,FALSE),"") | E3: =IF(D3="","",B3*D3) | F3: =IFERROR(INDEX('Price list'!$C$2:$C$500,MATCH(A3,'Price list'!$A$2:$A$500,0)),"")
A4: EAR-HOOP | B4: 1 | C4: =IFERROR(VLOOKUP(A4,'Price list'!$A$2:$C$500,2,FALSE),"SKU not found") | D4: =IFERROR(VLOOKUP(A4,'Price list'!$A$2:$C$500,3,FALSE),"") | E4: =IF(D4="","",B4*D4) | F4: =IFERROR(INDEX('Price list'!$C$2:$C$500,MATCH(A4,'Price list'!$A$2:$A$500,0)),"")
A5: SOP-OAT | B5: 1 | C5: =IFERROR(VLOOKUP(A5,'Price list'!$A$2:$C$500,2,FALSE),"SKU not found") | D5: =IFERROR(VLOOKUP(A5,'Price list'!$A$2:$C$500,3,FALSE),"") | E5: =IF(D5="","",B5*D5) | F5: =IFERROR(INDEX('Price list'!$C$2:$C$500,MATCH(A5,'Price list'!$A$2:$A$500,0)),"")
A6: CRD-BDAY | B6: 5 | C6: =IFERROR(VLOOKUP(A6,'Price list'!$A$2:$C$500,2,FALSE),"SKU not found") | D6: =IFERROR(VLOOKUP(A6,'Price list'!$A$2:$C$500,3,FALSE),"") | E6: =IF(D6="","",B6*D6) | F6: =IFERROR(INDEX('Price list'!$C$2:$C$500,MATCH(A6,'Price list'!$A$2:$A$500,0)),"")
A7: CND-CED8 | B7: 1 | C7: =IFERROR(VLOOKUP(A7,'Price list'!$A$2:$C$500,2,FALSE),"SKU not found") | D7: =IFERROR(VLOOKUP(A7,'Price list'!$A$2:$C$500,3,FALSE),"") | E7: =IF(D7="","",B7*D7) | F7: =IFERROR(INDEX('Price list'!$C$2:$C$500,MATCH(A7,'Price list'!$A$2:$A$500,0)),"")

Sheet Price list
A1: SKU | B1: Item | C1: Price
A2: CND-LAV8 | B2: Lavender soy candle, 8 oz | C2: 18
A3: CND-CED8 | B3: Cedar soy candle, 8 oz | C3: 18
A4: SOP-OAT | B4: Oatmeal goat milk soap bar | C4: 8
A5: SOP-CHR | B5: Charcoal soap bar | C5: 8.5
A6: EAR-HOOP | B6: Brass hoop earrings | C6: 24
A7: CRD-BDAY | B7: Letterpress birthday card | C7: 6

Sheet How to use
A1: Tidy Tabs: Look Up a Price with VLOOKUP
A3: 1. Price list tab: SKU must be the first column, then Item, then Price.
A4: 2. Order lines tab: type a SKU and Qty. Item = VLOOKUP(A2,'Price list'!$A$2:$C$500,2,FALSE). FALSE means exact match only.
A5: 3. Unit price uses column number 3. Line total = Qty x Unit price. Order total is in I1.
A6: 4. IFERROR turns a missing SKU into "SKU not found" instead of #N/A. Row 5 has a trailing space after SOP-OAT on purpose, so it is not found.
A7: 5. Column F does the same lookup with INDEX/MATCH, which also works when the lookup column is not first.
A9: Products and prices are fictional. XLOOKUP is not used here because it needs newer versions of Excel and LibreOffice.
A10: Google Sheets: File > Import > Upload this .xlsx.
