Workbook

Sheet Orders
A1: Date | B1: Order | C1: Currency | D1: Amount | E1: USD amount | G1: Total in US dollars | H1: =SUM(E2:E101)
A2: 46266 | B2: Candle set #1041 | C2: CAD | D2: 48.5 | E2: =IF(AND(C2="",D2=""),"",IF(NOT(ISNUMBER(D2)),"Check amount",IFERROR(IF(ISNA(MATCH(C2,Rates!$A$2:$A$10,0)),"Check currency",IF(NOT(ISNUMBER(INDEX(Rates!$B$2:$B$10,MATCH(C2,Rates!$A$2:$A$10,0)))),"Check rate",IF(INDEX(Rates!$B$2:$B$10,MATCH(C2,Rates!$A$2:$A$10,0))<=0,"Check rate",ROUND(D2*INDEX(Rates!$B$2:$B$10,MATCH(C2,Rates!$A$2:$A$10,0)),2)))),"Check currency"))) | G2: Orders converted | H2: =COUNT(E2:E101)
A3: 46267 | B3: Soap trio #1042 | C3: GBP | D3: 36 | E3: =IF(AND(C3="",D3=""),"",IF(NOT(ISNUMBER(D3)),"Check amount",IFERROR(IF(ISNA(MATCH(C3,Rates!$A$2:$A$10,0)),"Check currency",IF(NOT(ISNUMBER(INDEX(Rates!$B$2:$B$10,MATCH(C3,Rates!$A$2:$A$10,0)))),"Check rate",IF(INDEX(Rates!$B$2:$B$10,MATCH(C3,Rates!$A$2:$A$10,0))<=0,"Check rate",ROUND(D3*INDEX(Rates!$B$2:$B$10,MATCH(C3,Rates!$A$2:$A$10,0)),2)))),"Check currency"))) | G3: Rows saying Check currency, rate or amount | H3: =COUNTIF(E2:E101,"Check*")
A4: 46268 | B4: Tote bag #1043 | C4: USD | D4: 24 | E4: =IF(AND(C4="",D4=""),"",IF(NOT(ISNUMBER(D4)),"Check amount",IFERROR(IF(ISNA(MATCH(C4,Rates!$A$2:$A$10,0)),"Check currency",IF(NOT(ISNUMBER(INDEX(Rates!$B$2:$B$10,MATCH(C4,Rates!$A$2:$A$10,0)))),"Check rate",IF(INDEX(Rates!$B$2:$B$10,MATCH(C4,Rates!$A$2:$A$10,0))<=0,"Check rate",ROUND(D4*INDEX(Rates!$B$2:$B$10,MATCH(C4,Rates!$A$2:$A$10,0)),2)))),"Check currency"))) | G4: Dollars by currency on the Rates tab | H4: =SUM(Rates!G2:G10)
A5: 46269 | B5: Gift box #1044 | C5: EUR | D5: 52 | E5: =IF(AND(C5="",D5=""),"",IF(NOT(ISNUMBER(D5)),"Check amount",IFERROR(IF(ISNA(MATCH(C5,Rates!$A$2:$A$10,0)),"Check currency",IF(NOT(ISNUMBER(INDEX(Rates!$B$2:$B$10,MATCH(C5,Rates!$A$2:$A$10,0)))),"Check rate",IF(INDEX(Rates!$B$2:$B$10,MATCH(C5,Rates!$A$2:$A$10,0))<=0,"Check rate",ROUND(D5*INDEX(Rates!$B$2:$B$10,MATCH(C5,Rates!$A$2:$A$10,0)),2)))),"Check currency"))) | G5: Check: no flagged rows, all dollars accounted for | H5: =IF(AND(H3=0,ABS(H4-H1)<0.005),"OK","CHECK")
A6: 46270 | B6: Candle set #1045 | C6: CAD | D6: 64 | E6: =IF(AND(C6="",D6=""),"",IF(NOT(ISNUMBER(D6)),"Check amount",IFERROR(IF(ISNA(MATCH(C6,Rates!$A$2:$A$10,0)),"Check currency",IF(NOT(ISNUMBER(INDEX(Rates!$B$2:$B$10,MATCH(C6,Rates!$A$2:$A$10,0)))),"Check rate",IF(INDEX(Rates!$B$2:$B$10,MATCH(C6,Rates!$A$2:$A$10,0))<=0,"Check rate",ROUND(D6*INDEX(Rates!$B$2:$B$10,MATCH(C6,Rates!$A$2:$A$10,0)),2)))),"Check currency")))
A7: 46272 | B7: Print #1046 | C7: AUD | D7: 40 | E7: =IF(AND(C7="",D7=""),"",IF(NOT(ISNUMBER(D7)),"Check amount",IFERROR(IF(ISNA(MATCH(C7,Rates!$A$2:$A$10,0)),"Check currency",IF(NOT(ISNUMBER(INDEX(Rates!$B$2:$B$10,MATCH(C7,Rates!$A$2:$A$10,0)))),"Check rate",IF(INDEX(Rates!$B$2:$B$10,MATCH(C7,Rates!$A$2:$A$10,0))<=0,"Check rate",ROUND(D7*INDEX(Rates!$B$2:$B$10,MATCH(C7,Rates!$A$2:$A$10,0)),2)))),"Check currency")))
A8: 46273 | B8: Earrings #1047 | C8: GBP | D8: 28.5 | E8: =IF(AND(C8="",D8=""),"",IF(NOT(ISNUMBER(D8)),"Check amount",IFERROR(IF(ISNA(MATCH(C8,Rates!$A$2:$A$10,0)),"Check currency",IF(NOT(ISNUMBER(INDEX(Rates!$B$2:$B$10,MATCH(C8,Rates!$A$2:$A$10,0)))),"Check rate",IF(INDEX(Rates!$B$2:$B$10,MATCH(C8,Rates!$A$2:$A$10,0))<=0,"Check rate",ROUND(D8*INDEX(Rates!$B$2:$B$10,MATCH(C8,Rates!$A$2:$A$10,0)),2)))),"Check currency")))
A9: 46274 | B9: Soap trio #1048 | C9: CAD | D9: 36 | E9: =IF(AND(C9="",D9=""),"",IF(NOT(ISNUMBER(D9)),"Check amount",IFERROR(IF(ISNA(MATCH(C9,Rates!$A$2:$A$10,0)),"Check currency",IF(NOT(ISNUMBER(INDEX(Rates!$B$2:$B$10,MATCH(C9,Rates!$A$2:$A$10,0)))),"Check rate",IF(INDEX(Rates!$B$2:$B$10,MATCH(C9,Rates!$A$2:$A$10,0))<=0,"Check rate",ROUND(D9*INDEX(Rates!$B$2:$B$10,MATCH(C9,Rates!$A$2:$A$10,0)),2)))),"Check currency")))
A10: 46275 | B10: Candle #1049 | C10: USD | D10: 18 | E10: =IF(AND(C10="",D10=""),"",IF(NOT(ISNUMBER(D10)),"Check amount",IFERROR(IF(ISNA(MATCH(C10,Rates!$A$2:$A$10,0)),"Check currency",IF(NOT(ISNUMBER(INDEX(Rates!$B$2:$B$10,MATCH(C10,Rates!$A$2:$A$10,0)))),"Check rate",IF(INDEX(Rates!$B$2:$B$10,MATCH(C10,Rates!$A$2:$A$10,0))<=0,"Check rate",ROUND(D10*INDEX(Rates!$B$2:$B$10,MATCH(C10,Rates!$A$2:$A$10,0)),2)))),"Check currency")))
A11: 46277 | B11: Tote bag #1050 | C11: EUR | D11: 31 | E11: =IF(AND(C11="",D11=""),"",IF(NOT(ISNUMBER(D11)),"Check amount",IFERROR(IF(ISNA(MATCH(C11,Rates!$A$2:$A$10,0)),"Check currency",IF(NOT(ISNUMBER(INDEX(Rates!$B$2:$B$10,MATCH(C11,Rates!$A$2:$A$10,0)))),"Check rate",IF(INDEX(Rates!$B$2:$B$10,MATCH(C11,Rates!$A$2:$A$10,0))<=0,"Check rate",ROUND(D11*INDEX(Rates!$B$2:$B$10,MATCH(C11,Rates!$A$2:$A$10,0)),2)))),"Check currency")))
A12: 46278 | B12: Gift box #1051 | C12: GBP | D12: 61 | E12: =IF(AND(C12="",D12=""),"",IF(NOT(ISNUMBER(D12)),"Check amount",IFERROR(IF(ISNA(MATCH(C12,Rates!$A$2:$A$10,0)),"Check currency",IF(NOT(ISNUMBER(INDEX(Rates!$B$2:$B$10,MATCH(C12,Rates!$A$2:$A$10,0)))),"Check rate",IF(INDEX(Rates!$B$2:$B$10,MATCH(C12,Rates!$A$2:$A$10,0))<=0,"Check rate",ROUND(D12*INDEX(Rates!$B$2:$B$10,MATCH(C12,Rates!$A$2:$A$10,0)),2)))),"Check currency")))
A13: 46279 | B13: Print #1052 | C13: CAD | D13: 22.5 | E13: =IF(AND(C13="",D13=""),"",IF(NOT(ISNUMBER(D13)),"Check amount",IFERROR(IF(ISNA(MATCH(C13,Rates!$A$2:$A$10,0)),"Check currency",IF(NOT(ISNUMBER(INDEX(Rates!$B$2:$B$10,MATCH(C13,Rates!$A$2:$A$10,0)))),"Check rate",IF(INDEX(Rates!$B$2:$B$10,MATCH(C13,Rates!$A$2:$A$10,0))<=0,"Check rate",ROUND(D13*INDEX(Rates!$B$2:$B$10,MATCH(C13,Rates!$A$2:$A$10,0)),2)))),"Check currency")))
A14: 46280 | B14: Earrings #1053 | C14: AUD | D14: 55 | E14: =IF(AND(C14="",D14=""),"",IF(NOT(ISNUMBER(D14)),"Check amount",IFERROR(IF(ISNA(MATCH(C14,Rates!$A$2:$A$10,0)),"Check currency",IF(NOT(ISNUMBER(INDEX(Rates!$B$2:$B$10,MATCH(C14,Rates!$A$2:$A$10,0)))),"Check rate",IF(INDEX(Rates!$B$2:$B$10,MATCH(C14,Rates!$A$2:$A$10,0))<=0,"Check rate",ROUND(D14*INDEX(Rates!$B$2:$B$10,MATCH(C14,Rates!$A$2:$A$10,0)),2)))),"Check currency")))
A15: 46282 | B15: Candle set #1054 | C15: GBP | D15: 48.5 | E15: =IF(AND(C15="",D15=""),"",IF(NOT(ISNUMBER(D15)),"Check amount",IFERROR(IF(ISNA(MATCH(C15,Rates!$A$2:$A$10,0)),"Check currency",IF(NOT(ISNUMBER(INDEX(Rates!$B$2:$B$10,MATCH(C15,Rates!$A$2:$A$10,0)))),"Check rate",IF(INDEX(Rates!$B$2:$B$10,MATCH(C15,Rates!$A$2:$A$10,0))<=0,"Check rate",ROUND(D15*INDEX(Rates!$B$2:$B$10,MATCH(C15,Rates!$A$2:$A$10,0)),2)))),"Check currency")))
A16: 46283 | B16: Soap trio #1055 | C16: EUR | D16: 27 | E16: =IF(AND(C16="",D16=""),"",IF(NOT(ISNUMBER(D16)),"Check amount",IFERROR(IF(ISNA(MATCH(C16,Rates!$A$2:$A$10,0)),"Check currency",IF(NOT(ISNUMBER(INDEX(Rates!$B$2:$B$10,MATCH(C16,Rates!$A$2:$A$10,0)))),"Check rate",IF(INDEX(Rates!$B$2:$B$10,MATCH(C16,Rates!$A$2:$A$10,0))<=0,"Check rate",ROUND(D16*INDEX(Rates!$B$2:$B$10,MATCH(C16,Rates!$A$2:$A$10,0)),2)))),"Check currency")))
A17: 46284 | B17: Tote bag #1056 | C17: USD | D17: 30 | E17: =IF(AND(C17="",D17=""),"",IF(NOT(ISNUMBER(D17)),"Check amount",IFERROR(IF(ISNA(MATCH(C17,Rates!$A$2:$A$10,0)),"Check currency",IF(NOT(ISNUMBER(INDEX(Rates!$B$2:$B$10,MATCH(C17,Rates!$A$2:$A$10,0)))),"Check rate",IF(INDEX(Rates!$B$2:$B$10,MATCH(C17,Rates!$A$2:$A$10,0))<=0,"Check rate",ROUND(D17*INDEX(Rates!$B$2:$B$10,MATCH(C17,Rates!$A$2:$A$10,0)),2)))),"Check currency")))
... A31: 46301 | B31: Candle set #1070 | C31: AUD | D31: 62 | E31: =IF(AND(C31="",D31=""),"",IF(NOT(ISNUMBER(D31)),"Check amount",IFERROR(IF(ISNA(MATCH(C31,Rates!$A$2:$A$10,0)),"Check currency",IF(NOT(ISNUMBER(INDEX(Rates!$B$2:$B$10,MATCH(C31,Rates!$A$2:$A$10,0)))),"Check rate",IF(INDEX(Rates!$B$2:$B$10,MATCH(C31,Rates!$A$2:$A$10,0))<=0,"Check rate",ROUND(D31*INDEX(Rates!$B$2:$B$10,MATCH(C31,Rates!$A$2:$A$10,0)),2)))),"Check currency")))
E32: =IF(AND(C32="",D32=""),"",IF(NOT(ISNUMBER(D32)),"Check amount",IFERROR(IF(ISNA(MATCH(C32,Rates!$A$2:$A$10,0)),"Check currency",IF(NOT(ISNUMBER(INDEX(Rates!$B$2:$B$10,MATCH(C32,Rates!$A$2:$A$10,0)))),"Check rate",IF(INDEX(Rates!$B$2:$B$10,MATCH(C32,Rates!$A$2:$A$10,0))<=0,"Check rate",ROUND(D32*INDEX(Rates!$B$2:$B$10,MATCH(C32,Rates!$A$2:$A$10,0)),2)))),"Check currency")))
E33: =IF(AND(C33="",D33=""),"",IF(NOT(ISNUMBER(D33)),"Check amount",IFERROR(IF(ISNA(MATCH(C33,Rates!$A$2:$A$10,0)),"Check currency",IF(NOT(ISNUMBER(INDEX(Rates!$B$2:$B$10,MATCH(C33,Rates!$A$2:$A$10,0)))),"Check rate",IF(INDEX(Rates!$B$2:$B$10,MATCH(C33,Rates!$A$2:$A$10,0))<=0,"Check rate",ROUND(D33*INDEX(Rates!$B$2:$B$10,MATCH(C33,Rates!$A$2:$A$10,0)),2)))),"Check currency")))
E34: =IF(AND(C34="",D34=""),"",IF(NOT(ISNUMBER(D34)),"Check amount",IFERROR(IF(ISNA(MATCH(C34,Rates!$A$2:$A$10,0)),"Check currency",IF(NOT(ISNUMBER(INDEX(Rates!$B$2:$B$10,MATCH(C34,Rates!$A$2:$A$10,0)))),"Check rate",IF(INDEX(Rates!$B$2:$B$10,MATCH(C34,Rates!$A$2:$A$10,0))<=0,"Check rate",ROUND(D34*INDEX(Rates!$B$2:$B$10,MATCH(C34,Rates!$A$2:$A$10,0)),2)))),"Check currency")))
E35: =IF(AND(C35="",D35=""),"",IF(NOT(ISNUMBER(D35)),"Check amount",IFERROR(IF(ISNA(MATCH(C35,Rates!$A$2:$A$10,0)),"Check currency",IF(NOT(ISNUMBER(INDEX(Rates!$B$2:$B$10,MATCH(C35,Rates!$A$2:$A$10,0)))),"Check rate",IF(INDEX(Rates!$B$2:$B$10,MATCH(C35,Rates!$A$2:$A$10,0))<=0,"Check rate",ROUND(D35*INDEX(Rates!$B$2:$B$10,MATCH(C35,Rates!$A$2:$A$10,0)),2)))),"Check currency")))
E36: =IF(AND(C36="",D36=""),"",IF(NOT(ISNUMBER(D36)),"Check amount",IFERROR(IF(ISNA(MATCH(C36,Rates!$A$2:$A$10,0)),"Check currency",IF(NOT(ISNUMBER(INDEX(Rates!$B$2:$B$10,MATCH(C36,Rates!$A$2:$A$10,0)))),"Check rate",IF(INDEX(Rates!$B$2:$B$10,MATCH(C36,Rates!$A$2:$A$10,0))<=0,"Check rate",ROUND(D36*INDEX(Rates!$B$2:$B$10,MATCH(C36,Rates!$A$2:$A$10,0)),2)))),"Check currency")))
E37: =IF(AND(C37="",D37=""),"",IF(NOT(ISNUMBER(D37)),"Check amount",IFERROR(IF(ISNA(MATCH(C37,Rates!$A$2:$A$10,0)),"Check currency",IF(NOT(ISNUMBER(INDEX(Rates!$B$2:$B$10,MATCH(C37,Rates!$A$2:$A$10,0)))),"Check rate",IF(INDEX(Rates!$B$2:$B$10,MATCH(C37,Rates!$A$2:$A$10,0))<=0,"Check rate",ROUND(D37*INDEX(Rates!$B$2:$B$10,MATCH(C37,Rates!$A$2:$A$10,0)),2)))),"Check currency")))
E38: =IF(AND(C38="",D38=""),"",IF(NOT(ISNUMBER(D38)),"Check amount",IFERROR(IF(ISNA(MATCH(C38,Rates!$A$2:$A$10,0)),"Check currency",IF(NOT(ISNUMBER(INDEX(Rates!$B$2:$B$10,MATCH(C38,Rates!$A$2:$A$10,0)))),"Check rate",IF(INDEX(Rates!$B$2:$B$10,MATCH(C38,Rates!$A$2:$A$10,0))<=0,"Check rate",ROUND(D38*INDEX(Rates!$B$2:$B$10,MATCH(C38,Rates!$A$2:$A$10,0)),2)))),"Check currency")))
E39: =IF(AND(C39="",D39=""),"",IF(NOT(ISNUMBER(D39)),"Check amount",IFERROR(IF(ISNA(MATCH(C39,Rates!$A$2:$A$10,0)),"Check currency",IF(NOT(ISNUMBER(INDEX(Rates!$B$2:$B$10,MATCH(C39,Rates!$A$2:$A$10,0)))),"Check rate",IF(INDEX(Rates!$B$2:$B$10,MATCH(C39,Rates!$A$2:$A$10,0))<=0,"Check rate",ROUND(D39*INDEX(Rates!$B$2:$B$10,MATCH(C39,Rates!$A$2:$A$10,0)),2)))),"Check currency")))
E40: =IF(AND(C40="",D40=""),"",IF(NOT(ISNUMBER(D40)),"Check amount",IFERROR(IF(ISNA(MATCH(C40,Rates!$A$2:$A$10,0)),"Check currency",IF(NOT(ISNUMBER(INDEX(Rates!$B$2:$B$10,MATCH(C40,Rates!$A$2:$A$10,0)))),"Check rate",IF(INDEX(Rates!$B$2:$B$10,MATCH(C40,Rates!$A$2:$A$10,0))<=0,"Check rate",ROUND(D40*INDEX(Rates!$B$2:$B$10,MATCH(C40,Rates!$A$2:$A$10,0)),2)))),"Check currency")))
E41: =IF(AND(C41="",D41=""),"",IF(NOT(ISNUMBER(D41)),"Check amount",IFERROR(IF(ISNA(MATCH(C41,Rates!$A$2:$A$10,0)),"Check currency",IF(NOT(ISNUMBER(INDEX(Rates!$B$2:$B$10,MATCH(C41,Rates!$A$2:$A$10,0)))),"Check rate",IF(INDEX(Rates!$B$2:$B$10,MATCH(C41,Rates!$A$2:$A$10,0))<=0,"Check rate",ROUND(D41*INDEX(Rates!$B$2:$B$10,MATCH(C41,Rates!$A$2:$A$10,0)),2)))),"Check currency")))
E42: =IF(AND(C42="",D42=""),"",IF(NOT(ISNUMBER(D42)),"Check amount",IFERROR(IF(ISNA(MATCH(C42,Rates!$A$2:$A$10,0)),"Check currency",IF(NOT(ISNUMBER(INDEX(Rates!$B$2:$B$10,MATCH(C42,Rates!$A$2:$A$10,0)))),"Check rate",IF(INDEX(Rates!$B$2:$B$10,MATCH(C42,Rates!$A$2:$A$10,0))<=0,"Check rate",ROUND(D42*INDEX(Rates!$B$2:$B$10,MATCH(C42,Rates!$A$2:$A$10,0)),2)))),"Check currency")))
E43: =IF(AND(C43="",D43=""),"",IF(NOT(ISNUMBER(D43)),"Check amount",IFERROR(IF(ISNA(MATCH(C43,Rates!$A$2:$A$10,0)),"Check currency",IF(NOT(ISNUMBER(INDEX(Rates!$B$2:$B$10,MATCH(C43,Rates!$A$2:$A$10,0)))),"Check rate",IF(INDEX(Rates!$B$2:$B$10,MATCH(C43,Rates!$A$2:$A$10,0))<=0,"Check rate",ROUND(D43*INDEX(Rates!$B$2:$B$10,MATCH(C43,Rates!$A$2:$A$10,0)),2)))),"Check currency")))
... E101: =IF(AND(C101="",D101=""),"",IF(NOT(ISNUMBER(D101)),"Check amount",IFERROR(IF(ISNA(MATCH(C101,Rates!$A$2:$A$10,0)),"Check currency",IF(NOT(ISNUMBER(INDEX(Rates!$B$2:$B$10,MATCH(C101,Rates!$A$2:$A$10,0)))),"Check rate",IF(INDEX(Rates!$B$2:$B$10,MATCH(C101,Rates!$A$2:$A$10,0))<=0,"Check rate",ROUND(D101*INDEX(Rates!$B$2:$B$10,MATCH(C101,Rates!$A$2:$A$10,0)),2)))),"Check currency")))

Sheet Rates
A1: Currency code | B1: US dollars per 1 unit | C1: Currency name | D1: Rate as of | E1: Typed amounts in that currency | F1: Total converted at once | G1: Sum of the rows | H1: Rows minus total
A2: USD | B2: 1 | C2: US dollar | D2: 46266 | E2: =IF(A2="","",SUMIFS(Orders!$D$2:$D$101,Orders!$C$2:$C$101,A2)) | F2: =IF(AND(A2<>"",ISNUMBER(B2)),ROUND(E2*B2,2),"") | G2: =IF(A2="","",SUMIFS(Orders!$E$2:$E$101,Orders!$C$2:$C$101,A2)) | H2: =IF(ISNUMBER(F2),ROUND(G2-F2,2),"")
A3: CAD | B3: 0.73 | C3: Canadian dollar | D3: 46266 | E3: =IF(A3="","",SUMIFS(Orders!$D$2:$D$101,Orders!$C$2:$C$101,A3)) | F3: =IF(AND(A3<>"",ISNUMBER(B3)),ROUND(E3*B3,2),"") | G3: =IF(A3="","",SUMIFS(Orders!$E$2:$E$101,Orders!$C$2:$C$101,A3)) | H3: =IF(ISNUMBER(F3),ROUND(G3-F3,2),"")
A4: GBP | B4: 1.27 | C4: British pound | D4: 46266 | E4: =IF(A4="","",SUMIFS(Orders!$D$2:$D$101,Orders!$C$2:$C$101,A4)) | F4: =IF(AND(A4<>"",ISNUMBER(B4)),ROUND(E4*B4,2),"") | G4: =IF(A4="","",SUMIFS(Orders!$E$2:$E$101,Orders!$C$2:$C$101,A4)) | H4: =IF(ISNUMBER(F4),ROUND(G4-F4,2),"")
A5: EUR | B5: 1.08 | C5: Euro | D5: 46266 | E5: =IF(A5="","",SUMIFS(Orders!$D$2:$D$101,Orders!$C$2:$C$101,A5)) | F5: =IF(AND(A5<>"",ISNUMBER(B5)),ROUND(E5*B5,2),"") | G5: =IF(A5="","",SUMIFS(Orders!$E$2:$E$101,Orders!$C$2:$C$101,A5)) | H5: =IF(ISNUMBER(F5),ROUND(G5-F5,2),"")
A6: AUD | B6: 0.65 | C6: Australian dollar | D6: 46266 | E6: =IF(A6="","",SUMIFS(Orders!$D$2:$D$101,Orders!$C$2:$C$101,A6)) | F6: =IF(AND(A6<>"",ISNUMBER(B6)),ROUND(E6*B6,2),"") | G6: =IF(A6="","",SUMIFS(Orders!$E$2:$E$101,Orders!$C$2:$C$101,A6)) | H6: =IF(ISNUMBER(F6),ROUND(G6-F6,2),"")
E7: =IF(A7="","",SUMIFS(Orders!$D$2:$D$101,Orders!$C$2:$C$101,A7)) | F7: =IF(AND(A7<>"",ISNUMBER(B7)),ROUND(E7*B7,2),"") | G7: =IF(A7="","",SUMIFS(Orders!$E$2:$E$101,Orders!$C$2:$C$101,A7)) | H7: =IF(ISNUMBER(F7),ROUND(G7-F7,2),"")
E8: =IF(A8="","",SUMIFS(Orders!$D$2:$D$101,Orders!$C$2:$C$101,A8)) | F8: =IF(AND(A8<>"",ISNUMBER(B8)),ROUND(E8*B8,2),"") | G8: =IF(A8="","",SUMIFS(Orders!$E$2:$E$101,Orders!$C$2:$C$101,A8)) | H8: =IF(ISNUMBER(F8),ROUND(G8-F8,2),"")
E9: =IF(A9="","",SUMIFS(Orders!$D$2:$D$101,Orders!$C$2:$C$101,A9)) | F9: =IF(AND(A9<>"",ISNUMBER(B9)),ROUND(E9*B9,2),"") | G9: =IF(A9="","",SUMIFS(Orders!$E$2:$E$101,Orders!$C$2:$C$101,A9)) | H9: =IF(ISNUMBER(F9),ROUND(G9-F9,2),"")
E10: =IF(A10="","",SUMIFS(Orders!$D$2:$D$101,Orders!$C$2:$C$101,A10)) | F10: =IF(AND(A10<>"",ISNUMBER(B10)),ROUND(E10*B10,2),"") | G10: =IF(A10="","",SUMIFS(Orders!$E$2:$E$101,Orders!$C$2:$C$101,A10)) | H10: =IF(ISNUMBER(F10),ROUND(G10-F10,2),"")
A12: The rates above are sample numbers for this fictional shop. They are not real quotes. Type your own from your payment or bank statement, and type the date you took them.

Sheet How to use
A1: Tidy Tabs: Convert Foreign Currency Orders to US Dollars With a Rate Table
A3: 1. Rates tab, rows 2 to 10: type the currency code (A), US dollars per 1 unit of that currency (B), a name (C) and the date of the rate (D). Yellow. Keep a USD row at rate 1 so dollar orders pass through. The sample rates are made up for this fictional shop and are not real exchange rates.
A4: 2. Where to get a rate: from your own payment processor or bank statement, for the day you want to use. The file does not fetch rates. Google Sheets has a GOOGLEFINANCE function for live rates; it is not used in this file and was not tested.
A5: 3. Orders tab, rows 2 to 101: date (A), a label (B), the currency code (C) and the amount in that currency (D). Yellow.
A6: 4. USD amount, E2: =IFERROR(ROUND(D2*INDEX(Rates!$B$2:$B$10,MATCH(C2,Rates!$A$2:$A$10,0)),2),"Check currency"), with two extra tests in the file: Check amount when D2 is text or blank, and Check rate when the rate is blank, text, 0 or negative. MATCH is not case sensitive, so gbp finds GBP. A code with a trailing space does not match and shows Check currency.
A7: 5. Each row is rounded to cents. Rounding every row and rounding the total once can differ by a cent. The Rates tab shows both for each currency: column F converts the typed total at once, column G adds the rounded rows, column H is the difference.
A8: 6. H1 is the total in US dollars (text rows are skipped). H5 shows OK when no row says Check and the dollars grouped by currency on the Rates tab add up to H1. A duplicate code in the Rates list makes H4 too high and gives CHECK.
A9: 7. A refund can be typed as a negative amount; it converts to a negative dollar amount.
A10: 8. Arithmetic only. This file does not give tax, reporting or accounting advice. If you need foreign currency rules for a return, ask an accountant or read the official IRS page.
A12: Orders and rates are fictional. Checked in LibreOffice Calc only; not opened in Excel or Google Sheets.
A13: Google Sheets: File > Import > Upload this .xlsx.
