Workbook

Sheet Log
A1: Date | B1: SKU | C1: Type | D1: Qty | E1: Note | F1: Row check
A2: 46266 | B2: SOAP-OAT | C2: Received | D2: 48 | E2: Cured batch | F2: =IF(AND(A2="",B2="",C2="",D2=""),"",IF(OR(B2="",NOT(ISNUMBER(D2)),COUNTIF(Stock!$A$2:$A$20,B2)=0,AND(C2<>"Received",C2<>"Sold",C2<>"Adjustment")),"Check","OK"))
A3: 46266 | B3: SOAP-LAV | C3: Received | D3: 36 | E3: Cured batch | F3: =IF(AND(A3="",B3="",C3="",D3=""),"",IF(OR(B3="",NOT(ISNUMBER(D3)),COUNTIF(Stock!$A$2:$A$20,B3)=0,AND(C3<>"Received",C3<>"Sold",C3<>"Adjustment")),"Check","OK"))
A4: 46267 | B4: CNDL-CED | C4: Received | D4: 24 | E4: Poured batch | F4: =IF(AND(A4="",B4="",C4="",D4=""),"",IF(OR(B4="",NOT(ISNUMBER(D4)),COUNTIF(Stock!$A$2:$A$20,B4)=0,AND(C4<>"Received",C4<>"Sold",C4<>"Adjustment")),"Check","OK"))
A5: 46267 | B5: CNDL-VAN | C5: Received | D5: 24 | E5: Poured batch | F5: =IF(AND(A5="",B5="",C5="",D5=""),"",IF(OR(B5="",NOT(ISNUMBER(D5)),COUNTIF(Stock!$A$2:$A$20,B5)=0,AND(C5<>"Received",C5<>"Sold",C5<>"Adjustment")),"Check","OK"))
A6: 46268 | B6: BALM-LIP | C6: Received | D6: 60 | E6: Filled tubes | F6: =IF(AND(A6="",B6="",C6="",D6=""),"",IF(OR(B6="",NOT(ISNUMBER(D6)),COUNTIF(Stock!$A$2:$A$20,B6)=0,AND(C6<>"Received",C6<>"Sold",C6<>"Adjustment")),"Check","OK"))
A7: 46270 | B7: SOAP-OAT | C7: Sold | D7: 14 | E7: Saturday farmers market | F7: =IF(AND(A7="",B7="",C7="",D7=""),"",IF(OR(B7="",NOT(ISNUMBER(D7)),COUNTIF(Stock!$A$2:$A$20,B7)=0,AND(C7<>"Received",C7<>"Sold",C7<>"Adjustment")),"Check","OK"))
A8: 46270 | B8: CNDL-CED | C8: Sold | D8: 6 | E8: Saturday farmers market | F8: =IF(AND(A8="",B8="",C8="",D8=""),"",IF(OR(B8="",NOT(ISNUMBER(D8)),COUNTIF(Stock!$A$2:$A$20,B8)=0,AND(C8<>"Received",C8<>"Sold",C8<>"Adjustment")),"Check","OK"))
A9: 46270 | B9: BALM-LIP | C9: Sold | D9: 18 | E9: Saturday farmers market | F9: =IF(AND(A9="",B9="",C9="",D9=""),"",IF(OR(B9="",NOT(ISNUMBER(D9)),COUNTIF(Stock!$A$2:$A$20,B9)=0,AND(C9<>"Received",C9<>"Sold",C9<>"Adjustment")),"Check","OK"))
A10: 46273 | B10: SOAP-LAV | C10: Sold | D10: 9 | E10: Etsy orders | F10: =IF(AND(A10="",B10="",C10="",D10=""),"",IF(OR(B10="",NOT(ISNUMBER(D10)),COUNTIF(Stock!$A$2:$A$20,B10)=0,AND(C10<>"Received",C10<>"Sold",C10<>"Adjustment")),"Check","OK"))
A11: 46275 | B11: CNDL-VAN | C11: Sold | D11: 7 | E11: Etsy orders | F11: =IF(AND(A11="",B11="",C11="",D11=""),"",IF(OR(B11="",NOT(ISNUMBER(D11)),COUNTIF(Stock!$A$2:$A$20,B11)=0,AND(C11<>"Received",C11<>"Sold",C11<>"Adjustment")),"Check","OK"))
A12: 46277 | B12: SOAP-OAT | C12: Sold | D12: 11 | E12: Saturday farmers market | F12: =IF(AND(A12="",B12="",C12="",D12=""),"",IF(OR(B12="",NOT(ISNUMBER(D12)),COUNTIF(Stock!$A$2:$A$20,B12)=0,AND(C12<>"Received",C12<>"Sold",C12<>"Adjustment")),"Check","OK"))
A13: 46277 | B13: SOAP-LAV | C13: Sold | D13: 8 | E13: Saturday farmers market | F13: =IF(AND(A13="",B13="",C13="",D13=""),"",IF(OR(B13="",NOT(ISNUMBER(D13)),COUNTIF(Stock!$A$2:$A$20,B13)=0,AND(C13<>"Received",C13<>"Sold",C13<>"Adjustment")),"Check","OK"))
... A31: 46300 | B31: CNDL-VAN | C31: Received | D31: 12 | E31: Poured batch | F31: =IF(AND(A31="",B31="",C31="",D31=""),"",IF(OR(B31="",NOT(ISNUMBER(D31)),COUNTIF(Stock!$A$2:$A$20,B31)=0,AND(C31<>"Received",C31<>"Sold",C31<>"Adjustment")),"Check","OK"))
F32: =IF(AND(A32="",B32="",C32="",D32=""),"",IF(OR(B32="",NOT(ISNUMBER(D32)),COUNTIF(Stock!$A$2:$A$20,B32)=0,AND(C32<>"Received",C32<>"Sold",C32<>"Adjustment")),"Check","OK"))
F33: =IF(AND(A33="",B33="",C33="",D33=""),"",IF(OR(B33="",NOT(ISNUMBER(D33)),COUNTIF(Stock!$A$2:$A$20,B33)=0,AND(C33<>"Received",C33<>"Sold",C33<>"Adjustment")),"Check","OK"))
F34: =IF(AND(A34="",B34="",C34="",D34=""),"",IF(OR(B34="",NOT(ISNUMBER(D34)),COUNTIF(Stock!$A$2:$A$20,B34)=0,AND(C34<>"Received",C34<>"Sold",C34<>"Adjustment")),"Check","OK"))
F35: =IF(AND(A35="",B35="",C35="",D35=""),"",IF(OR(B35="",NOT(ISNUMBER(D35)),COUNTIF(Stock!$A$2:$A$20,B35)=0,AND(C35<>"Received",C35<>"Sold",C35<>"Adjustment")),"Check","OK"))
F36: =IF(AND(A36="",B36="",C36="",D36=""),"",IF(OR(B36="",NOT(ISNUMBER(D36)),COUNTIF(Stock!$A$2:$A$20,B36)=0,AND(C36<>"Received",C36<>"Sold",C36<>"Adjustment")),"Check","OK"))
F37: =IF(AND(A37="",B37="",C37="",D37=""),"",IF(OR(B37="",NOT(ISNUMBER(D37)),COUNTIF(Stock!$A$2:$A$20,B37)=0,AND(C37<>"Received",C37<>"Sold",C37<>"Adjustment")),"Check","OK"))
F38: =IF(AND(A38="",B38="",C38="",D38=""),"",IF(OR(B38="",NOT(ISNUMBER(D38)),COUNTIF(Stock!$A$2:$A$20,B38)=0,AND(C38<>"Received",C38<>"Sold",C38<>"Adjustment")),"Check","OK"))
F39: =IF(AND(A39="",B39="",C39="",D39=""),"",IF(OR(B39="",NOT(ISNUMBER(D39)),COUNTIF(Stock!$A$2:$A$20,B39)=0,AND(C39<>"Received",C39<>"Sold",C39<>"Adjustment")),"Check","OK"))
F40: =IF(AND(A40="",B40="",C40="",D40=""),"",IF(OR(B40="",NOT(ISNUMBER(D40)),COUNTIF(Stock!$A$2:$A$20,B40)=0,AND(C40<>"Received",C40<>"Sold",C40<>"Adjustment")),"Check","OK"))
F41: =IF(AND(A41="",B41="",C41="",D41=""),"",IF(OR(B41="",NOT(ISNUMBER(D41)),COUNTIF(Stock!$A$2:$A$20,B41)=0,AND(C41<>"Received",C41<>"Sold",C41<>"Adjustment")),"Check","OK"))
F42: =IF(AND(A42="",B42="",C42="",D42=""),"",IF(OR(B42="",NOT(ISNUMBER(D42)),COUNTIF(Stock!$A$2:$A$20,B42)=0,AND(C42<>"Received",C42<>"Sold",C42<>"Adjustment")),"Check","OK"))
F43: =IF(AND(A43="",B43="",C43="",D43=""),"",IF(OR(B43="",NOT(ISNUMBER(D43)),COUNTIF(Stock!$A$2:$A$20,B43)=0,AND(C43<>"Received",C43<>"Sold",C43<>"Adjustment")),"Check","OK"))
... F500: =IF(AND(A500="",B500="",C500="",D500=""),"",IF(OR(B500="",NOT(ISNUMBER(D500)),COUNTIF(Stock!$A$2:$A$20,B500)=0,AND(C500<>"Received",C500<>"Sold",C500<>"Adjustment")),"Check","OK"))

Sheet Stock
A1: SKU | B1: Received | C1: Sold | D1: Adjustments | E1: On hand | F1: Minimum | G1: Status | I1: Totals and check
A2: SOAP-OAT | B2: =IF(A2="","",SUMIFS(Log!$D$2:$D$500,Log!$B$2:$B$500,A2,Log!$C$2:$C$500,"Received")) | C2: =IF(A2="","",SUMIFS(Log!$D$2:$D$500,Log!$B$2:$B$500,A2,Log!$C$2:$C$500,"Sold")) | D2: =IF(A2="","",SUMIFS(Log!$D$2:$D$500,Log!$B$2:$B$500,A2,Log!$C$2:$C$500,"Adjustment")) | E2: =IF(A2="","",B2-C2+D2) | F2: 10 | G2: =IF(A2="","",IF(E2<0,"Check",IF(NOT(ISNUMBER(F2)),"OK",IF(E2<=F2,"Reorder","OK")))) | I2: Received in the whole log | J2: =SUMIFS(Log!$D$2:$D$500,Log!$C$2:$C$500,"Received")
A3: SOAP-LAV | B3: =IF(A3="","",SUMIFS(Log!$D$2:$D$500,Log!$B$2:$B$500,A3,Log!$C$2:$C$500,"Received")) | C3: =IF(A3="","",SUMIFS(Log!$D$2:$D$500,Log!$B$2:$B$500,A3,Log!$C$2:$C$500,"Sold")) | D3: =IF(A3="","",SUMIFS(Log!$D$2:$D$500,Log!$B$2:$B$500,A3,Log!$C$2:$C$500,"Adjustment")) | E3: =IF(A3="","",B3-C3+D3) | F3: 10 | G3: =IF(A3="","",IF(E3<0,"Check",IF(NOT(ISNUMBER(F3)),"OK",IF(E3<=F3,"Reorder","OK")))) | I3: Sold in the whole log | J3: =SUMIFS(Log!$D$2:$D$500,Log!$C$2:$C$500,"Sold")
A4: CNDL-CED | B4: =IF(A4="","",SUMIFS(Log!$D$2:$D$500,Log!$B$2:$B$500,A4,Log!$C$2:$C$500,"Received")) | C4: =IF(A4="","",SUMIFS(Log!$D$2:$D$500,Log!$B$2:$B$500,A4,Log!$C$2:$C$500,"Sold")) | D4: =IF(A4="","",SUMIFS(Log!$D$2:$D$500,Log!$B$2:$B$500,A4,Log!$C$2:$C$500,"Adjustment")) | E4: =IF(A4="","",B4-C4+D4) | F4: 6 | G4: =IF(A4="","",IF(E4<0,"Check",IF(NOT(ISNUMBER(F4)),"OK",IF(E4<=F4,"Reorder","OK")))) | I4: Adjustments in the whole log | J4: =SUMIFS(Log!$D$2:$D$500,Log!$C$2:$C$500,"Adjustment")
A5: CNDL-VAN | B5: =IF(A5="","",SUMIFS(Log!$D$2:$D$500,Log!$B$2:$B$500,A5,Log!$C$2:$C$500,"Received")) | C5: =IF(A5="","",SUMIFS(Log!$D$2:$D$500,Log!$B$2:$B$500,A5,Log!$C$2:$C$500,"Sold")) | D5: =IF(A5="","",SUMIFS(Log!$D$2:$D$500,Log!$B$2:$B$500,A5,Log!$C$2:$C$500,"Adjustment")) | E5: =IF(A5="","",B5-C5+D5) | F5: 6 | G5: =IF(A5="","",IF(E5<0,"Check",IF(NOT(ISNUMBER(F5)),"OK",IF(E5<=F5,"Reorder","OK")))) | I5: Log total (received - sold + adjustments) | J5: =J2-J3+J4
A6: BALM-LIP | B6: =IF(A6="","",SUMIFS(Log!$D$2:$D$500,Log!$B$2:$B$500,A6,Log!$C$2:$C$500,"Received")) | C6: =IF(A6="","",SUMIFS(Log!$D$2:$D$500,Log!$B$2:$B$500,A6,Log!$C$2:$C$500,"Sold")) | D6: =IF(A6="","",SUMIFS(Log!$D$2:$D$500,Log!$B$2:$B$500,A6,Log!$C$2:$C$500,"Adjustment")) | E6: =IF(A6="","",B6-C6+D6) | F6: 8 | G6: =IF(A6="","",IF(E6<0,"Check",IF(NOT(ISNUMBER(F6)),"OK",IF(E6<=F6,"Reorder","OK")))) | I6: On hand, all SKUs on this tab | J6: =SUM(E2:E20)
B7: =IF(A7="","",SUMIFS(Log!$D$2:$D$500,Log!$B$2:$B$500,A7,Log!$C$2:$C$500,"Received")) | C7: =IF(A7="","",SUMIFS(Log!$D$2:$D$500,Log!$B$2:$B$500,A7,Log!$C$2:$C$500,"Sold")) | D7: =IF(A7="","",SUMIFS(Log!$D$2:$D$500,Log!$B$2:$B$500,A7,Log!$C$2:$C$500,"Adjustment")) | E7: =IF(A7="","",B7-C7+D7) | G7: =IF(A7="","",IF(E7<0,"Check",IF(NOT(ISNUMBER(F7)),"OK",IF(E7<=F7,"Reorder","OK")))) | I7: Log rows to check | J7: =COUNTIF(Log!$F$2:$F$500,"Check")
B8: =IF(A8="","",SUMIFS(Log!$D$2:$D$500,Log!$B$2:$B$500,A8,Log!$C$2:$C$500,"Received")) | C8: =IF(A8="","",SUMIFS(Log!$D$2:$D$500,Log!$B$2:$B$500,A8,Log!$C$2:$C$500,"Sold")) | D8: =IF(A8="","",SUMIFS(Log!$D$2:$D$500,Log!$B$2:$B$500,A8,Log!$C$2:$C$500,"Adjustment")) | E8: =IF(A8="","",B8-C8+D8) | G8: =IF(A8="","",IF(E8<0,"Check",IF(NOT(ISNUMBER(F8)),"OK",IF(E8<=F8,"Reorder","OK")))) | I8: SKUs to reorder | J8: =COUNTIF(G2:G20,"Reorder")
B9: =IF(A9="","",SUMIFS(Log!$D$2:$D$500,Log!$B$2:$B$500,A9,Log!$C$2:$C$500,"Received")) | C9: =IF(A9="","",SUMIFS(Log!$D$2:$D$500,Log!$B$2:$B$500,A9,Log!$C$2:$C$500,"Sold")) | D9: =IF(A9="","",SUMIFS(Log!$D$2:$D$500,Log!$B$2:$B$500,A9,Log!$C$2:$C$500,"Adjustment")) | E9: =IF(A9="","",B9-C9+D9) | G9: =IF(A9="","",IF(E9<0,"Check",IF(NOT(ISNUMBER(F9)),"OK",IF(E9<=F9,"Reorder","OK")))) | I9: Check: on hand = log total, nothing to check | J9: =IF(AND(J6=J5,J7=0,COUNTIF(G2:G20,"Check")=0),"OK","CHECK")
B10: =IF(A10="","",SUMIFS(Log!$D$2:$D$500,Log!$B$2:$B$500,A10,Log!$C$2:$C$500,"Received")) | C10: =IF(A10="","",SUMIFS(Log!$D$2:$D$500,Log!$B$2:$B$500,A10,Log!$C$2:$C$500,"Sold")) | D10: =IF(A10="","",SUMIFS(Log!$D$2:$D$500,Log!$B$2:$B$500,A10,Log!$C$2:$C$500,"Adjustment")) | E10: =IF(A10="","",B10-C10+D10) | G10: =IF(A10="","",IF(E10<0,"Check",IF(NOT(ISNUMBER(F10)),"OK",IF(E10<=F10,"Reorder","OK"))))
B11: =IF(A11="","",SUMIFS(Log!$D$2:$D$500,Log!$B$2:$B$500,A11,Log!$C$2:$C$500,"Received")) | C11: =IF(A11="","",SUMIFS(Log!$D$2:$D$500,Log!$B$2:$B$500,A11,Log!$C$2:$C$500,"Sold")) | D11: =IF(A11="","",SUMIFS(Log!$D$2:$D$500,Log!$B$2:$B$500,A11,Log!$C$2:$C$500,"Adjustment")) | E11: =IF(A11="","",B11-C11+D11) | G11: =IF(A11="","",IF(E11<0,"Check",IF(NOT(ISNUMBER(F11)),"OK",IF(E11<=F11,"Reorder","OK"))))
B12: =IF(A12="","",SUMIFS(Log!$D$2:$D$500,Log!$B$2:$B$500,A12,Log!$C$2:$C$500,"Received")) | C12: =IF(A12="","",SUMIFS(Log!$D$2:$D$500,Log!$B$2:$B$500,A12,Log!$C$2:$C$500,"Sold")) | D12: =IF(A12="","",SUMIFS(Log!$D$2:$D$500,Log!$B$2:$B$500,A12,Log!$C$2:$C$500,"Adjustment")) | E12: =IF(A12="","",B12-C12+D12) | G12: =IF(A12="","",IF(E12<0,"Check",IF(NOT(ISNUMBER(F12)),"OK",IF(E12<=F12,"Reorder","OK"))))
B13: =IF(A13="","",SUMIFS(Log!$D$2:$D$500,Log!$B$2:$B$500,A13,Log!$C$2:$C$500,"Received")) | C13: =IF(A13="","",SUMIFS(Log!$D$2:$D$500,Log!$B$2:$B$500,A13,Log!$C$2:$C$500,"Sold")) | D13: =IF(A13="","",SUMIFS(Log!$D$2:$D$500,Log!$B$2:$B$500,A13,Log!$C$2:$C$500,"Adjustment")) | E13: =IF(A13="","",B13-C13+D13) | G13: =IF(A13="","",IF(E13<0,"Check",IF(NOT(ISNUMBER(F13)),"OK",IF(E13<=F13,"Reorder","OK"))))
B14: =IF(A14="","",SUMIFS(Log!$D$2:$D$500,Log!$B$2:$B$500,A14,Log!$C$2:$C$500,"Received")) | C14: =IF(A14="","",SUMIFS(Log!$D$2:$D$500,Log!$B$2:$B$500,A14,Log!$C$2:$C$500,"Sold")) | D14: =IF(A14="","",SUMIFS(Log!$D$2:$D$500,Log!$B$2:$B$500,A14,Log!$C$2:$C$500,"Adjustment")) | E14: =IF(A14="","",B14-C14+D14) | G14: =IF(A14="","",IF(E14<0,"Check",IF(NOT(ISNUMBER(F14)),"OK",IF(E14<=F14,"Reorder","OK"))))
B15: =IF(A15="","",SUMIFS(Log!$D$2:$D$500,Log!$B$2:$B$500,A15,Log!$C$2:$C$500,"Received")) | C15: =IF(A15="","",SUMIFS(Log!$D$2:$D$500,Log!$B$2:$B$500,A15,Log!$C$2:$C$500,"Sold")) | D15: =IF(A15="","",SUMIFS(Log!$D$2:$D$500,Log!$B$2:$B$500,A15,Log!$C$2:$C$500,"Adjustment")) | E15: =IF(A15="","",B15-C15+D15) | G15: =IF(A15="","",IF(E15<0,"Check",IF(NOT(ISNUMBER(F15)),"OK",IF(E15<=F15,"Reorder","OK"))))
B16: =IF(A16="","",SUMIFS(Log!$D$2:$D$500,Log!$B$2:$B$500,A16,Log!$C$2:$C$500,"Received")) | C16: =IF(A16="","",SUMIFS(Log!$D$2:$D$500,Log!$B$2:$B$500,A16,Log!$C$2:$C$500,"Sold")) | D16: =IF(A16="","",SUMIFS(Log!$D$2:$D$500,Log!$B$2:$B$500,A16,Log!$C$2:$C$500,"Adjustment")) | E16: =IF(A16="","",B16-C16+D16) | G16: =IF(A16="","",IF(E16<0,"Check",IF(NOT(ISNUMBER(F16)),"OK",IF(E16<=F16,"Reorder","OK"))))
B17: =IF(A17="","",SUMIFS(Log!$D$2:$D$500,Log!$B$2:$B$500,A17,Log!$C$2:$C$500,"Received")) | C17: =IF(A17="","",SUMIFS(Log!$D$2:$D$500,Log!$B$2:$B$500,A17,Log!$C$2:$C$500,"Sold")) | D17: =IF(A17="","",SUMIFS(Log!$D$2:$D$500,Log!$B$2:$B$500,A17,Log!$C$2:$C$500,"Adjustment")) | E17: =IF(A17="","",B17-C17+D17) | G17: =IF(A17="","",IF(E17<0,"Check",IF(NOT(ISNUMBER(F17)),"OK",IF(E17<=F17,"Reorder","OK"))))
B18: =IF(A18="","",SUMIFS(Log!$D$2:$D$500,Log!$B$2:$B$500,A18,Log!$C$2:$C$500,"Received")) | C18: =IF(A18="","",SUMIFS(Log!$D$2:$D$500,Log!$B$2:$B$500,A18,Log!$C$2:$C$500,"Sold")) | D18: =IF(A18="","",SUMIFS(Log!$D$2:$D$500,Log!$B$2:$B$500,A18,Log!$C$2:$C$500,"Adjustment")) | E18: =IF(A18="","",B18-C18+D18) | G18: =IF(A18="","",IF(E18<0,"Check",IF(NOT(ISNUMBER(F18)),"OK",IF(E18<=F18,"Reorder","OK"))))
B19: =IF(A19="","",SUMIFS(Log!$D$2:$D$500,Log!$B$2:$B$500,A19,Log!$C$2:$C$500,"Received")) | C19: =IF(A19="","",SUMIFS(Log!$D$2:$D$500,Log!$B$2:$B$500,A19,Log!$C$2:$C$500,"Sold")) | D19: =IF(A19="","",SUMIFS(Log!$D$2:$D$500,Log!$B$2:$B$500,A19,Log!$C$2:$C$500,"Adjustment")) | E19: =IF(A19="","",B19-C19+D19) | G19: =IF(A19="","",IF(E19<0,"Check",IF(NOT(ISNUMBER(F19)),"OK",IF(E19<=F19,"Reorder","OK"))))
B20: =IF(A20="","",SUMIFS(Log!$D$2:$D$500,Log!$B$2:$B$500,A20,Log!$C$2:$C$500,"Received")) | C20: =IF(A20="","",SUMIFS(Log!$D$2:$D$500,Log!$B$2:$B$500,A20,Log!$C$2:$C$500,"Sold")) | D20: =IF(A20="","",SUMIFS(Log!$D$2:$D$500,Log!$B$2:$B$500,A20,Log!$C$2:$C$500,"Adjustment")) | E20: =IF(A20="","",B20-C20+D20) | G20: =IF(A20="","",IF(E20<0,"Check",IF(NOT(ISNUMBER(F20)),"OK",IF(E20<=F20,"Reorder","OK"))))

Sheet How to use
A1: Tidy Tabs: Stock on Hand From a Log of Items In and Out
A3: 1. Stock tab: list each SKU once in A and the count you want to reorder at in F (yellow). Rows 2 to 20 have formulas ready.
A4: 2. Log tab: add one row every time stock moves. Date, SKU (dropdown from the Stock tab), Type (Received, Sold or Adjustment), Qty and a note.
A5: 3. Type Received and Sold as positive numbers. Type an Adjustment with its sign: -2 for two broken bars, 3 for three found in a recount.
A6: 4. Stock!B2: =SUMIFS(Log!D2:D500,Log!B2:B500,A2,Log!C2:C500,"Received") adds every Received row for that SKU. C2 and D2 do the same for Sold and Adjustment.
A7: 5. On hand E2: =B2-C2+D2. Status G2 shows Reorder when On hand is at or below the Minimum and Check when On hand is below zero (more sold than received).
A8: 6. Log!F shows Check for a row with a blank SKU, a SKU that is not on the Stock tab (watch for a trailing space), a Type outside the list or a Qty typed as text. Those rows are left out of the Stock tab.
A9: 7. Stock!J9 shows OK when the on hand total equals received minus sold plus adjustments for the whole log, no log row needs checking and no SKU is below zero.
A10: 8. SKU matching ignores upper and lower case (soap-oat counts as SOAP-OAT). The Date column is not used in the totals; it keeps the history.
A11: 9. Counts only. This sheet does not value inventory or work out cost of goods sold.
A12: 10. The print area covers the first 40 log rows. Change the print area to print a longer log.
A14: Shop, SKUs and quantities are fictional. Checked in LibreOffice Calc only; not opened in Excel or Google Sheets.
A15: Google Sheets: File > Import > Upload this .xlsx.
