Workbook

Sheet Orders
A1: Order date | B1: Amount
A2: 45658 | B2: 41.8
A3: 45674 | B3: 17.75
A4: 45685 | B4: 45.66
A5: 45688 | B5: 66.11
A6: 45689 | B6: 14
A7: 45701 | B7: 17.63
A8: 45706 | B8: 21.35
A9: 45716 | B9: 23.41
A10: 45748 | B10: 9.64
A11: 45753 | B11: 65.68
A12: 45756 | B12: 93.71
A13: 45772 | B13: 70.14
... A121: 46294 | B121: 20.54

Sheet Year over year
A1: This year | B1: 2026 | C1: =IF(ISNUMBER(B1),IF(AND(B1=INT(B1),B1>=1901,B1<=9998),"OK","Type a whole year, like 2026"),"Type a whole year, like 2026") | D1: Latest order | E1: =IF(COUNT(Orders!$A:$A)=0,"",MAX(Orders!$A:$A))
A2: Last year | B2: =IF(C1="OK",B1-1,"") | D2: Check | E2: =IF(C1<>"OK","CHECK",IF(C16="",IF(AND(C21=0,ABS(D16-SUMIFS(Orders!$B:$B,Orders!$A:$A,">="&DATE(B1-1,1,1),Orders!$A:$A,"<"&DATE(B1,1,1)))<0.005,COUNTIFS(Orders!$A:$A,">="&DATE(B1,1,1),Orders!$A:$A,"<"&DATE(B1+1,1,1))=0),"OK","CHECK"),IF(AND(C21=0,ABS(C16-SUMIFS(Orders!$B:$B,Orders!$A:$A,">="&DATE(B1,1,1),Orders!$A:$A,"<"&DATE(B1+1,1,1)))<0.005,ABS(D16-SUMIFS(Orders!$B:$B,Orders!$A:$A,">="&DATE(B1-1,1,1),Orders!$A:$A,"<"&DATE(B1,1,1)))<0.005),"OK","CHECK")))
A3: Month | B3: Month starts | C3: This year | D3: Last year | E3: Change ($) | F3: Change (%)
A4: =IF(B4="","",TEXT(B4,"mmmm")) | B4: =IF($C$1<>"OK","",DATE($B$1,ROWS($A$4:A4),1)) | C4: =IF(B4="","",IF(NOT(ISNUMBER($E$1)),"",IF(B4>$E$1,"",SUMIFS(Orders!$B:$B,Orders!$A:$A,">="&B4,Orders!$A:$A,"<"&EDATE(B4,1))))) | D4: =IF(B4="","",SUMIFS(Orders!$B:$B,Orders!$A:$A,">="&EDATE(B4,-12),Orders!$A:$A,"<"&EDATE(B4,-11))) | E4: =IF(OR(C4="",D4=""),"",ROUND(C4-D4,2)) | F4: =IF(OR(C4="",D4=""),"",IF(D4=0,"n/a",C4/D4-1))
A5: =IF(B5="","",TEXT(B5,"mmmm")) | B5: =IF($C$1<>"OK","",DATE($B$1,ROWS($A$4:A5),1)) | C5: =IF(B5="","",IF(NOT(ISNUMBER($E$1)),"",IF(B5>$E$1,"",SUMIFS(Orders!$B:$B,Orders!$A:$A,">="&B5,Orders!$A:$A,"<"&EDATE(B5,1))))) | D5: =IF(B5="","",SUMIFS(Orders!$B:$B,Orders!$A:$A,">="&EDATE(B5,-12),Orders!$A:$A,"<"&EDATE(B5,-11))) | E5: =IF(OR(C5="",D5=""),"",ROUND(C5-D5,2)) | F5: =IF(OR(C5="",D5=""),"",IF(D5=0,"n/a",C5/D5-1))
A6: =IF(B6="","",TEXT(B6,"mmmm")) | B6: =IF($C$1<>"OK","",DATE($B$1,ROWS($A$4:A6),1)) | C6: =IF(B6="","",IF(NOT(ISNUMBER($E$1)),"",IF(B6>$E$1,"",SUMIFS(Orders!$B:$B,Orders!$A:$A,">="&B6,Orders!$A:$A,"<"&EDATE(B6,1))))) | D6: =IF(B6="","",SUMIFS(Orders!$B:$B,Orders!$A:$A,">="&EDATE(B6,-12),Orders!$A:$A,"<"&EDATE(B6,-11))) | E6: =IF(OR(C6="",D6=""),"",ROUND(C6-D6,2)) | F6: =IF(OR(C6="",D6=""),"",IF(D6=0,"n/a",C6/D6-1))
A7: =IF(B7="","",TEXT(B7,"mmmm")) | B7: =IF($C$1<>"OK","",DATE($B$1,ROWS($A$4:A7),1)) | C7: =IF(B7="","",IF(NOT(ISNUMBER($E$1)),"",IF(B7>$E$1,"",SUMIFS(Orders!$B:$B,Orders!$A:$A,">="&B7,Orders!$A:$A,"<"&EDATE(B7,1))))) | D7: =IF(B7="","",SUMIFS(Orders!$B:$B,Orders!$A:$A,">="&EDATE(B7,-12),Orders!$A:$A,"<"&EDATE(B7,-11))) | E7: =IF(OR(C7="",D7=""),"",ROUND(C7-D7,2)) | F7: =IF(OR(C7="",D7=""),"",IF(D7=0,"n/a",C7/D7-1))
A8: =IF(B8="","",TEXT(B8,"mmmm")) | B8: =IF($C$1<>"OK","",DATE($B$1,ROWS($A$4:A8),1)) | C8: =IF(B8="","",IF(NOT(ISNUMBER($E$1)),"",IF(B8>$E$1,"",SUMIFS(Orders!$B:$B,Orders!$A:$A,">="&B8,Orders!$A:$A,"<"&EDATE(B8,1))))) | D8: =IF(B8="","",SUMIFS(Orders!$B:$B,Orders!$A:$A,">="&EDATE(B8,-12),Orders!$A:$A,"<"&EDATE(B8,-11))) | E8: =IF(OR(C8="",D8=""),"",ROUND(C8-D8,2)) | F8: =IF(OR(C8="",D8=""),"",IF(D8=0,"n/a",C8/D8-1))
A9: =IF(B9="","",TEXT(B9,"mmmm")) | B9: =IF($C$1<>"OK","",DATE($B$1,ROWS($A$4:A9),1)) | C9: =IF(B9="","",IF(NOT(ISNUMBER($E$1)),"",IF(B9>$E$1,"",SUMIFS(Orders!$B:$B,Orders!$A:$A,">="&B9,Orders!$A:$A,"<"&EDATE(B9,1))))) | D9: =IF(B9="","",SUMIFS(Orders!$B:$B,Orders!$A:$A,">="&EDATE(B9,-12),Orders!$A:$A,"<"&EDATE(B9,-11))) | E9: =IF(OR(C9="",D9=""),"",ROUND(C9-D9,2)) | F9: =IF(OR(C9="",D9=""),"",IF(D9=0,"n/a",C9/D9-1))
A10: =IF(B10="","",TEXT(B10,"mmmm")) | B10: =IF($C$1<>"OK","",DATE($B$1,ROWS($A$4:A10),1)) | C10: =IF(B10="","",IF(NOT(ISNUMBER($E$1)),"",IF(B10>$E$1,"",SUMIFS(Orders!$B:$B,Orders!$A:$A,">="&B10,Orders!$A:$A,"<"&EDATE(B10,1))))) | D10: =IF(B10="","",SUMIFS(Orders!$B:$B,Orders!$A:$A,">="&EDATE(B10,-12),Orders!$A:$A,"<"&EDATE(B10,-11))) | E10: =IF(OR(C10="",D10=""),"",ROUND(C10-D10,2)) | F10: =IF(OR(C10="",D10=""),"",IF(D10=0,"n/a",C10/D10-1))
A11: =IF(B11="","",TEXT(B11,"mmmm")) | B11: =IF($C$1<>"OK","",DATE($B$1,ROWS($A$4:A11),1)) | C11: =IF(B11="","",IF(NOT(ISNUMBER($E$1)),"",IF(B11>$E$1,"",SUMIFS(Orders!$B:$B,Orders!$A:$A,">="&B11,Orders!$A:$A,"<"&EDATE(B11,1))))) | D11: =IF(B11="","",SUMIFS(Orders!$B:$B,Orders!$A:$A,">="&EDATE(B11,-12),Orders!$A:$A,"<"&EDATE(B11,-11))) | E11: =IF(OR(C11="",D11=""),"",ROUND(C11-D11,2)) | F11: =IF(OR(C11="",D11=""),"",IF(D11=0,"n/a",C11/D11-1))
A12: =IF(B12="","",TEXT(B12,"mmmm")) | B12: =IF($C$1<>"OK","",DATE($B$1,ROWS($A$4:A12),1)) | C12: =IF(B12="","",IF(NOT(ISNUMBER($E$1)),"",IF(B12>$E$1,"",SUMIFS(Orders!$B:$B,Orders!$A:$A,">="&B12,Orders!$A:$A,"<"&EDATE(B12,1))))) | D12: =IF(B12="","",SUMIFS(Orders!$B:$B,Orders!$A:$A,">="&EDATE(B12,-12),Orders!$A:$A,"<"&EDATE(B12,-11))) | E12: =IF(OR(C12="",D12=""),"",ROUND(C12-D12,2)) | F12: =IF(OR(C12="",D12=""),"",IF(D12=0,"n/a",C12/D12-1))
A13: =IF(B13="","",TEXT(B13,"mmmm")) | B13: =IF($C$1<>"OK","",DATE($B$1,ROWS($A$4:A13),1)) | C13: =IF(B13="","",IF(NOT(ISNUMBER($E$1)),"",IF(B13>$E$1,"",SUMIFS(Orders!$B:$B,Orders!$A:$A,">="&B13,Orders!$A:$A,"<"&EDATE(B13,1))))) | D13: =IF(B13="","",SUMIFS(Orders!$B:$B,Orders!$A:$A,">="&EDATE(B13,-12),Orders!$A:$A,"<"&EDATE(B13,-11))) | E13: =IF(OR(C13="",D13=""),"",ROUND(C13-D13,2)) | F13: =IF(OR(C13="",D13=""),"",IF(D13=0,"n/a",C13/D13-1))
A14: =IF(B14="","",TEXT(B14,"mmmm")) | B14: =IF($C$1<>"OK","",DATE($B$1,ROWS($A$4:A14),1)) | C14: =IF(B14="","",IF(NOT(ISNUMBER($E$1)),"",IF(B14>$E$1,"",SUMIFS(Orders!$B:$B,Orders!$A:$A,">="&B14,Orders!$A:$A,"<"&EDATE(B14,1))))) | D14: =IF(B14="","",SUMIFS(Orders!$B:$B,Orders!$A:$A,">="&EDATE(B14,-12),Orders!$A:$A,"<"&EDATE(B14,-11))) | E14: =IF(OR(C14="",D14=""),"",ROUND(C14-D14,2)) | F14: =IF(OR(C14="",D14=""),"",IF(D14=0,"n/a",C14/D14-1))
A15: =IF(B15="","",TEXT(B15,"mmmm")) | B15: =IF($C$1<>"OK","",DATE($B$1,ROWS($A$4:A15),1)) | C15: =IF(B15="","",IF(NOT(ISNUMBER($E$1)),"",IF(B15>$E$1,"",SUMIFS(Orders!$B:$B,Orders!$A:$A,">="&B15,Orders!$A:$A,"<"&EDATE(B15,1))))) | D15: =IF(B15="","",SUMIFS(Orders!$B:$B,Orders!$A:$A,">="&EDATE(B15,-12),Orders!$A:$A,"<"&EDATE(B15,-11))) | E15: =IF(OR(C15="",D15=""),"",ROUND(C15-D15,2)) | F15: =IF(OR(C15="",D15=""),"",IF(D15=0,"n/a",C15/D15-1))
A16: Total | C16: =IF(OR($C$1<>"OK",COUNT(C4:C15)=0),"",SUM(C4:C15)) | D16: =IF($C$1<>"OK","",SUM(D4:D15)) | E16: =IF(OR(C16="",D16=""),"",ROUND(C16-D16,2)) | F16: =IF(OR(C16="",D16=""),"",IF(D16=0,"n/a",C16/D16-1))
A17: Last year, same months only | D17: =IF(C16="","",SUMPRODUCT(--ISNUMBER(C4:C15),D4:D15)) | E17: =IF(OR(C16="",D17=""),"",ROUND(C16-D17,2)) | F17: =IF(OR(C16="",D17=""),"",IF(D17=0,"n/a",C16/D17-1))
A19: Best month (biggest $ gain) | C19: =IF(COUNT(E4:E15)=0,"n/a",IF(MAX(E4:E15)<=0,"No month is up",INDEX(A4:A15,MATCH(MAX(E4:E15),E4:E15,0))))
A20: Weakest month (biggest $ drop) | C20: =IF(COUNT(E4:E15)=0,"n/a",IF(MIN(E4:E15)>=0,"No month is down",INDEX(A4:A15,MATCH(MIN(E4:E15),E4:E15,0))))
A21: Orders without a real date | C21: =SUMPRODUCT(--(Orders!$B$2:$B$1000<>""),--NOT(ISNUMBER(Orders!$A$2:$A$1000)))
A22: Orders in other years | C22: =IF(C1<>"OK",0,COUNT(Orders!$A$2:$A$1000)-COUNTIFS(Orders!$A$2:$A$1000,">="&DATE(B1-1,1,1),Orders!$A$2:$A$1000,"<"&DATE(B1+1,1,1)))
A24: A blank this-year cell means the month starts after the latest order.
A25: Nothing is recorded yet. It is not a month of zero sales.
A26: The latest month shown may be partial. With no month shown, totals stay blank.

Sheet How to use
A1: Tidy Tabs: Compare This Year's Sales to Last Year, Month by Month
A3: 1. Orders tab: type the order date and amount in A2:B500 (yellow). The sample is 120 fictional orders from an online shop, from 01/01/2025 to 09/29/2026. A refund is a negative amount. The formulas read whole columns A and B, so orders added below are counted.
A4: 2. Year over year tab: type the year to look at in B1 (yellow, 2026). B2 is the year before. C1 shows OK when B1 is a whole year.
A5: 3. Month starts, B4: =DATE($B$1,ROWS($A$4:A4),1). ROWS counts 1, 2, 3 ... down the table, so each row is the next month.
A6: 4. This year, C4: =SUMIFS(Orders!$B:$B,Orders!$A:$A,">="&B4,Orders!$A:$A,"<"&EDATE(B4,1)). It adds amounts dated on or after the first of the month and before the first of the next month, so the first and last day of the month are both included. A month that starts after the latest order date (E1) is left blank.
A7: 5. Last year, D4: the same SUMIFS with EDATE(B4,-12) and EDATE(B4,-11), the same month one year earlier. Change ($), E4: =ROUND(C4-D4,2). Change (%), F4: =IF(D4=0,"n/a",C4/D4-1), so a month with no sales last year shows n/a, not #DIV/0!.
A8: 6. Totals, row 16. Row 17 compares this year with last year over only the months shown in this year, which is the fair comparison when this year is not over.
A9: 7. Best month, C19: =INDEX(A4:A15,MATCH(MAX(E4:E15),E4:E15,0)), the month with the biggest dollar gain; the weakest month is the same with MIN. A tie gives the first month.
A10: 8. E2 shows OK when the year is valid, no order has a missing or text date, and both yearly totals equal a SUMIFS over the full calendar year. C22 counts orders from other years (not an error).
A11: 9. A percent change on a month with a small or negative base can look extreme. The sheet shows the numbers; it does not judge them.
A13: Orders and amounts are fictional. Checked in LibreOffice Calc only; not opened in Excel or Google Sheets.
A14: Google Sheets: File > Import > Upload this .xlsx.
