Workbook

Sheet Jan
A1: Line | B1: Amount
A2: Sales | B2: 3150
A3: Supplies | B3: 820.4
A4: Fees | B4: 252

Sheet Feb
A1: Line | B1: Amount
A2: Sales | B2: 2875.5
A3: Supplies | B3: 640.25
A4: Fees | B4: 230.04

Sheet Mar
A1: Line | B1: Amount
A2: Sales | B2: 3980
A3: Supplies | B3: 1105.8
A4: Fees | B4: 318.4

Sheet Apr
A1: Line | B1: Amount
A2: Sales | B2: 4410.75
A3: Supplies | B3: 960.1
A4: Fees | B4: 352.86

Sheet Summary
A1: Line | B1: Plus version | C1: 3D SUM (Excel) | D1: INDIRECT version
A2: Sales | B2: =Jan!B2+Feb!B2+Mar!B2+Apr!B2 | C2: =SUM(Jan:Apr!B2) | D2: =B21
A3: Supplies | B3: =Jan!B3+Feb!B3+Mar!B3+Apr!B3 | C3: =SUM(Jan:Apr!B3) | D3: =C21
A4: Fees | B4: =Jan!B4+Feb!B4+Mar!B4+Apr!B4 | C4: =SUM(Jan:Apr!B4) | D4: =D21
A6: The plus version has no 3D reference, so use it in Google Sheets. 3D SUM is for Excel and LibreOffice.
A7: Months by tab name (INDIRECT)
A8: Tab name (type it) | B8: Sales | C8: Supplies | D8: Fees
A9: Jan | B9: =IF($A9="","",IF(ISERROR(INDIRECT("'"&$A9&"'!B2")),"Check sheet name",INDIRECT("'"&$A9&"'!B2"))) | C9: =IF($A9="","",IF(ISERROR(INDIRECT("'"&$A9&"'!B3")),"Check sheet name",INDIRECT("'"&$A9&"'!B3"))) | D9: =IF($A9="","",IF(ISERROR(INDIRECT("'"&$A9&"'!B4")),"Check sheet name",INDIRECT("'"&$A9&"'!B4")))
A10: Feb | B10: =IF($A10="","",IF(ISERROR(INDIRECT("'"&$A10&"'!B2")),"Check sheet name",INDIRECT("'"&$A10&"'!B2"))) | C10: =IF($A10="","",IF(ISERROR(INDIRECT("'"&$A10&"'!B3")),"Check sheet name",INDIRECT("'"&$A10&"'!B3"))) | D10: =IF($A10="","",IF(ISERROR(INDIRECT("'"&$A10&"'!B4")),"Check sheet name",INDIRECT("'"&$A10&"'!B4")))
A11: Mar | B11: =IF($A11="","",IF(ISERROR(INDIRECT("'"&$A11&"'!B2")),"Check sheet name",INDIRECT("'"&$A11&"'!B2"))) | C11: =IF($A11="","",IF(ISERROR(INDIRECT("'"&$A11&"'!B3")),"Check sheet name",INDIRECT("'"&$A11&"'!B3"))) | D11: =IF($A11="","",IF(ISERROR(INDIRECT("'"&$A11&"'!B4")),"Check sheet name",INDIRECT("'"&$A11&"'!B4")))
A12: Apr | B12: =IF($A12="","",IF(ISERROR(INDIRECT("'"&$A12&"'!B2")),"Check sheet name",INDIRECT("'"&$A12&"'!B2"))) | C12: =IF($A12="","",IF(ISERROR(INDIRECT("'"&$A12&"'!B3")),"Check sheet name",INDIRECT("'"&$A12&"'!B3"))) | D12: =IF($A12="","",IF(ISERROR(INDIRECT("'"&$A12&"'!B4")),"Check sheet name",INDIRECT("'"&$A12&"'!B4")))
B13: =IF($A13="","",IF(ISERROR(INDIRECT("'"&$A13&"'!B2")),"Check sheet name",INDIRECT("'"&$A13&"'!B2"))) | C13: =IF($A13="","",IF(ISERROR(INDIRECT("'"&$A13&"'!B3")),"Check sheet name",INDIRECT("'"&$A13&"'!B3"))) | D13: =IF($A13="","",IF(ISERROR(INDIRECT("'"&$A13&"'!B4")),"Check sheet name",INDIRECT("'"&$A13&"'!B4")))
B14: =IF($A14="","",IF(ISERROR(INDIRECT("'"&$A14&"'!B2")),"Check sheet name",INDIRECT("'"&$A14&"'!B2"))) | C14: =IF($A14="","",IF(ISERROR(INDIRECT("'"&$A14&"'!B3")),"Check sheet name",INDIRECT("'"&$A14&"'!B3"))) | D14: =IF($A14="","",IF(ISERROR(INDIRECT("'"&$A14&"'!B4")),"Check sheet name",INDIRECT("'"&$A14&"'!B4")))
B15: =IF($A15="","",IF(ISERROR(INDIRECT("'"&$A15&"'!B2")),"Check sheet name",INDIRECT("'"&$A15&"'!B2"))) | C15: =IF($A15="","",IF(ISERROR(INDIRECT("'"&$A15&"'!B3")),"Check sheet name",INDIRECT("'"&$A15&"'!B3"))) | D15: =IF($A15="","",IF(ISERROR(INDIRECT("'"&$A15&"'!B4")),"Check sheet name",INDIRECT("'"&$A15&"'!B4")))
B16: =IF($A16="","",IF(ISERROR(INDIRECT("'"&$A16&"'!B2")),"Check sheet name",INDIRECT("'"&$A16&"'!B2"))) | C16: =IF($A16="","",IF(ISERROR(INDIRECT("'"&$A16&"'!B3")),"Check sheet name",INDIRECT("'"&$A16&"'!B3"))) | D16: =IF($A16="","",IF(ISERROR(INDIRECT("'"&$A16&"'!B4")),"Check sheet name",INDIRECT("'"&$A16&"'!B4")))
B17: =IF($A17="","",IF(ISERROR(INDIRECT("'"&$A17&"'!B2")),"Check sheet name",INDIRECT("'"&$A17&"'!B2"))) | C17: =IF($A17="","",IF(ISERROR(INDIRECT("'"&$A17&"'!B3")),"Check sheet name",INDIRECT("'"&$A17&"'!B3"))) | D17: =IF($A17="","",IF(ISERROR(INDIRECT("'"&$A17&"'!B4")),"Check sheet name",INDIRECT("'"&$A17&"'!B4")))
B18: =IF($A18="","",IF(ISERROR(INDIRECT("'"&$A18&"'!B2")),"Check sheet name",INDIRECT("'"&$A18&"'!B2"))) | C18: =IF($A18="","",IF(ISERROR(INDIRECT("'"&$A18&"'!B3")),"Check sheet name",INDIRECT("'"&$A18&"'!B3"))) | D18: =IF($A18="","",IF(ISERROR(INDIRECT("'"&$A18&"'!B4")),"Check sheet name",INDIRECT("'"&$A18&"'!B4")))
B19: =IF($A19="","",IF(ISERROR(INDIRECT("'"&$A19&"'!B2")),"Check sheet name",INDIRECT("'"&$A19&"'!B2"))) | C19: =IF($A19="","",IF(ISERROR(INDIRECT("'"&$A19&"'!B3")),"Check sheet name",INDIRECT("'"&$A19&"'!B3"))) | D19: =IF($A19="","",IF(ISERROR(INDIRECT("'"&$A19&"'!B4")),"Check sheet name",INDIRECT("'"&$A19&"'!B4")))
B20: =IF($A20="","",IF(ISERROR(INDIRECT("'"&$A20&"'!B2")),"Check sheet name",INDIRECT("'"&$A20&"'!B2"))) | C20: =IF($A20="","",IF(ISERROR(INDIRECT("'"&$A20&"'!B3")),"Check sheet name",INDIRECT("'"&$A20&"'!B3"))) | D20: =IF($A20="","",IF(ISERROR(INDIRECT("'"&$A20&"'!B4")),"Check sheet name",INDIRECT("'"&$A20&"'!B4")))
A21: Total | B21: =SUM(B9:B20) | C21: =SUM(C9:C20) | D21: =SUM(D9:D20)
A23: Check: plus version equals INDIRECT totals | B23: =IFERROR(IF(AND(COUNT(B9:D20)=3*COUNTA(A9:A20),ABS(B2-D2)<0.005,ABS(B3-D3)<0.005,ABS(B4-D4)<0.005),"OK","CHECK"),"CHECK")
A24: Check: 3D SUM equals plus version (Excel, LibreOffice) | B24: =IF(ISERROR(C2+C3+C4),"Not supported here",IFERROR(IF(AND(ABS(B2-C2)<0.005,ABS(B3-C3)<0.005,ABS(B4-C4)<0.005),"OK","CHECK"),"CHECK"))

Sheet How to use
A1: Tidy Tabs: Add the Same Cell Across Monthly Sheets
A3: 1. Jan, Feb, Mar and Apr tabs have the same layout: Sales in B2, Supplies in B3, Fees in B4 (yellow). Keep every month in the same cells.
A4: 2. Summary B2: =Jan!B2+Feb!B2+Mar!B2+Apr!B2. This plain version works in Excel, Google Sheets and LibreOffice. To add a month, add + and the new tab's cell. A text amount such as n/a makes + show #VALUE!. Text that looks like a number, such as $100 typed as text, is converted by + in LibreOffice but SUM skips it, so the plus and 3D totals then differ and B24 shows CHECK.
A5: 3. Summary C2: =SUM(Jan:Apr!B2). This is a 3D reference: it adds B2 on every tab from Jan to Apr, by tab position. In Excel a tab dragged between Jan and Apr is included and a tab outside them is not. SUM ignores text amounts. Google Sheets does not support 3D references, so column C shows an error there (see Google's help for Sheets). Do not rely on it if you use Sheets.
A6: 4. Summary A9:A20 and B9:D21: type each tab name in column A (yellow). B9 is =IF($A9="","",IF(ISERROR(INDIRECT("'"&$A9&"'!B2")),"Check sheet name",INDIRECT("'"&$A9&"'!B2"))). INDIRECT builds the cell address from text and, unlike a 3D reference, exists in Excel, Google Sheets and LibreOffice (we ran it in LibreOffice only). A misspelled tab name shows Check sheet name instead of #REF!.
A7: 5. INDIRECT reads the typed name. If you rename a tab, the plus and 3D formulas follow the new name in Excel, but the INDIRECT table keeps the old text and shows Check sheet name until you retype the name in column A.
A8: 6. Summary B23 shows OK when the plus totals equal the INDIRECT totals and every typed tab name returned numbers. B24 shows OK when the 3D totals equal the plus totals, or Not supported here when the app has no 3D reference.
A9: 7. Sums only. Sales, supplies and fees here are sample amounts, not bookkeeping or tax advice.
A11: The shop and the amounts are fictional. Checked in LibreOffice Calc only; not opened in Excel or Google Sheets.
A12: Google Sheets: File > Import > Upload this .xlsx. Column C will not calculate in Sheets.
