Workbook

Sheet Calendar
A1: Year | B1: 2026 | I1: Days shown in the grid | J1: =COUNT(A6:G11)
A2: Month number | B2: 10 | I2: Events on the Events tab | J2: =COUNT(Events!$A$2:$A$200)
A3: First day | B3: =IF(AND(ISNUMBER(B1),ISNUMBER(B2)),IF(AND(B1>=1901,B1<=9999,B2>=1,B2<=12,B2=INT(B2),B1=INT(B1)),DATE(B1,B2,1),""),"") | I3: Events in this month | J3: =SUM(A14:G19)
A4: =IF(ISNUMBER(B3),TEXT(B3,"mmmm yyyy"),"Type a year (1901 to 9999) and a month number (1 to 12)") | I4: Events in other months | J4: =IF(ISNUMBER(B3),J2-J3,"")
A5: Sun | B5: Mon | C5: Tue | D5: Wed | E5: Thu | F5: Fri | G5: Sat | I5: Check: valid month, event dates are whole days | J5: =IF(AND(ISNUMBER(B3),COUNT(Events!$A$2:$A$200)=COUNTA(Events!$A$2:$A$200)),IF(SUMPRODUCT(--(Events!$A$2:$A$200<>INT(Events!$A$2:$A$200)))=0,"OK","CHECK"),"CHECK")
A6: =IF(ISNUMBER($B$3),IF(MONTH($B$3-WEEKDAY($B$3)+1+(ROW()-ROW($A$6))*7+COLUMN()-COLUMN($A$6))=$B$2,$B$3-WEEKDAY($B$3)+1+(ROW()-ROW($A$6))*7+COLUMN()-COLUMN($A$6),""),"") | B6: =IF(ISNUMBER($B$3),IF(MONTH($B$3-WEEKDAY($B$3)+1+(ROW()-ROW($A$6))*7+COLUMN()-COLUMN($A$6))=$B$2,$B$3-WEEKDAY($B$3)+1+(ROW()-ROW($A$6))*7+COLUMN()-COLUMN($A$6),""),"") | C6: =IF(ISNUMBER($B$3),IF(MONTH($B$3-WEEKDAY($B$3)+1+(ROW()-ROW($A$6))*7+COLUMN()-COLUMN($A$6))=$B$2,$B$3-WEEKDAY($B$3)+1+(ROW()-ROW($A$6))*7+COLUMN()-COLUMN($A$6),""),"") | D6: =IF(ISNUMBER($B$3),IF(MONTH($B$3-WEEKDAY($B$3)+1+(ROW()-ROW($A$6))*7+COLUMN()-COLUMN($A$6))=$B$2,$B$3-WEEKDAY($B$3)+1+(ROW()-ROW($A$6))*7+COLUMN()-COLUMN($A$6),""),"") | E6: =IF(ISNUMBER($B$3),IF(MONTH($B$3-WEEKDAY($B$3)+1+(ROW()-ROW($A$6))*7+COLUMN()-COLUMN($A$6))=$B$2,$B$3-WEEKDAY($B$3)+1+(ROW()-ROW($A$6))*7+COLUMN()-COLUMN($A$6),""),"") | F6: =IF(ISNUMBER($B$3),IF(MONTH($B$3-WEEKDAY($B$3)+1+(ROW()-ROW($A$6))*7+COLUMN()-COLUMN($A$6))=$B$2,$B$3-WEEKDAY($B$3)+1+(ROW()-ROW($A$6))*7+COLUMN()-COLUMN($A$6),""),"") | G6: =IF(ISNUMBER($B$3),IF(MONTH($B$3-WEEKDAY($B$3)+1+(ROW()-ROW($A$6))*7+COLUMN()-COLUMN($A$6))=$B$2,$B$3-WEEKDAY($B$3)+1+(ROW()-ROW($A$6))*7+COLUMN()-COLUMN($A$6),""),"")
A7: =IF(ISNUMBER($B$3),IF(MONTH($B$3-WEEKDAY($B$3)+1+(ROW()-ROW($A$6))*7+COLUMN()-COLUMN($A$6))=$B$2,$B$3-WEEKDAY($B$3)+1+(ROW()-ROW($A$6))*7+COLUMN()-COLUMN($A$6),""),"") | B7: =IF(ISNUMBER($B$3),IF(MONTH($B$3-WEEKDAY($B$3)+1+(ROW()-ROW($A$6))*7+COLUMN()-COLUMN($A$6))=$B$2,$B$3-WEEKDAY($B$3)+1+(ROW()-ROW($A$6))*7+COLUMN()-COLUMN($A$6),""),"") | C7: =IF(ISNUMBER($B$3),IF(MONTH($B$3-WEEKDAY($B$3)+1+(ROW()-ROW($A$6))*7+COLUMN()-COLUMN($A$6))=$B$2,$B$3-WEEKDAY($B$3)+1+(ROW()-ROW($A$6))*7+COLUMN()-COLUMN($A$6),""),"") | D7: =IF(ISNUMBER($B$3),IF(MONTH($B$3-WEEKDAY($B$3)+1+(ROW()-ROW($A$6))*7+COLUMN()-COLUMN($A$6))=$B$2,$B$3-WEEKDAY($B$3)+1+(ROW()-ROW($A$6))*7+COLUMN()-COLUMN($A$6),""),"") | E7: =IF(ISNUMBER($B$3),IF(MONTH($B$3-WEEKDAY($B$3)+1+(ROW()-ROW($A$6))*7+COLUMN()-COLUMN($A$6))=$B$2,$B$3-WEEKDAY($B$3)+1+(ROW()-ROW($A$6))*7+COLUMN()-COLUMN($A$6),""),"") | F7: =IF(ISNUMBER($B$3),IF(MONTH($B$3-WEEKDAY($B$3)+1+(ROW()-ROW($A$6))*7+COLUMN()-COLUMN($A$6))=$B$2,$B$3-WEEKDAY($B$3)+1+(ROW()-ROW($A$6))*7+COLUMN()-COLUMN($A$6),""),"") | G7: =IF(ISNUMBER($B$3),IF(MONTH($B$3-WEEKDAY($B$3)+1+(ROW()-ROW($A$6))*7+COLUMN()-COLUMN($A$6))=$B$2,$B$3-WEEKDAY($B$3)+1+(ROW()-ROW($A$6))*7+COLUMN()-COLUMN($A$6),""),"")
A8: =IF(ISNUMBER($B$3),IF(MONTH($B$3-WEEKDAY($B$3)+1+(ROW()-ROW($A$6))*7+COLUMN()-COLUMN($A$6))=$B$2,$B$3-WEEKDAY($B$3)+1+(ROW()-ROW($A$6))*7+COLUMN()-COLUMN($A$6),""),"") | B8: =IF(ISNUMBER($B$3),IF(MONTH($B$3-WEEKDAY($B$3)+1+(ROW()-ROW($A$6))*7+COLUMN()-COLUMN($A$6))=$B$2,$B$3-WEEKDAY($B$3)+1+(ROW()-ROW($A$6))*7+COLUMN()-COLUMN($A$6),""),"") | C8: =IF(ISNUMBER($B$3),IF(MONTH($B$3-WEEKDAY($B$3)+1+(ROW()-ROW($A$6))*7+COLUMN()-COLUMN($A$6))=$B$2,$B$3-WEEKDAY($B$3)+1+(ROW()-ROW($A$6))*7+COLUMN()-COLUMN($A$6),""),"") | D8: =IF(ISNUMBER($B$3),IF(MONTH($B$3-WEEKDAY($B$3)+1+(ROW()-ROW($A$6))*7+COLUMN()-COLUMN($A$6))=$B$2,$B$3-WEEKDAY($B$3)+1+(ROW()-ROW($A$6))*7+COLUMN()-COLUMN($A$6),""),"") | E8: =IF(ISNUMBER($B$3),IF(MONTH($B$3-WEEKDAY($B$3)+1+(ROW()-ROW($A$6))*7+COLUMN()-COLUMN($A$6))=$B$2,$B$3-WEEKDAY($B$3)+1+(ROW()-ROW($A$6))*7+COLUMN()-COLUMN($A$6),""),"") | F8: =IF(ISNUMBER($B$3),IF(MONTH($B$3-WEEKDAY($B$3)+1+(ROW()-ROW($A$6))*7+COLUMN()-COLUMN($A$6))=$B$2,$B$3-WEEKDAY($B$3)+1+(ROW()-ROW($A$6))*7+COLUMN()-COLUMN($A$6),""),"") | G8: =IF(ISNUMBER($B$3),IF(MONTH($B$3-WEEKDAY($B$3)+1+(ROW()-ROW($A$6))*7+COLUMN()-COLUMN($A$6))=$B$2,$B$3-WEEKDAY($B$3)+1+(ROW()-ROW($A$6))*7+COLUMN()-COLUMN($A$6),""),"")
A9: =IF(ISNUMBER($B$3),IF(MONTH($B$3-WEEKDAY($B$3)+1+(ROW()-ROW($A$6))*7+COLUMN()-COLUMN($A$6))=$B$2,$B$3-WEEKDAY($B$3)+1+(ROW()-ROW($A$6))*7+COLUMN()-COLUMN($A$6),""),"") | B9: =IF(ISNUMBER($B$3),IF(MONTH($B$3-WEEKDAY($B$3)+1+(ROW()-ROW($A$6))*7+COLUMN()-COLUMN($A$6))=$B$2,$B$3-WEEKDAY($B$3)+1+(ROW()-ROW($A$6))*7+COLUMN()-COLUMN($A$6),""),"") | C9: =IF(ISNUMBER($B$3),IF(MONTH($B$3-WEEKDAY($B$3)+1+(ROW()-ROW($A$6))*7+COLUMN()-COLUMN($A$6))=$B$2,$B$3-WEEKDAY($B$3)+1+(ROW()-ROW($A$6))*7+COLUMN()-COLUMN($A$6),""),"") | D9: =IF(ISNUMBER($B$3),IF(MONTH($B$3-WEEKDAY($B$3)+1+(ROW()-ROW($A$6))*7+COLUMN()-COLUMN($A$6))=$B$2,$B$3-WEEKDAY($B$3)+1+(ROW()-ROW($A$6))*7+COLUMN()-COLUMN($A$6),""),"") | E9: =IF(ISNUMBER($B$3),IF(MONTH($B$3-WEEKDAY($B$3)+1+(ROW()-ROW($A$6))*7+COLUMN()-COLUMN($A$6))=$B$2,$B$3-WEEKDAY($B$3)+1+(ROW()-ROW($A$6))*7+COLUMN()-COLUMN($A$6),""),"") | F9: =IF(ISNUMBER($B$3),IF(MONTH($B$3-WEEKDAY($B$3)+1+(ROW()-ROW($A$6))*7+COLUMN()-COLUMN($A$6))=$B$2,$B$3-WEEKDAY($B$3)+1+(ROW()-ROW($A$6))*7+COLUMN()-COLUMN($A$6),""),"") | G9: =IF(ISNUMBER($B$3),IF(MONTH($B$3-WEEKDAY($B$3)+1+(ROW()-ROW($A$6))*7+COLUMN()-COLUMN($A$6))=$B$2,$B$3-WEEKDAY($B$3)+1+(ROW()-ROW($A$6))*7+COLUMN()-COLUMN($A$6),""),"")
A10: =IF(ISNUMBER($B$3),IF(MONTH($B$3-WEEKDAY($B$3)+1+(ROW()-ROW($A$6))*7+COLUMN()-COLUMN($A$6))=$B$2,$B$3-WEEKDAY($B$3)+1+(ROW()-ROW($A$6))*7+COLUMN()-COLUMN($A$6),""),"") | B10: =IF(ISNUMBER($B$3),IF(MONTH($B$3-WEEKDAY($B$3)+1+(ROW()-ROW($A$6))*7+COLUMN()-COLUMN($A$6))=$B$2,$B$3-WEEKDAY($B$3)+1+(ROW()-ROW($A$6))*7+COLUMN()-COLUMN($A$6),""),"") | C10: =IF(ISNUMBER($B$3),IF(MONTH($B$3-WEEKDAY($B$3)+1+(ROW()-ROW($A$6))*7+COLUMN()-COLUMN($A$6))=$B$2,$B$3-WEEKDAY($B$3)+1+(ROW()-ROW($A$6))*7+COLUMN()-COLUMN($A$6),""),"") | D10: =IF(ISNUMBER($B$3),IF(MONTH($B$3-WEEKDAY($B$3)+1+(ROW()-ROW($A$6))*7+COLUMN()-COLUMN($A$6))=$B$2,$B$3-WEEKDAY($B$3)+1+(ROW()-ROW($A$6))*7+COLUMN()-COLUMN($A$6),""),"") | E10: =IF(ISNUMBER($B$3),IF(MONTH($B$3-WEEKDAY($B$3)+1+(ROW()-ROW($A$6))*7+COLUMN()-COLUMN($A$6))=$B$2,$B$3-WEEKDAY($B$3)+1+(ROW()-ROW($A$6))*7+COLUMN()-COLUMN($A$6),""),"") | F10: =IF(ISNUMBER($B$3),IF(MONTH($B$3-WEEKDAY($B$3)+1+(ROW()-ROW($A$6))*7+COLUMN()-COLUMN($A$6))=$B$2,$B$3-WEEKDAY($B$3)+1+(ROW()-ROW($A$6))*7+COLUMN()-COLUMN($A$6),""),"") | G10: =IF(ISNUMBER($B$3),IF(MONTH($B$3-WEEKDAY($B$3)+1+(ROW()-ROW($A$6))*7+COLUMN()-COLUMN($A$6))=$B$2,$B$3-WEEKDAY($B$3)+1+(ROW()-ROW($A$6))*7+COLUMN()-COLUMN($A$6),""),"")
A11: =IF(ISNUMBER($B$3),IF(MONTH($B$3-WEEKDAY($B$3)+1+(ROW()-ROW($A$6))*7+COLUMN()-COLUMN($A$6))=$B$2,$B$3-WEEKDAY($B$3)+1+(ROW()-ROW($A$6))*7+COLUMN()-COLUMN($A$6),""),"") | B11: =IF(ISNUMBER($B$3),IF(MONTH($B$3-WEEKDAY($B$3)+1+(ROW()-ROW($A$6))*7+COLUMN()-COLUMN($A$6))=$B$2,$B$3-WEEKDAY($B$3)+1+(ROW()-ROW($A$6))*7+COLUMN()-COLUMN($A$6),""),"") | C11: =IF(ISNUMBER($B$3),IF(MONTH($B$3-WEEKDAY($B$3)+1+(ROW()-ROW($A$6))*7+COLUMN()-COLUMN($A$6))=$B$2,$B$3-WEEKDAY($B$3)+1+(ROW()-ROW($A$6))*7+COLUMN()-COLUMN($A$6),""),"") | D11: =IF(ISNUMBER($B$3),IF(MONTH($B$3-WEEKDAY($B$3)+1+(ROW()-ROW($A$6))*7+COLUMN()-COLUMN($A$6))=$B$2,$B$3-WEEKDAY($B$3)+1+(ROW()-ROW($A$6))*7+COLUMN()-COLUMN($A$6),""),"") | E11: =IF(ISNUMBER($B$3),IF(MONTH($B$3-WEEKDAY($B$3)+1+(ROW()-ROW($A$6))*7+COLUMN()-COLUMN($A$6))=$B$2,$B$3-WEEKDAY($B$3)+1+(ROW()-ROW($A$6))*7+COLUMN()-COLUMN($A$6),""),"") | F11: =IF(ISNUMBER($B$3),IF(MONTH($B$3-WEEKDAY($B$3)+1+(ROW()-ROW($A$6))*7+COLUMN()-COLUMN($A$6))=$B$2,$B$3-WEEKDAY($B$3)+1+(ROW()-ROW($A$6))*7+COLUMN()-COLUMN($A$6),""),"") | G11: =IF(ISNUMBER($B$3),IF(MONTH($B$3-WEEKDAY($B$3)+1+(ROW()-ROW($A$6))*7+COLUMN()-COLUMN($A$6))=$B$2,$B$3-WEEKDAY($B$3)+1+(ROW()-ROW($A$6))*7+COLUMN()-COLUMN($A$6),""),"")
A12: Events per day (from the Events tab)
A13: Sun | B13: Mon | C13: Tue | D13: Wed | E13: Thu | F13: Fri | G13: Sat
A14: =IF(A6="","",COUNTIF(Events!$A$2:$A$200,A6)) | B14: =IF(B6="","",COUNTIF(Events!$A$2:$A$200,B6)) | C14: =IF(C6="","",COUNTIF(Events!$A$2:$A$200,C6)) | D14: =IF(D6="","",COUNTIF(Events!$A$2:$A$200,D6)) | E14: =IF(E6="","",COUNTIF(Events!$A$2:$A$200,E6)) | F14: =IF(F6="","",COUNTIF(Events!$A$2:$A$200,F6)) | G14: =IF(G6="","",COUNTIF(Events!$A$2:$A$200,G6))
A15: =IF(A7="","",COUNTIF(Events!$A$2:$A$200,A7)) | B15: =IF(B7="","",COUNTIF(Events!$A$2:$A$200,B7)) | C15: =IF(C7="","",COUNTIF(Events!$A$2:$A$200,C7)) | D15: =IF(D7="","",COUNTIF(Events!$A$2:$A$200,D7)) | E15: =IF(E7="","",COUNTIF(Events!$A$2:$A$200,E7)) | F15: =IF(F7="","",COUNTIF(Events!$A$2:$A$200,F7)) | G15: =IF(G7="","",COUNTIF(Events!$A$2:$A$200,G7))
A16: =IF(A8="","",COUNTIF(Events!$A$2:$A$200,A8)) | B16: =IF(B8="","",COUNTIF(Events!$A$2:$A$200,B8)) | C16: =IF(C8="","",COUNTIF(Events!$A$2:$A$200,C8)) | D16: =IF(D8="","",COUNTIF(Events!$A$2:$A$200,D8)) | E16: =IF(E8="","",COUNTIF(Events!$A$2:$A$200,E8)) | F16: =IF(F8="","",COUNTIF(Events!$A$2:$A$200,F8)) | G16: =IF(G8="","",COUNTIF(Events!$A$2:$A$200,G8))
A17: =IF(A9="","",COUNTIF(Events!$A$2:$A$200,A9)) | B17: =IF(B9="","",COUNTIF(Events!$A$2:$A$200,B9)) | C17: =IF(C9="","",COUNTIF(Events!$A$2:$A$200,C9)) | D17: =IF(D9="","",COUNTIF(Events!$A$2:$A$200,D9)) | E17: =IF(E9="","",COUNTIF(Events!$A$2:$A$200,E9)) | F17: =IF(F9="","",COUNTIF(Events!$A$2:$A$200,F9)) | G17: =IF(G9="","",COUNTIF(Events!$A$2:$A$200,G9))
A18: =IF(A10="","",COUNTIF(Events!$A$2:$A$200,A10)) | B18: =IF(B10="","",COUNTIF(Events!$A$2:$A$200,B10)) | C18: =IF(C10="","",COUNTIF(Events!$A$2:$A$200,C10)) | D18: =IF(D10="","",COUNTIF(Events!$A$2:$A$200,D10)) | E18: =IF(E10="","",COUNTIF(Events!$A$2:$A$200,E10)) | F18: =IF(F10="","",COUNTIF(Events!$A$2:$A$200,F10)) | G18: =IF(G10="","",COUNTIF(Events!$A$2:$A$200,G10))
A19: =IF(A11="","",COUNTIF(Events!$A$2:$A$200,A11)) | B19: =IF(B11="","",COUNTIF(Events!$A$2:$A$200,B11)) | C19: =IF(C11="","",COUNTIF(Events!$A$2:$A$200,C11)) | D19: =IF(D11="","",COUNTIF(Events!$A$2:$A$200,D11)) | E19: =IF(E11="","",COUNTIF(Events!$A$2:$A$200,E11)) | F19: =IF(F11="","",COUNTIF(Events!$A$2:$A$200,F11)) | G19: =IF(G11="","",COUNTIF(Events!$A$2:$A$200,G11))

Sheet Events
A1: Date | B1: What
A2: 46297 | B2: Spooky candle listing goes live
A3: 46298 | B3: Saturday farmers market
A4: 46303 | B4: Newsletter due
A5: 46305 | B5: Saturday farmers market
A6: 46305 | B6: Wholesale order ships
A7: 46310 | B7: Blog post due
A8: 46312 | B8: Craft fair booth
A9: 46317 | B9: Newsletter due
A10: 46319 | B10: Saturday farmers market
A11: 46323 | B11: Holiday shipping cutoff for wholesale
A12: 46326 | B12: Halloween market
A13: 46333 | B13: Saturday farmers market
A14: 46340 | B14: Craft fair booth

Sheet How to use
A1: Tidy Tabs: Monthly Calendar That Changes With the Month and Year
A3: 1. Calendar tab: type the year in B1 and the month number (1 to 12) in B2 (the label in A2 says Month number). Yellow. B2 has a dropdown. The calendar redraws.
A4: 2. First day, B3: =DATE(B1,B2,1) inside a test that the year is 1901 to 9999 and the month is a whole number 1 to 12. Otherwise B3 and the grid stay blank and the title asks for a valid year and month.
A5: 3. Grid, A6:G11 (6 weeks of 7 days, Sunday first). Every cell holds the same formula: =IF(MONTH($B$3-WEEKDAY($B$3)+1+(ROW()-ROW($A$6))*7+COLUMN()-COLUMN($A$6))=$B$2, that same date, ""), wrapped in a test that B3 is a date. $B$3-WEEKDAY($B$3)+1 is the Sunday on or before the 1st. Each cell adds 7 for every row down and 1 for every column across. A date outside the month shows blank. The cells hold real dates, shown with the number format d so only the day number appears.
A6: 4. Events tab: type the date (A) and what is happening (B). Yellow. Rows 2 to 200 are read. Type dates only, without a time. Two events on one day are both counted.
A7: 5. Events per day, A14:G19: =IF(A6="","",COUNTIF(Events!$A$2:$A$200,A6)). It counts the Events rows with that date. Days with no events show blank (the cell holds 0 but the format hides it).
A8: 6. J5 shows OK when B3 is a valid first day and every Events date is a whole day. A date typed as text, or with a time such as 10/10/2026 2:00 PM, gives CHECK because COUNTIF would miss it.
A9: 7. J4 counts the events that fall in other months. They are not shown on this month's grid.
A10: 8. Print: landscape US Letter, one page. Printing was checked as a PDF export only.
A12: Events are fictional. Checked in LibreOffice Calc only; not opened in Excel or Google Sheets.
A13: Google Sheets: File > Import > Upload this .xlsx.
