Workbook

Sheet Invoices
A1: Invoice number | B1: Client | C1: Amount
A2: 1001 | B2: Maple Street Bakery | C2: 450
A3: 1002 | B3: Dana Ruiz Design | C3: 300
A4: 1003 | B4: Harbor Yoga | C4: 180
A5: 1005 | B5: Cedar Hill Farm | C5: 620
A6: 1006 | B6: Maple Street Bakery | C6: 450
A7: 1008 | B7: Harbor Yoga | C7: 180
A8: 1009 | B8: Sam Patel LLC | C8: 975
A9: 1009 | B9: Sam Patel LLC | C9: 975
A10: 1011 | B10: Dana Ruiz Design | C10: 300
A11: 1012 | B11: Cedar Hill Farm | C11: 620

Sheet Check
A1: Expected number | B1: Times found | C1: Status | E1: Summary
A2: =MIN(Invoices!$A$2:$A$200)+ROW()-2 | B2: =COUNTIF(Invoices!$A$2:$A$200,A2) | C2: =IF(B2=0,"Missing",IF(B2>1,"Duplicate","OK")) | E2: Lowest number | F2: =MIN(Invoices!A2:A200)
A3: =MIN(Invoices!$A$2:$A$200)+ROW()-2 | B3: =COUNTIF(Invoices!$A$2:$A$200,A3) | C3: =IF(B3=0,"Missing",IF(B3>1,"Duplicate","OK")) | E3: Highest number | F3: =MAX(Invoices!A2:A200)
A4: =MIN(Invoices!$A$2:$A$200)+ROW()-2 | B4: =COUNTIF(Invoices!$A$2:$A$200,A4) | C4: =IF(B4=0,"Missing",IF(B4>1,"Duplicate","OK")) | E4: Numbers expected in range | F4: =F3-F2+1
A5: =MIN(Invoices!$A$2:$A$200)+ROW()-2 | B5: =COUNTIF(Invoices!$A$2:$A$200,A5) | C5: =IF(B5=0,"Missing",IF(B5>1,"Duplicate","OK")) | E5: Invoices entered | F5: =COUNT(Invoices!A2:A200)
A6: =MIN(Invoices!$A$2:$A$200)+ROW()-2 | B6: =COUNTIF(Invoices!$A$2:$A$200,A6) | C6: =IF(B6=0,"Missing",IF(B6>1,"Duplicate","OK")) | E6: Missing numbers | F6: =COUNTIF(C2:C13,"Missing")
A7: =MIN(Invoices!$A$2:$A$200)+ROW()-2 | B7: =COUNTIF(Invoices!$A$2:$A$200,A7) | C7: =IF(B7=0,"Missing",IF(B7>1,"Duplicate","OK")) | E7: Numbers used twice | F7: =COUNTIF(C2:C13,"Duplicate")
A8: =MIN(Invoices!$A$2:$A$200)+ROW()-2 | B8: =COUNTIF(Invoices!$A$2:$A$200,A8) | C8: =IF(B8=0,"Missing",IF(B8>1,"Duplicate","OK")) | E8: Check: entered - duplicate extras + missing | F8: =F5-(SUMPRODUCT((B2:B13>1)*(B2:B13-1)))+F6
A9: =MIN(Invoices!$A$2:$A$200)+ROW()-2 | B9: =COUNTIF(Invoices!$A$2:$A$200,A9) | C9: =IF(B9=0,"Missing",IF(B9>1,"Duplicate","OK"))
A10: =MIN(Invoices!$A$2:$A$200)+ROW()-2 | B10: =COUNTIF(Invoices!$A$2:$A$200,A10) | C10: =IF(B10=0,"Missing",IF(B10>1,"Duplicate","OK"))
A11: =MIN(Invoices!$A$2:$A$200)+ROW()-2 | B11: =COUNTIF(Invoices!$A$2:$A$200,A11) | C11: =IF(B11=0,"Missing",IF(B11>1,"Duplicate","OK"))
A12: =MIN(Invoices!$A$2:$A$200)+ROW()-2 | B12: =COUNTIF(Invoices!$A$2:$A$200,A12) | C12: =IF(B12=0,"Missing",IF(B12>1,"Duplicate","OK"))
A13: =MIN(Invoices!$A$2:$A$200)+ROW()-2 | B13: =COUNTIF(Invoices!$A$2:$A$200,A13) | C13: =IF(B13=0,"Missing",IF(B13>1,"Duplicate","OK"))

Sheet How to use
A1: Tidy Tabs: Find Missing Invoice Numbers
A3: 1. Invoices tab: list every invoice number you issued in column A (any order). Use plain numbers such as 1001. If your numbers have a prefix like INV-1001, keep the number in its own column.
A4: 2. Check tab, A2: =MIN(Invoices!$A$2:$A$200)+ROW()-2 lists each expected number from the lowest one upward. Fill it down for as many numbers as the range needs.
A5: 3. B2: =COUNTIF(Invoices!$A$2:$A$200,A2) counts how often that number appears.
A6: 4. C2: =IF(B2=0,"Missing",IF(B2>1,"Duplicate","OK")). Missing numbers turn red, duplicates yellow.
A7: 5. F6 counts the missing numbers. F5 minus the extra copies plus F6 should equal F4 (the numbers expected in the range).
A8: 6. The check only looks between your lowest and highest number. A missing number before the first or after the last one is not detected.
A9: 7. A missing number is a question to answer, not proof of a problem: it may be a voided invoice. This sheet does not decide that.
A10: 8. The Check tab lists 12 numbers. If your lowest-to-highest range is longer, fill the Check formulas down and widen the ranges in the summary; until then F8 will not equal F4, which tells you rows are missing from the list.
A12: Clients and amounts are fictional. Checked in LibreOffice Calc only; not opened in Excel or Google Sheets.
A13: Google Sheets: File > Import > Upload this .xlsx.
