Workbook

Sheet Tiers
A1: Min quantity | B1: Unit price | C1: Tier | E1: Try a quantity
A2: 1 | B2: 12 | C2: 1 to 11 | E2: Quantity | F2: 0
A3: 12 | B3: 10.5 | C3: 12 to 35 | E3: Unit price | F3: =IFERROR(VLOOKUP(F2,$A$2:$B$5,2,TRUE),"Below first tier")
A4: 36 | B4: 9.25 | C4: 36 to 71 | E4: Without IFERROR | F4: =VLOOKUP(F2,$A$2:$B$5,2,TRUE)
A5: 72 | B5: 8 | C5: 72 and up

Sheet Orders
A1: Order date | B1: Customer | C1: Quantity | D1: VLOOKUP | E1: LOOKUP | F1: INDEX + MATCH | G1: Order total | H1: All 3 agree?
A2: 46267 | B2: Harbor Coffee | C2: 1 | D2: =VLOOKUP(C2,Tiers!$A$2:$B$5,2,TRUE) | E2: =LOOKUP(C2,Tiers!$A$2:$A$5,Tiers!$B$2:$B$5) | F2: =INDEX(Tiers!$B$2:$B$5,MATCH(C2,Tiers!$A$2:$A$5,1)) | G2: =C2*D2 | H2: =IF(AND(D2=E2,E2=F2),"Yes","CHECK")
A3: 46269 | B3: Maple Street Bakery | C3: 11 | D3: =VLOOKUP(C3,Tiers!$A$2:$B$5,2,TRUE) | E3: =LOOKUP(C3,Tiers!$A$2:$A$5,Tiers!$B$2:$B$5) | F3: =INDEX(Tiers!$B$2:$B$5,MATCH(C3,Tiers!$A$2:$A$5,1)) | G3: =C3*D3 | H3: =IF(AND(D3=E3,E3=F3),"Yes","CHECK")
A4: 46274 | B4: Oak & Ember Candles | C4: 12 | D4: =VLOOKUP(C4,Tiers!$A$2:$B$5,2,TRUE) | E4: =LOOKUP(C4,Tiers!$A$2:$A$5,Tiers!$B$2:$B$5) | F4: =INDEX(Tiers!$B$2:$B$5,MATCH(C4,Tiers!$A$2:$A$5,1)) | G4: =C4*D4 | H4: =IF(AND(D4=E4,E4=F4),"Yes","CHECK")
A5: 46279 | B5: Lakeview Florist | C5: 35 | D5: =VLOOKUP(C5,Tiers!$A$2:$B$5,2,TRUE) | E5: =LOOKUP(C5,Tiers!$A$2:$A$5,Tiers!$B$2:$B$5) | F5: =INDEX(Tiers!$B$2:$B$5,MATCH(C5,Tiers!$A$2:$A$5,1)) | G5: =C5*D5 | H5: =IF(AND(D5=E5,E5=F5),"Yes","CHECK")
A6: 46283 | B6: Harbor Coffee | C6: 36 | D6: =VLOOKUP(C6,Tiers!$A$2:$B$5,2,TRUE) | E6: =LOOKUP(C6,Tiers!$A$2:$A$5,Tiers!$B$2:$B$5) | F6: =INDEX(Tiers!$B$2:$B$5,MATCH(C6,Tiers!$A$2:$A$5,1)) | G6: =C6*D6 | H6: =IF(AND(D6=E6,E6=F6),"Yes","CHECK")
A7: 46288 | B7: Maple Street Bakery | C7: 71 | D7: =VLOOKUP(C7,Tiers!$A$2:$B$5,2,TRUE) | E7: =LOOKUP(C7,Tiers!$A$2:$A$5,Tiers!$B$2:$B$5) | F7: =INDEX(Tiers!$B$2:$B$5,MATCH(C7,Tiers!$A$2:$A$5,1)) | G7: =C7*D7 | H7: =IF(AND(D7=E7,E7=F7),"Yes","CHECK")
A8: 46291 | B8: Oak & Ember Candles | C8: 72 | D8: =VLOOKUP(C8,Tiers!$A$2:$B$5,2,TRUE) | E8: =LOOKUP(C8,Tiers!$A$2:$A$5,Tiers!$B$2:$B$5) | F8: =INDEX(Tiers!$B$2:$B$5,MATCH(C8,Tiers!$A$2:$A$5,1)) | G8: =C8*D8 | H8: =IF(AND(D8=E8,E8=F8),"Yes","CHECK")
A9: 46295 | B9: Lakeview Florist | C9: 500 | D9: =VLOOKUP(C9,Tiers!$A$2:$B$5,2,TRUE) | E9: =LOOKUP(C9,Tiers!$A$2:$A$5,Tiers!$B$2:$B$5) | F9: =INDEX(Tiers!$B$2:$B$5,MATCH(C9,Tiers!$A$2:$A$5,1)) | G9: =C9*D9 | H9: =IF(AND(D9=E9,E9=F9),"Yes","CHECK")

Sheet Unsorted demo
A1: Min quantity | B1: Unit price | D1: Quantity | E1: VLOOKUP result | F1: Correct price
A2: 36 | B2: 9.25 | D2: 5 | E2: =VLOOKUP(D2,$A$2:$B$5,2,TRUE) | F2: 12
A3: 1 | B3: 12 | D3: 20 | E3: =VLOOKUP(D3,$A$2:$B$5,2,TRUE) | F3: 10.5
A4: 72 | B4: 8 | D4: 40 | E4: =VLOOKUP(D4,$A$2:$B$5,2,TRUE) | F4: 9.25
A5: 12 | B5: 10.5 | D5: 80 | E5: =VLOOKUP(D5,$A$2:$B$5,2,TRUE) | F5: 8
A7: The tier table above is NOT sorted from smallest to largest, so approximate match can return wrong prices.

Sheet How to use
A1: Tidy Tabs: Wholesale Price Tiers by Quantity
A3: 1. Tiers tab: list the smallest quantity of each tier in A and its unit price in B. Keep column A sorted from smallest to largest. Approximate match depends on that order.
A4: 2. Orders tab: type the quantity in column C. The three unit price columns find the last tier whose minimum is less than or equal to the quantity.
A5: 3. D: =VLOOKUP(C2,Tiers!$A$2:$B$5,2,TRUE). The TRUE (or leaving it out) turns on approximate match.
A6: 4. E: =LOOKUP(C2,Tiers!$A$2:$A$5,Tiers!$B$2:$B$5). F: =INDEX(Tiers!$B$2:$B$5,MATCH(C2,Tiers!$A$2:$A$5,1)). The 1 in MATCH means the same approximate match.
A7: 5. G: =C2*D2 is the order total. H checks that all three methods give the same price.
A8: 6. Edge quantities in the sample: 11 pays the first tier, 12 pays the second; 35 and 36, 71 and 72 work the same way. Quantity 500 uses the last tier.
A9: 7. A quantity below the first minimum (such as 0) returns #N/A. Tiers!F2 to F4 let you try one; F3 wraps the lookup in IFERROR.
A10: 8. Unsorted demo tab: the same tiers in the wrong order. Compare the VLOOKUP result with the correct price. What an unsorted table returns is not guaranteed, so sort it.
A11: 9. To add a tier, insert a row inside the table (not below it) so the ranges grow, and keep the minimums sorted.
A13: Customers, quantities, and prices are fictional. Checked in LibreOffice Calc only; not opened in Excel or Google Sheets.
A14: Google Sheets: File > Import > Upload this .xlsx.
