Workbook

Sheet Orders
A1: Fictional shop orders. Yellow cells are yours to change. Column F is a helper that numbers the rows for the customer picked on the Customer view tab.
A4: Order # | B4: Customer | C4: Order date | D4: Item | E4: Amount | F4: Match no. (helper)
A5: 5001 | B5: Hugo Park | C5: 46205 | D5: Cedar candle | E5: 36 | F5: =IF(AND('Customer view'!$B$1<>"",B5='Customer view'!$B$1),COUNTIF($B$5:B5,'Customer view'!$B$1),"")
A6: 5002 | B6: Felix Ode | C6: 46207 | D6: Oat soap bar | E6: 8 | F6: =IF(AND('Customer view'!$B$1<>"",B6='Customer view'!$B$1),COUNTIF($B$5:B6,'Customer view'!$B$1),"")
A7: 5003 | B7: Elena Marsh | C7: 46208 | D7: Gift tag set | E7: 4.5 | F7: =IF(AND('Customer view'!$B$1<>"",B7='Customer view'!$B$1),COUNTIF($B$5:B7,'Customer view'!$B$1),"")
A8: 5004 | B8: Dev Kapoor | C8: 46208 | D8: Soap trio | E8: 44 | F8: =IF(AND('Customer view'!$B$1<>"",B8='Customer view'!$B$1),COUNTIF($B$5:B8,'Customer view'!$B$1),"")
A9: 5005 | B9: Ben Tran | C9: 46209 | D9: Brass hoops | E9: 72 | F9: =IF(AND('Customer view'!$B$1<>"",B9='Customer view'!$B$1),COUNTIF($B$5:B9,'Customer view'!$B$1),"")
A10: 5006 | B10: Dev Kapoor | C10: 46212 | D10: Gift tag set | E10: 13.5 | F10: =IF(AND('Customer view'!$B$1<>"",B10='Customer view'!$B$1),COUNTIF($B$5:B10,'Customer view'!$B$1),"")
A11: 5007 | B11: Cora Lind | C11: 46215 | D11: Gift tag set | E11: 9 | F11: =IF(AND('Customer view'!$B$1<>"",B11='Customer view'!$B$1),COUNTIF($B$5:B11,'Customer view'!$B$1),"")
A12: 5008 | B12: Cora Lind | C12: 46215 | D12: Lavender candle | E12: 18 | F12: =IF(AND('Customer view'!$B$1<>"",B12='Customer view'!$B$1),COUNTIF($B$5:B12,'Customer view'!$B$1),"")
A13: 5009 | B13: Grace Hale | C13: 46217 | D13: Kraft mailer box | E13: 6.5 | F13: =IF(AND('Customer view'!$B$1<>"",B13='Customer view'!$B$1),COUNTIF($B$5:B13,'Customer view'!$B$1),"")
A14: 5010 | B14: Alma Reyes | C14: 46219 | D14: Cedar candle | E14: 36 | F14: =IF(AND('Customer view'!$B$1<>"",B14='Customer view'!$B$1),COUNTIF($B$5:B14,'Customer view'!$B$1),"")
A15: 5011 | B15: Alma Reyes | C15: 46222 | D15: Brass hoops | E15: 24 | F15: =IF(AND('Customer view'!$B$1<>"",B15='Customer view'!$B$1),COUNTIF($B$5:B15,'Customer view'!$B$1),"")
A16: 5012 | B16: Alma Reyes | C16: 46223 | D16: Cedar candle | E16: 54 | F16: =IF(AND('Customer view'!$B$1<>"",B16='Customer view'!$B$1),COUNTIF($B$5:B16,'Customer view'!$B$1),"")
... A44: 5040 | B44: Felix Ode | C44: 46268 | D44: Brass hoops | E44: 48 | F44: =IF(AND('Customer view'!$B$1<>"",B44='Customer view'!$B$1),COUNTIF($B$5:B44,'Customer view'!$B$1),"")
F45: =IF(AND('Customer view'!$B$1<>"",B45='Customer view'!$B$1),COUNTIF($B$5:B45,'Customer view'!$B$1),"")
F46: =IF(AND('Customer view'!$B$1<>"",B46='Customer view'!$B$1),COUNTIF($B$5:B46,'Customer view'!$B$1),"")
F47: =IF(AND('Customer view'!$B$1<>"",B47='Customer view'!$B$1),COUNTIF($B$5:B47,'Customer view'!$B$1),"")
F48: =IF(AND('Customer view'!$B$1<>"",B48='Customer view'!$B$1),COUNTIF($B$5:B48,'Customer view'!$B$1),"")
F49: =IF(AND('Customer view'!$B$1<>"",B49='Customer view'!$B$1),COUNTIF($B$5:B49,'Customer view'!$B$1),"")
F50: =IF(AND('Customer view'!$B$1<>"",B50='Customer view'!$B$1),COUNTIF($B$5:B50,'Customer view'!$B$1),"")
F51: =IF(AND('Customer view'!$B$1<>"",B51='Customer view'!$B$1),COUNTIF($B$5:B51,'Customer view'!$B$1),"")
F52: =IF(AND('Customer view'!$B$1<>"",B52='Customer view'!$B$1),COUNTIF($B$5:B52,'Customer view'!$B$1),"")
F53: =IF(AND('Customer view'!$B$1<>"",B53='Customer view'!$B$1),COUNTIF($B$5:B53,'Customer view'!$B$1),"")
F54: =IF(AND('Customer view'!$B$1<>"",B54='Customer view'!$B$1),COUNTIF($B$5:B54,'Customer view'!$B$1),"")
F55: =IF(AND('Customer view'!$B$1<>"",B55='Customer view'!$B$1),COUNTIF($B$5:B55,'Customer view'!$B$1),"")
F56: =IF(AND('Customer view'!$B$1<>"",B56='Customer view'!$B$1),COUNTIF($B$5:B56,'Customer view'!$B$1),"")
... F104: =IF(AND('Customer view'!$B$1<>"",B104='Customer view'!$B$1),COUNTIF($B$5:B104,'Customer view'!$B$1),"")

Sheet Customer view
A1: Customer (pick one) | B1: Alma Reyes | C1: Rows listed below (room for 12) | D1: =SUMPRODUCT(--(A5:A16<>""))
A2: Orders found | B2: =IF(B1="",0,COUNTIF(Orders!$B$5:$B$104,B1)) | C2: Check | D2: =IF(B1="","Pick a customer",IF(AND(D1=B2,ROUND(SUM(D5:D16)-B3,2)=0),"OK","CHECK"))
A3: Total of those orders | B3: =IF(B1="",0,SUMIF(Orders!$B$5:$B$104,B1,Orders!$E$5:$E$104)) | C3: Note | D3: =IF(B1="","",IF(B2=0,"No orders found for this name",IF(B2>12,"Only the first 12 are listed","")))
A4: Order # | B4: Order date | C4: Item | D4: Amount | H4: Pick-list names
A5: =IFERROR(INDEX(Orders!$A$5:$A$104,MATCH(ROWS($A$4:A4),Orders!$F$5:$F$104,0)),"") | B5: =IFERROR(INDEX(Orders!$C$5:$C$104,MATCH(ROWS($A$4:A4),Orders!$F$5:$F$104,0)),"") | C5: =IFERROR(INDEX(Orders!$D$5:$D$104,MATCH(ROWS($A$4:A4),Orders!$F$5:$F$104,0)),"") | D5: =IFERROR(INDEX(Orders!$E$5:$E$104,MATCH(ROWS($A$4:A4),Orders!$F$5:$F$104,0)),"") | H5: Alma Reyes
A6: =IFERROR(INDEX(Orders!$A$5:$A$104,MATCH(ROWS($A$4:A5),Orders!$F$5:$F$104,0)),"") | B6: =IFERROR(INDEX(Orders!$C$5:$C$104,MATCH(ROWS($A$4:A5),Orders!$F$5:$F$104,0)),"") | C6: =IFERROR(INDEX(Orders!$D$5:$D$104,MATCH(ROWS($A$4:A5),Orders!$F$5:$F$104,0)),"") | D6: =IFERROR(INDEX(Orders!$E$5:$E$104,MATCH(ROWS($A$4:A5),Orders!$F$5:$F$104,0)),"") | H6: Ben Tran
A7: =IFERROR(INDEX(Orders!$A$5:$A$104,MATCH(ROWS($A$4:A6),Orders!$F$5:$F$104,0)),"") | B7: =IFERROR(INDEX(Orders!$C$5:$C$104,MATCH(ROWS($A$4:A6),Orders!$F$5:$F$104,0)),"") | C7: =IFERROR(INDEX(Orders!$D$5:$D$104,MATCH(ROWS($A$4:A6),Orders!$F$5:$F$104,0)),"") | D7: =IFERROR(INDEX(Orders!$E$5:$E$104,MATCH(ROWS($A$4:A6),Orders!$F$5:$F$104,0)),"") | H7: Cora Lind
A8: =IFERROR(INDEX(Orders!$A$5:$A$104,MATCH(ROWS($A$4:A7),Orders!$F$5:$F$104,0)),"") | B8: =IFERROR(INDEX(Orders!$C$5:$C$104,MATCH(ROWS($A$4:A7),Orders!$F$5:$F$104,0)),"") | C8: =IFERROR(INDEX(Orders!$D$5:$D$104,MATCH(ROWS($A$4:A7),Orders!$F$5:$F$104,0)),"") | D8: =IFERROR(INDEX(Orders!$E$5:$E$104,MATCH(ROWS($A$4:A7),Orders!$F$5:$F$104,0)),"") | H8: Dev Kapoor
A9: =IFERROR(INDEX(Orders!$A$5:$A$104,MATCH(ROWS($A$4:A8),Orders!$F$5:$F$104,0)),"") | B9: =IFERROR(INDEX(Orders!$C$5:$C$104,MATCH(ROWS($A$4:A8),Orders!$F$5:$F$104,0)),"") | C9: =IFERROR(INDEX(Orders!$D$5:$D$104,MATCH(ROWS($A$4:A8),Orders!$F$5:$F$104,0)),"") | D9: =IFERROR(INDEX(Orders!$E$5:$E$104,MATCH(ROWS($A$4:A8),Orders!$F$5:$F$104,0)),"") | H9: Elena Marsh
A10: =IFERROR(INDEX(Orders!$A$5:$A$104,MATCH(ROWS($A$4:A9),Orders!$F$5:$F$104,0)),"") | B10: =IFERROR(INDEX(Orders!$C$5:$C$104,MATCH(ROWS($A$4:A9),Orders!$F$5:$F$104,0)),"") | C10: =IFERROR(INDEX(Orders!$D$5:$D$104,MATCH(ROWS($A$4:A9),Orders!$F$5:$F$104,0)),"") | D10: =IFERROR(INDEX(Orders!$E$5:$E$104,MATCH(ROWS($A$4:A9),Orders!$F$5:$F$104,0)),"") | H10: Felix Ode
A11: =IFERROR(INDEX(Orders!$A$5:$A$104,MATCH(ROWS($A$4:A10),Orders!$F$5:$F$104,0)),"") | B11: =IFERROR(INDEX(Orders!$C$5:$C$104,MATCH(ROWS($A$4:A10),Orders!$F$5:$F$104,0)),"") | C11: =IFERROR(INDEX(Orders!$D$5:$D$104,MATCH(ROWS($A$4:A10),Orders!$F$5:$F$104,0)),"") | D11: =IFERROR(INDEX(Orders!$E$5:$E$104,MATCH(ROWS($A$4:A10),Orders!$F$5:$F$104,0)),"") | H11: Grace Hale
A12: =IFERROR(INDEX(Orders!$A$5:$A$104,MATCH(ROWS($A$4:A11),Orders!$F$5:$F$104,0)),"") | B12: =IFERROR(INDEX(Orders!$C$5:$C$104,MATCH(ROWS($A$4:A11),Orders!$F$5:$F$104,0)),"") | C12: =IFERROR(INDEX(Orders!$D$5:$D$104,MATCH(ROWS($A$4:A11),Orders!$F$5:$F$104,0)),"") | D12: =IFERROR(INDEX(Orders!$E$5:$E$104,MATCH(ROWS($A$4:A11),Orders!$F$5:$F$104,0)),"") | H12: Hugo Park
A13: =IFERROR(INDEX(Orders!$A$5:$A$104,MATCH(ROWS($A$4:A12),Orders!$F$5:$F$104,0)),"") | B13: =IFERROR(INDEX(Orders!$C$5:$C$104,MATCH(ROWS($A$4:A12),Orders!$F$5:$F$104,0)),"") | C13: =IFERROR(INDEX(Orders!$D$5:$D$104,MATCH(ROWS($A$4:A12),Orders!$F$5:$F$104,0)),"") | D13: =IFERROR(INDEX(Orders!$E$5:$E$104,MATCH(ROWS($A$4:A12),Orders!$F$5:$F$104,0)),"") | H13: Iris Wong
A14: =IFERROR(INDEX(Orders!$A$5:$A$104,MATCH(ROWS($A$4:A13),Orders!$F$5:$F$104,0)),"") | B14: =IFERROR(INDEX(Orders!$C$5:$C$104,MATCH(ROWS($A$4:A13),Orders!$F$5:$F$104,0)),"") | C14: =IFERROR(INDEX(Orders!$D$5:$D$104,MATCH(ROWS($A$4:A13),Orders!$F$5:$F$104,0)),"") | D14: =IFERROR(INDEX(Orders!$E$5:$E$104,MATCH(ROWS($A$4:A13),Orders!$F$5:$F$104,0)),"") | H14: Jonah Bell
A15: =IFERROR(INDEX(Orders!$A$5:$A$104,MATCH(ROWS($A$4:A14),Orders!$F$5:$F$104,0)),"") | B15: =IFERROR(INDEX(Orders!$C$5:$C$104,MATCH(ROWS($A$4:A14),Orders!$F$5:$F$104,0)),"") | C15: =IFERROR(INDEX(Orders!$D$5:$D$104,MATCH(ROWS($A$4:A14),Orders!$F$5:$F$104,0)),"") | D15: =IFERROR(INDEX(Orders!$E$5:$E$104,MATCH(ROWS($A$4:A14),Orders!$F$5:$F$104,0)),"")
A16: =IFERROR(INDEX(Orders!$A$5:$A$104,MATCH(ROWS($A$4:A15),Orders!$F$5:$F$104,0)),"") | B16: =IFERROR(INDEX(Orders!$C$5:$C$104,MATCH(ROWS($A$4:A15),Orders!$F$5:$F$104,0)),"") | C16: =IFERROR(INDEX(Orders!$D$5:$D$104,MATCH(ROWS($A$4:A15),Orders!$F$5:$F$104,0)),"") | D16: =IFERROR(INDEX(Orders!$E$5:$E$104,MATCH(ROWS($A$4:A15),Orders!$F$5:$F$104,0)),"")

Sheet How to use
A1: Tidy Tabs: List Every Order for One Customer (No FILTER Function)
A3: 1. Orders tab: type the order number, customer, date, item and amount in A5:E104 (yellow). The sample is 40 fictional orders for 9 customers. Keep each customer's name spelled exactly the same way every time.
A4: 2. Customer view tab: pick a customer in B1 (yellow; the dropdown comes from the yellow names in H5:H24, add more names there). B1 also accepts a typed name.
A5: 3. Helper, Orders F5: =IF(AND('Customer view'!$B$1<>"",B5='Customer view'!$B$1),COUNTIF($B$5:B5,'Customer view'!$B$1),""). Rows of the picked customer get 1, 2, 3 ... the others stay blank. The green rows on the Orders tab are the matches.
A6: 4. Customer view A5: =IFERROR(INDEX(Orders!$A$5:$A$104,MATCH(ROWS($A$4:A4),Orders!$F$5:$F$104,0)),""). ROWS($A$4:A4) is 1 in the first row, 2 in the next, and so on, so each row asks for the next match. When there is no next match, MATCH gives #N/A and IFERROR turns it into a blank. Each column has its own INDEX that points at a different column of Orders.
A7: 5. Orders found, B2: =COUNTIF(Orders!$B$5:$B$104,B1). Total, B3: =SUMIF(Orders!$B$5:$B$104,B1,Orders!$E$5:$E$104). D1 counts the rows listed. D2 shows OK when the rows listed equal the orders found and the listed amounts add up to the total.
A8: 6. The list has room for 12 rows. If the customer has more, D2 shows CHECK and D3 says only the first 12 are listed. Copy the last row of results down and change the number in ROWS to make room.
A9: 7. Names are matched ignoring capital letters. A trailing space makes a different name. A blank amount or date in Orders shows as 0 in the list.
A10: 8. Newer versions of Excel and Google Sheets have a FILTER function that does this in one cell. This template does not use it and FILTER was not tested here.
A12: Customers, items and amounts are fictional. Checked in LibreOffice Calc only; not opened in Excel or Google Sheets.
A13: Google Sheets: File > Import > Upload this .xlsx.
