Workbook

Sheet Expenses
A1: Date | B1: Description | C1: Amount
A2: 46266 | B2: Uber to client meeting | C2: 18.4
A3: 46267 | B3: Printer ink cartridge | C3: 42.99
A4: 46269 | B4: UBER EATS lunch | C4: 14.25
A5: 46272 | B5: Pink ribbon spool | C5: 6.5
A6: 46274 | B6: Etsy listing fees | C6: 3.2
A7: 46277 | B7: Etsy shipping labels | C7: 27.8
A8: 46280 | B8: Domain renewal | C8: 12
A9: 46283 | B9: Uber airport | C9: 36.1
A10: 46286 | B10: Packing tape and ink pen | C10: 9.75
A11: 46289 | B11: Stamps* | C11: 11.6
A12: 46291 | B12: Ink refill kit | C12: 19
A13: 46295 | B13: Software subscription | C13: 15

Sheet Totals
A1: Text to find | B1: Contains (total) | C1: Contains (count) | D1: Starts with (total) | E1: Ends with (total)
A2: Uber | B2: =SUMIF(Expenses!$B$2:$B$200,"*"&A2&"*",Expenses!$C$2:$C$200) | C2: =COUNTIF(Expenses!$B$2:$B$200,"*"&A2&"*") | D2: =SUMIF(Expenses!$B$2:$B$200,A2&"*",Expenses!$C$2:$C$200) | E2: =SUMIF(Expenses!$B$2:$B$200,"*"&A2,Expenses!$C$2:$C$200)
A3: Etsy | B3: =SUMIF(Expenses!$B$2:$B$200,"*"&A3&"*",Expenses!$C$2:$C$200) | C3: =COUNTIF(Expenses!$B$2:$B$200,"*"&A3&"*") | D3: =SUMIF(Expenses!$B$2:$B$200,A3&"*",Expenses!$C$2:$C$200) | E3: =SUMIF(Expenses!$B$2:$B$200,"*"&A3,Expenses!$C$2:$C$200)
A4: ink | B4: =SUMIF(Expenses!$B$2:$B$200,"*"&A4&"*",Expenses!$C$2:$C$200) | C4: =COUNTIF(Expenses!$B$2:$B$200,"*"&A4&"*") | D4: =SUMIF(Expenses!$B$2:$B$200,A4&"*",Expenses!$C$2:$C$200) | E4: =SUMIF(Expenses!$B$2:$B$200,"*"&A4,Expenses!$C$2:$C$200)
A5: Ink pen | B5: =SUMIF(Expenses!$B$2:$B$200,"*"&A5&"*",Expenses!$C$2:$C$200) | C5: =COUNTIF(Expenses!$B$2:$B$200,"*"&A5&"*") | D5: =SUMIF(Expenses!$B$2:$B$200,A5&"*",Expenses!$C$2:$C$200) | E5: =SUMIF(Expenses!$B$2:$B$200,"*"&A5,Expenses!$C$2:$C$200)
A6: Stamps~* | B6: =SUMIF(Expenses!$B$2:$B$200,"*"&A6&"*",Expenses!$C$2:$C$200) | C6: =COUNTIF(Expenses!$B$2:$B$200,"*"&A6&"*") | D6: =SUMIF(Expenses!$B$2:$B$200,A6&"*",Expenses!$C$2:$C$200) | E6: =SUMIF(Expenses!$B$2:$B$200,"*"&A6,Expenses!$C$2:$C$200)
A7: Zoom | B7: =SUMIF(Expenses!$B$2:$B$200,"*"&A7&"*",Expenses!$C$2:$C$200) | C7: =COUNTIF(Expenses!$B$2:$B$200,"*"&A7&"*") | D7: =SUMIF(Expenses!$B$2:$B$200,A7&"*",Expenses!$C$2:$C$200) | E7: =SUMIF(Expenses!$B$2:$B$200,"*"&A7,Expenses!$C$2:$C$200)
A9: All expenses | B9: =SUM(Expenses!C2:C200)

Sheet How to use
A1: Tidy Tabs: Sum Cells That Contain Certain Text
A3: 1. Expenses tab: date, description and amount. Totals tab column A holds the word to look for.
A4: 2. B2: =SUMIF(Expenses!$B$2:$B$200,"*"&A2&"*",Expenses!$C$2:$C$200). The * wildcard stands for any text, so the description only has to contain the word somewhere. Letter case is ignored.
A5: 3. C2: =COUNTIF(Expenses!$B$2:$B$200,"*"&A2&"*") counts the matching rows.
A6: 4. D2 drops the first * (text starts with the word). E2 drops the last * (text ends with the word).
A7: 5. The match is on letters, not on words. "ink" also matches "Pink ribbon spool". Use a longer phrase such as "Printer ink" if that is a problem.
A8: 6. To search for a real * or ?, put a ~ in front of it: Stamps~* finds the text Stamps*.
A9: 7. A blank cell in column A makes the pattern ** , which matches every row that has text.
A10: 8. SUMIF does not read cell colors and only matches text, so a number in the description column is not found by a * pattern.
A12: Expenses are fictional. Checked in LibreOffice Calc only; not opened in Excel or Google Sheets.
A13: Google Sheets: File > Import > Upload this .xlsx.
