Workbook

Sheet Clients
A1: Client | B1: Hours bought | C1: Hours used | D1: Hours left | E1: Percent used | F1: Status
A2: Birch Street Bakery | B2: 20 | C2: =IF(A2="","",SUMIFS(Log!$C$2:$C$200,Log!$B$2:$B$200,A2)) | D2: =IF(OR(A2="",NOT(ISNUMBER(B2))),"",B2-C2) | E2: =IF(D2="","",IF(B2=0,"",C2/B2)) | F2: =IF(D2="","",IF(D2<0,"Over by "&ROUND(-D2,2)&" hours",IF(D2<=B2*0.2,"Low","OK"))) | H2: Hours bought, all clients | I2: =SUM(B2:B13)
A3: Lakeview Dental Office | B3: 30 | C3: =IF(A3="","",SUMIFS(Log!$C$2:$C$200,Log!$B$2:$B$200,A3)) | D3: =IF(OR(A3="",NOT(ISNUMBER(B3))),"",B3-C3) | E3: =IF(D3="","",IF(B3=0,"",C3/B3)) | F3: =IF(D3="","",IF(D3<0,"Over by "&ROUND(-D3,2)&" hours",IF(D3<=B3*0.2,"Low","OK"))) | H3: Hours used, all clients | I3: =SUM(C2:C13)
A4: Pine Hill Yoga | B4: 10 | C4: =IF(A4="","",SUMIFS(Log!$C$2:$C$200,Log!$B$2:$B$200,A4)) | D4: =IF(OR(A4="",NOT(ISNUMBER(B4))),"",B4-C4) | E4: =IF(D4="","",IF(B4=0,"",C4/B4)) | F4: =IF(D4="","",IF(D4<0,"Over by "&ROUND(-D4,2)&" hours",IF(D4<=B4*0.2,"Low","OK"))) | H4: Hours logged in the Log sheet | I4: =SUM(Log!$C$2:$C$200)
A5: Cedar & Co. Realty | B5: 15 | C5: =IF(A5="","",SUMIFS(Log!$C$2:$C$200,Log!$B$2:$B$200,A5)) | D5: =IF(OR(A5="",NOT(ISNUMBER(B5))),"",B5-C5) | E5: =IF(D5="","",IF(B5=0,"",C5/B5)) | F5: =IF(D5="","",IF(D5<0,"Over by "&ROUND(-D5,2)&" hours",IF(D5<=B5*0.2,"Low","OK"))) | H5: Clients that are Low or over | I5: =COUNTIF(F2:F13,"Low")+COUNTIF(F2:F13,"Over*")
A6: Oak Lane Florist | B6: 12 | C6: =IF(A6="","",SUMIFS(Log!$C$2:$C$200,Log!$B$2:$B$200,A6)) | D6: =IF(OR(A6="",NOT(ISNUMBER(B6))),"",B6-C6) | E6: =IF(D6="","",IF(B6=0,"",C6/B6)) | F6: =IF(D6="","",IF(D6<0,"Over by "&ROUND(-D6,2)&" hours",IF(D6<=B6*0.2,"Low","OK"))) | H6: Check: every logged client is listed, hours are numbers | I6: =IF(AND(SUMPRODUCT((Log!$B$2:$B$200<>"")*(COUNTIF($A$2:$A$13,Log!$B$2:$B$200)=0))=0,COUNT(Log!$C$2:$C$200)=COUNTA(Log!$C$2:$C$200),SUMPRODUCT(--((Log!$B$2:$B$200<>"")<>(Log!$C$2:$C$200<>"")))=0,COUNT($B$2:$B$13)=COUNTA($B$2:$B$13),SUMPRODUCT(($A$2:$A$13<>"")*(1-ISNUMBER($B$2:$B$13)))=0,ROUND(I3-I4,6)=0),"OK","CHECK")
C7: =IF(A7="","",SUMIFS(Log!$C$2:$C$200,Log!$B$2:$B$200,A7)) | D7: =IF(OR(A7="",NOT(ISNUMBER(B7))),"",B7-C7) | E7: =IF(D7="","",IF(B7=0,"",C7/B7)) | F7: =IF(D7="","",IF(D7<0,"Over by "&ROUND(-D7,2)&" hours",IF(D7<=B7*0.2,"Low","OK")))
C8: =IF(A8="","",SUMIFS(Log!$C$2:$C$200,Log!$B$2:$B$200,A8)) | D8: =IF(OR(A8="",NOT(ISNUMBER(B8))),"",B8-C8) | E8: =IF(D8="","",IF(B8=0,"",C8/B8)) | F8: =IF(D8="","",IF(D8<0,"Over by "&ROUND(-D8,2)&" hours",IF(D8<=B8*0.2,"Low","OK")))
C9: =IF(A9="","",SUMIFS(Log!$C$2:$C$200,Log!$B$2:$B$200,A9)) | D9: =IF(OR(A9="",NOT(ISNUMBER(B9))),"",B9-C9) | E9: =IF(D9="","",IF(B9=0,"",C9/B9)) | F9: =IF(D9="","",IF(D9<0,"Over by "&ROUND(-D9,2)&" hours",IF(D9<=B9*0.2,"Low","OK")))
C10: =IF(A10="","",SUMIFS(Log!$C$2:$C$200,Log!$B$2:$B$200,A10)) | D10: =IF(OR(A10="",NOT(ISNUMBER(B10))),"",B10-C10) | E10: =IF(D10="","",IF(B10=0,"",C10/B10)) | F10: =IF(D10="","",IF(D10<0,"Over by "&ROUND(-D10,2)&" hours",IF(D10<=B10*0.2,"Low","OK")))
C11: =IF(A11="","",SUMIFS(Log!$C$2:$C$200,Log!$B$2:$B$200,A11)) | D11: =IF(OR(A11="",NOT(ISNUMBER(B11))),"",B11-C11) | E11: =IF(D11="","",IF(B11=0,"",C11/B11)) | F11: =IF(D11="","",IF(D11<0,"Over by "&ROUND(-D11,2)&" hours",IF(D11<=B11*0.2,"Low","OK")))
C12: =IF(A12="","",SUMIFS(Log!$C$2:$C$200,Log!$B$2:$B$200,A12)) | D12: =IF(OR(A12="",NOT(ISNUMBER(B12))),"",B12-C12) | E12: =IF(D12="","",IF(B12=0,"",C12/B12)) | F12: =IF(D12="","",IF(D12<0,"Over by "&ROUND(-D12,2)&" hours",IF(D12<=B12*0.2,"Low","OK")))
C13: =IF(A13="","",SUMIFS(Log!$C$2:$C$200,Log!$B$2:$B$200,A13)) | D13: =IF(OR(A13="",NOT(ISNUMBER(B13))),"",B13-C13) | E13: =IF(D13="","",IF(B13=0,"",C13/B13)) | F13: =IF(D13="","",IF(D13<0,"Over by "&ROUND(-D13,2)&" hours",IF(D13<=B13*0.2,"Low","OK")))

Sheet Log
A1: Date | B1: Client | C1: Hours | D1: Task
A2: 46266 | B2: Birch Street Bakery | C2: 5.5 | D2: Website copy
A3: 46268 | B3: Lakeview Dental Office | C3: 6 | D3: Newsletter
A4: 46269 | B4: Pine Hill Yoga | C4: 2 | D4: Class descriptions
A5: 46273 | B5: Cedar & Co. Realty | C5: 2.5 | D5: Listing descriptions
A6: 46275 | B6: Birch Street Bakery | C6: 4.25 | D6: Menu rewrite
A7: 46276 | B7: Lakeview Dental Office | C7: 7.5 | D7: Blog posts
A8: 46280 | B8: Pine Hill Yoga | C8: 1.5 | D8: Email series
A9: 46282 | B9: Cedar & Co. Realty | C9: 1.25 | D9: Open house flyer
A10: 46283 | B10: Lakeview Dental Office | C10: 4.25 | D10: Patient FAQ
A11: 46287 | B11: Pine Hill Yoga | C11: 3 | D11: Workshop page
A12: 46289 | B12: Birch Street Bakery | C12: 3 | D12: Holiday email
A13: 46290 | B13: Cedar & Co. Realty | C13: 3 | D13: Neighborhood guide
... A18: 46308 | B18: Cedar & Co. Realty | C18: 0.75 | D18: Proofreading

Sheet How to use
A1: Tidy Tabs: Prepaid Retainer Hours Remaining for Each Client
A3: 1. Log tab: one row per entry. Type the date (A), the client name (B), the hours (C) and a task note (D). Yellow. Rows 2 to 200 are read. Quarter hours such as 0.25 work.
A4: 2. Clients tab: type each client name in A2:A13 exactly as it appears in the Log and the hours they bought in B. Yellow. Up to 12 clients. The sample is five fictional clients of a freelance writer.
A5: 3. Hours used, C2: =SUMIFS(Log!$C$2:$C$200,Log!$B$2:$B$200,A2). It adds the Log hours whose client matches A2. Capitalization does not matter. A client with no Log rows shows 0.00.
A6: 4. Hours left, D2: =B2-C2. A negative number means the client has used more hours than they bought. The one cell version is =B2-SUMIFS(Log!$C$2:$C$200,Log!$B$2:$B$200,A2).
A7: 5. Percent used, E2: =C2/B2 (blank if the hours bought are 0). Status, F2: Over by N hours when D is below 0, Low when the hours left are 20% of the hours bought or less, OK otherwise. Change 0.2 in the F formulas to use another cutoff.
A8: 6. A name with a space at the end, such as "Pine Hill Yoga ", is a different name to SUMIFS. Its hours are not added to the client, and I6 shows CHECK because the name is not in the Clients list. Hours typed as text (for example 2h) are skipped by SUMIFS and also give CHECK.
A9: 7. I6 shows OK when every Log client is listed, every Log hours cell is a number, and the hours used add up to the hours in the Log (I3 equals I4).
A10: 8. Hours only. No rates, invoices, tax or contract advice.
A12: Clients and hours are fictional. Checked in LibreOffice Calc only; not opened in Excel or Google Sheets.
A13: Google Sheets: File > Import > Upload this .xlsx.
