Workbook

Sheet Sales
A1: Market date | B1: Item | C1: Qty sold | D1: Price | E1: Line total
A2: 46277 | B2: Lavender soy candle, 8 oz | C2: 9 | D2: 18 | E2: =C2*D2
A3: 46277 | B3: Oatmeal goat milk soap bar | C3: 14 | D3: 8 | E3: =C3*D3
A4: 46277 | B4: Brass hoop earrings | C4: 3 | D4: 24 | E4: =C4*D4
A5: 46277 | B5: Letterpress birthday card | C5: 12 | D5: 6 | E5: =C5*D5
A6: 46284 | B6: Lavender soy candle, 8 oz | C6: 11 | D6: 18 | E6: =C6*D6
A7: 46284 | B7: Oatmeal goat milk soap bar | C7: 10 | D7: 8 | E7: =C7*D7
A8: 46284 | B8: Cedar soy candle, 8 oz | C8: 6 | D8: 18 | E8: =C8*D8
A9: 46284 | B9: Letterpress birthday card | C9: 8 | D9: 6 | E9: =C9*D9
A10: 46284 | B10: Brass hoop earrings | C10: 2 | D10: 24 | E10: =C10*D10
A11: 46291 | B11: Lavender soy candle, 8 oz | C11: 7 | D11: 18 | E11: =C11*D11
A12: 46291 | B12: Oatmeal goat milk soap bar | C12: 16 | D12: 8 | E12: =C12*D12
A13: 46291 | B13: Brass hoop earrings | C13: 4 | D13: 24 | E13: =C13*D13
A14: 46291 | B14: Letterpress birthday card | C14: 10 | D14: 6 | E14: =C14*D14

Sheet Daily totals
A1: Market date | B1: Revenue (SUMPRODUCT) | C1: Revenue (SUMIFS check) | D1: Items sold | F1: All days (SUMPRODUCT) | G1: =SUMPRODUCT(Sales!C2:C500,Sales!D2:D500)
A2: 46277 | B2: =SUMPRODUCT((Sales!$A$2:$A$500=A2)*Sales!$C$2:$C$500*Sales!$D$2:$D$500) | C2: =SUMIFS(Sales!$E$2:$E$500,Sales!$A$2:$A$500,A2) | D2: =SUMIFS(Sales!$C$2:$C$500,Sales!$A$2:$A$500,A2) | F2: All days (sum of Line total) | G2: =SUM(Sales!E2:E500)
A3: 46284 | B3: =SUMPRODUCT((Sales!$A$2:$A$500=A3)*Sales!$C$2:$C$500*Sales!$D$2:$D$500) | C3: =SUMIFS(Sales!$E$2:$E$500,Sales!$A$2:$A$500,A3) | D3: =SUMIFS(Sales!$C$2:$C$500,Sales!$A$2:$A$500,A3)
A4: 46291 | B4: =SUMPRODUCT((Sales!$A$2:$A$500=A4)*Sales!$C$2:$C$500*Sales!$D$2:$D$500) | C4: =SUMIFS(Sales!$E$2:$E$500,Sales!$A$2:$A$500,A4) | D4: =SUMIFS(Sales!$C$2:$C$500,Sales!$A$2:$A$500,A4)

Sheet How to use
A1: Tidy Tabs: Farmers Market Sales Log
A3: 1. Sales tab: one row per item sold at a market day. Type the Market date, Item, Qty sold, and Price. Line total = Qty x Price.
A4: 2. Daily totals tab: type each market date in column A. Revenue (SUMPRODUCT) = SUMPRODUCT((Sales!$A$2:$A$500=A2)*Sales!$C$2:$C$500*Sales!$D$2:$D$500). It multiplies Qty by Price for that day's rows and adds them, without needing the Line total column.
A5: 3. Revenue (SUMIFS check) adds the Line total column for that date. The two columns should match.
A6: 4. G1 = SUMPRODUCT(Sales!C2:C500,Sales!D2:D500) is the grand total of Qty x Price across every day. G2 adds the Line total column; they should match too.
A7: 5. Dates must be real dates, and Qty and Price must be numbers. Text in those cells makes the SUMPRODUCT formula in step 2 return #VALUE!.
A9: The vendor, items, and sales are fictional.
A10: Google Sheets: File > Import > Upload this .xlsx.
