Workbook

Sheet Batch
A1: Candles one batch makes | B1: 12 | C1: Typed. Any unit you count the finished product in.
A2: Batches to plan for (N) | B2: 10 | C2: Typed. Used for the to-buy column on the Materials tab.

Sheet Materials
A1: Material | B1: On hand | C1: Needed per batch | D1: Whole batches possible | E1: Left after the batches made | F1: To buy to make N batches
A2: Soy wax (lb) | B2: 42.5 | C2: 4.5 | D2: =IF(AND(B2="",C2=""),"",IF(OR(NOT(ISNUMBER(B2)),AND(C2<>"",NOT(ISNUMBER(C2)))),"Check",IF(OR(B2<0,C2<0),"Check",IF(OR(C2="",C2=0),"",INT(ROUND(B2/C2,10)))))) | E2: =IF(AND(ISNUMBER(D2),ISNUMBER($B$10)),ROUND(B2-C2*$B$10,6),"") | F2: =IF(AND(ISNUMBER(D2),ISNUMBER(Batch!$B$2)),ROUND(MAX(0,C2*Batch!$B$2-B2),6),"")
A3: Fragrance oil (oz) | B3: 30 | C3: 3.5 | D3: =IF(AND(B3="",C3=""),"",IF(OR(NOT(ISNUMBER(B3)),AND(C3<>"",NOT(ISNUMBER(C3)))),"Check",IF(OR(B3<0,C3<0),"Check",IF(OR(C3="",C3=0),"",INT(ROUND(B3/C3,10)))))) | E3: =IF(AND(ISNUMBER(D3),ISNUMBER($B$10)),ROUND(B3-C3*$B$10,6),"") | F3: =IF(AND(ISNUMBER(D3),ISNUMBER(Batch!$B$2)),ROUND(MAX(0,C3*Batch!$B$2-B3),6),"")
A4: Cotton wicks | B4: 130 | C4: 12 | D4: =IF(AND(B4="",C4=""),"",IF(OR(NOT(ISNUMBER(B4)),AND(C4<>"",NOT(ISNUMBER(C4)))),"Check",IF(OR(B4<0,C4<0),"Check",IF(OR(C4="",C4=0),"",INT(ROUND(B4/C4,10)))))) | E4: =IF(AND(ISNUMBER(D4),ISNUMBER($B$10)),ROUND(B4-C4*$B$10,6),"") | F4: =IF(AND(ISNUMBER(D4),ISNUMBER(Batch!$B$2)),ROUND(MAX(0,C4*Batch!$B$2-B4),6),"")
A5: 8 oz jars | B5: 87 | C5: 12 | D5: =IF(AND(B5="",C5=""),"",IF(OR(NOT(ISNUMBER(B5)),AND(C5<>"",NOT(ISNUMBER(C5)))),"Check",IF(OR(B5<0,C5<0),"Check",IF(OR(C5="",C5=0),"",INT(ROUND(B5/C5,10)))))) | E5: =IF(AND(ISNUMBER(D5),ISNUMBER($B$10)),ROUND(B5-C5*$B$10,6),"") | F5: =IF(AND(ISNUMBER(D5),ISNUMBER(Batch!$B$2)),ROUND(MAX(0,C5*Batch!$B$2-B5),6),"")
A6: Labels | B6: 150 | C6: 12 | D6: =IF(AND(B6="",C6=""),"",IF(OR(NOT(ISNUMBER(B6)),AND(C6<>"",NOT(ISNUMBER(C6)))),"Check",IF(OR(B6<0,C6<0),"Check",IF(OR(C6="",C6=0),"",INT(ROUND(B6/C6,10)))))) | E6: =IF(AND(ISNUMBER(D6),ISNUMBER($B$10)),ROUND(B6-C6*$B$10,6),"") | F6: =IF(AND(ISNUMBER(D6),ISNUMBER(Batch!$B$2)),ROUND(MAX(0,C6*Batch!$B$2-B6),6),"")
A7: Shipping boxes | B7: 100 | C7: 12 | D7: =IF(AND(B7="",C7=""),"",IF(OR(NOT(ISNUMBER(B7)),AND(C7<>"",NOT(ISNUMBER(C7)))),"Check",IF(OR(B7<0,C7<0),"Check",IF(OR(C7="",C7=0),"",INT(ROUND(B7/C7,10)))))) | E7: =IF(AND(ISNUMBER(D7),ISNUMBER($B$10)),ROUND(B7-C7*$B$10,6),"") | F7: =IF(AND(ISNUMBER(D7),ISNUMBER(Batch!$B$2)),ROUND(MAX(0,C7*Batch!$B$2-B7),6),"")
A9: Results
A10: Batches you can make | B10: =IF(COUNTIF(D2:D7,"Check")>0,"Check inputs",IF(COUNT(D2:D7)=0,"No materials",MIN(D2:D7)))
A11: Material that runs out first | B11: =IF(ISNUMBER(B10),INDEX(A2:A7,MATCH(B10,D2:D7,0))&"","")
A12: Units made | B12: =IF(AND(ISNUMBER(B10),ISNUMBER(Batch!B1)),B10*Batch!B1,"")
A13: Batches to plan for (N) | B13: =IF(ISNUMBER(Batch!B2),Batch!B2,"")
A14: Materials to buy for N batches | B14: =IF(COUNT(F2:F7)=0,"",COUNTIF(F2:F7,">0"))
A15: Check: no negative leftover, limit under one batch | B15: =IF(NOT(ISNUMBER(B10)),"No result",IF(AND(MIN(E2:E7)>=0,INDEX(E2:E7,MATCH(B10,D2:D7,0))<INDEX(C2:C7,MATCH(B10,D2:D7,0))),"OK","CHECK"))

Sheet How to use
A1: Tidy Tabs: How Many Batches From the Materials on Hand
A3: 1. Batch tab: type how many finished items one batch makes (B1) and how many batches you want to plan for (B2). Both are yellow.
A4: 2. Materials tab, rows 2 to 7: the material name (A), how much you have (B) and how much one batch needs (C). Use the same unit in B and C for a row (pounds with pounds, ounces with ounces). They are yellow.
A5: 3. D2 is the whole batches that material allows: INT(B2/C2), written as INT(ROUND(B2/C2,10)), which is INT(B2/C2) with a guard against tiny binary rounding errors in decimal divisions such as 0.3 / 0.1. Rows with a blank or 0 in C are left out (no #DIV/0!). Text or a negative number shows Check.
A6: 4. B10 is =MIN(D2:D7): the whole batches you can make. B11 names the material behind it with INDEX and MATCH. If two materials tie, the first one listed is shown. B12 is B10 times the batch yield.
A7: 5. Column E is what is left of each material after B10 batches (B2-C2*$B$10). Column F is what to buy to make N batches in total, =MAX(0,C2*N-B2), where N is Batch!B2. The row that limits the batches is shaded.
A8: 6. B15 shows OK when no leftover is negative and the limiting material has less than one batch left.
A9: 7. Whole batches only. The sheet does not know recipes, yields, shelf life or safety rules. It only divides what you have by what you use.
A11: Materials and amounts are fictional. Checked in LibreOffice Calc only; not opened in Excel or Google Sheets.
A12: Google Sheets: File > Import > Upload this .xlsx.
