Workbook

Sheet Orders
A1: Order | B1: Item size or scent | C1: Quantity | D1: Times this item is listed | E1: First time this item is listed (1 = yes) | F1: Sort key (count minus row/100000) | G1: Times this quantity is listed | H1: First time this quantity is listed (1 = yes)
A2: E-2001 | B2: Lavender | C2: 2 | D2: =IF(B2="","",COUNTIF($B$2:$B$500,B2)) | E2: =IF(B2="","",IF(COUNTIF($B$2:B2,B2)=1,1,0)) | F2: =IF(E2=1,D2-ROW()/100000,"") | G2: =IF(ISNUMBER(C2),COUNTIF($C$2:$C$500,C2),"") | H2: =IF(ISNUMBER(C2),IF(COUNTIF($C$2:C2,C2)=1,1,0),"")
A3: E-2002 | B3: Lavender | C3: 4 | D3: =IF(B3="","",COUNTIF($B$2:$B$500,B3)) | E3: =IF(B3="","",IF(COUNTIF($B$2:B3,B3)=1,1,0)) | F3: =IF(E3=1,D3-ROW()/100000,"") | G3: =IF(ISNUMBER(C3),COUNTIF($C$2:$C$500,C3),"") | H3: =IF(ISNUMBER(C3),IF(COUNTIF($C$2:C3,C3)=1,1,0),"")
A4: E-2003 | B4: Sandalwood | C4: 1 | D4: =IF(B4="","",COUNTIF($B$2:$B$500,B4)) | E4: =IF(B4="","",IF(COUNTIF($B$2:B4,B4)=1,1,0)) | F4: =IF(E4=1,D4-ROW()/100000,"") | G4: =IF(ISNUMBER(C4),COUNTIF($C$2:$C$500,C4),"") | H4: =IF(ISNUMBER(C4),IF(COUNTIF($C$2:C4,C4)=1,1,0),"")
A5: E-2004 | B5: Vanilla | C5: 3 | D5: =IF(B5="","",COUNTIF($B$2:$B$500,B5)) | E5: =IF(B5="","",IF(COUNTIF($B$2:B5,B5)=1,1,0)) | F5: =IF(E5=1,D5-ROW()/100000,"") | G5: =IF(ISNUMBER(C5),COUNTIF($C$2:$C$500,C5),"") | H5: =IF(ISNUMBER(C5),IF(COUNTIF($C$2:C5,C5)=1,1,0),"")
A6: E-2005 | B6: Cedar | C6: 6 | D6: =IF(B6="","",COUNTIF($B$2:$B$500,B6)) | E6: =IF(B6="","",IF(COUNTIF($B$2:B6,B6)=1,1,0)) | F6: =IF(E6=1,D6-ROW()/100000,"") | G6: =IF(ISNUMBER(C6),COUNTIF($C$2:$C$500,C6),"") | H6: =IF(ISNUMBER(C6),IF(COUNTIF($C$2:C6,C6)=1,1,0),"")
A7: E-2006 | B7: Sandalwood | C7: 1 | D7: =IF(B7="","",COUNTIF($B$2:$B$500,B7)) | E7: =IF(B7="","",IF(COUNTIF($B$2:B7,B7)=1,1,0)) | F7: =IF(E7=1,D7-ROW()/100000,"") | G7: =IF(ISNUMBER(C7),COUNTIF($C$2:$C$500,C7),"") | H7: =IF(ISNUMBER(C7),IF(COUNTIF($C$2:C7,C7)=1,1,0),"")
A8: E-2007 | B8: Citrus | C8: 1 | D8: =IF(B8="","",COUNTIF($B$2:$B$500,B8)) | E8: =IF(B8="","",IF(COUNTIF($B$2:B8,B8)=1,1,0)) | F8: =IF(E8=1,D8-ROW()/100000,"") | G8: =IF(ISNUMBER(C8),COUNTIF($C$2:$C$500,C8),"") | H8: =IF(ISNUMBER(C8),IF(COUNTIF($C$2:C8,C8)=1,1,0),"")
A9: E-2008 | B9: Vanilla | C9: 3 | D9: =IF(B9="","",COUNTIF($B$2:$B$500,B9)) | E9: =IF(B9="","",IF(COUNTIF($B$2:B9,B9)=1,1,0)) | F9: =IF(E9=1,D9-ROW()/100000,"") | G9: =IF(ISNUMBER(C9),COUNTIF($C$2:$C$500,C9),"") | H9: =IF(ISNUMBER(C9),IF(COUNTIF($C$2:C9,C9)=1,1,0),"")
A10: E-2009 | B10: Vanilla | C10: 1 | D10: =IF(B10="","",COUNTIF($B$2:$B$500,B10)) | E10: =IF(B10="","",IF(COUNTIF($B$2:B10,B10)=1,1,0)) | F10: =IF(E10=1,D10-ROW()/100000,"") | G10: =IF(ISNUMBER(C10),COUNTIF($C$2:$C$500,C10),"") | H10: =IF(ISNUMBER(C10),IF(COUNTIF($C$2:C10,C10)=1,1,0),"")
A11: E-2010 | B11: Lavender | C11: 1 | D11: =IF(B11="","",COUNTIF($B$2:$B$500,B11)) | E11: =IF(B11="","",IF(COUNTIF($B$2:B11,B11)=1,1,0)) | F11: =IF(E11=1,D11-ROW()/100000,"") | G11: =IF(ISNUMBER(C11),COUNTIF($C$2:$C$500,C11),"") | H11: =IF(ISNUMBER(C11),IF(COUNTIF($C$2:C11,C11)=1,1,0),"")
A12: E-2011 | B12: Citrus | C12: 4 | D12: =IF(B12="","",COUNTIF($B$2:$B$500,B12)) | E12: =IF(B12="","",IF(COUNTIF($B$2:B12,B12)=1,1,0)) | F12: =IF(E12=1,D12-ROW()/100000,"") | G12: =IF(ISNUMBER(C12),COUNTIF($C$2:$C$500,C12),"") | H12: =IF(ISNUMBER(C12),IF(COUNTIF($C$2:C12,C12)=1,1,0),"")
A13: E-2012 | B13: Cedar | C13: 1 | D13: =IF(B13="","",COUNTIF($B$2:$B$500,B13)) | E13: =IF(B13="","",IF(COUNTIF($B$2:B13,B13)=1,1,0)) | F13: =IF(E13=1,D13-ROW()/100000,"") | G13: =IF(ISNUMBER(C13),COUNTIF($C$2:$C$500,C13),"") | H13: =IF(ISNUMBER(C13),IF(COUNTIF($C$2:C13,C13)=1,1,0),"")
... A41: E-2040 | B41: Vanilla | C41: 1 | D41: =IF(B41="","",COUNTIF($B$2:$B$500,B41)) | E41: =IF(B41="","",IF(COUNTIF($B$2:B41,B41)=1,1,0)) | F41: =IF(E41=1,D41-ROW()/100000,"") | G41: =IF(ISNUMBER(C41),COUNTIF($C$2:$C$500,C41),"") | H41: =IF(ISNUMBER(C41),IF(COUNTIF($C$2:C41,C41)=1,1,0),"")
D42: =IF(B42="","",COUNTIF($B$2:$B$500,B42)) | E42: =IF(B42="","",IF(COUNTIF($B$2:B42,B42)=1,1,0)) | F42: =IF(E42=1,D42-ROW()/100000,"") | G42: =IF(ISNUMBER(C42),COUNTIF($C$2:$C$500,C42),"") | H42: =IF(ISNUMBER(C42),IF(COUNTIF($C$2:C42,C42)=1,1,0),"")
D43: =IF(B43="","",COUNTIF($B$2:$B$500,B43)) | E43: =IF(B43="","",IF(COUNTIF($B$2:B43,B43)=1,1,0)) | F43: =IF(E43=1,D43-ROW()/100000,"") | G43: =IF(ISNUMBER(C43),COUNTIF($C$2:$C$500,C43),"") | H43: =IF(ISNUMBER(C43),IF(COUNTIF($C$2:C43,C43)=1,1,0),"")
D44: =IF(B44="","",COUNTIF($B$2:$B$500,B44)) | E44: =IF(B44="","",IF(COUNTIF($B$2:B44,B44)=1,1,0)) | F44: =IF(E44=1,D44-ROW()/100000,"") | G44: =IF(ISNUMBER(C44),COUNTIF($C$2:$C$500,C44),"") | H44: =IF(ISNUMBER(C44),IF(COUNTIF($C$2:C44,C44)=1,1,0),"")
D45: =IF(B45="","",COUNTIF($B$2:$B$500,B45)) | E45: =IF(B45="","",IF(COUNTIF($B$2:B45,B45)=1,1,0)) | F45: =IF(E45=1,D45-ROW()/100000,"") | G45: =IF(ISNUMBER(C45),COUNTIF($C$2:$C$500,C45),"") | H45: =IF(ISNUMBER(C45),IF(COUNTIF($C$2:C45,C45)=1,1,0),"")
D46: =IF(B46="","",COUNTIF($B$2:$B$500,B46)) | E46: =IF(B46="","",IF(COUNTIF($B$2:B46,B46)=1,1,0)) | F46: =IF(E46=1,D46-ROW()/100000,"") | G46: =IF(ISNUMBER(C46),COUNTIF($C$2:$C$500,C46),"") | H46: =IF(ISNUMBER(C46),IF(COUNTIF($C$2:C46,C46)=1,1,0),"")
D47: =IF(B47="","",COUNTIF($B$2:$B$500,B47)) | E47: =IF(B47="","",IF(COUNTIF($B$2:B47,B47)=1,1,0)) | F47: =IF(E47=1,D47-ROW()/100000,"") | G47: =IF(ISNUMBER(C47),COUNTIF($C$2:$C$500,C47),"") | H47: =IF(ISNUMBER(C47),IF(COUNTIF($C$2:C47,C47)=1,1,0),"")
D48: =IF(B48="","",COUNTIF($B$2:$B$500,B48)) | E48: =IF(B48="","",IF(COUNTIF($B$2:B48,B48)=1,1,0)) | F48: =IF(E48=1,D48-ROW()/100000,"") | G48: =IF(ISNUMBER(C48),COUNTIF($C$2:$C$500,C48),"") | H48: =IF(ISNUMBER(C48),IF(COUNTIF($C$2:C48,C48)=1,1,0),"")
D49: =IF(B49="","",COUNTIF($B$2:$B$500,B49)) | E49: =IF(B49="","",IF(COUNTIF($B$2:B49,B49)=1,1,0)) | F49: =IF(E49=1,D49-ROW()/100000,"") | G49: =IF(ISNUMBER(C49),COUNTIF($C$2:$C$500,C49),"") | H49: =IF(ISNUMBER(C49),IF(COUNTIF($C$2:C49,C49)=1,1,0),"")
D50: =IF(B50="","",COUNTIF($B$2:$B$500,B50)) | E50: =IF(B50="","",IF(COUNTIF($B$2:B50,B50)=1,1,0)) | F50: =IF(E50=1,D50-ROW()/100000,"") | G50: =IF(ISNUMBER(C50),COUNTIF($C$2:$C$500,C50),"") | H50: =IF(ISNUMBER(C50),IF(COUNTIF($C$2:C50,C50)=1,1,0),"")
D51: =IF(B51="","",COUNTIF($B$2:$B$500,B51)) | E51: =IF(B51="","",IF(COUNTIF($B$2:B51,B51)=1,1,0)) | F51: =IF(E51=1,D51-ROW()/100000,"") | G51: =IF(ISNUMBER(C51),COUNTIF($C$2:$C$500,C51),"") | H51: =IF(ISNUMBER(C51),IF(COUNTIF($C$2:C51,C51)=1,1,0),"")
D52: =IF(B52="","",COUNTIF($B$2:$B$500,B52)) | E52: =IF(B52="","",IF(COUNTIF($B$2:B52,B52)=1,1,0)) | F52: =IF(E52=1,D52-ROW()/100000,"") | G52: =IF(ISNUMBER(C52),COUNTIF($C$2:$C$500,C52),"") | H52: =IF(ISNUMBER(C52),IF(COUNTIF($C$2:C52,C52)=1,1,0),"")
D53: =IF(B53="","",COUNTIF($B$2:$B$500,B53)) | E53: =IF(B53="","",IF(COUNTIF($B$2:B53,B53)=1,1,0)) | F53: =IF(E53=1,D53-ROW()/100000,"") | G53: =IF(ISNUMBER(C53),COUNTIF($C$2:$C$500,C53),"") | H53: =IF(ISNUMBER(C53),IF(COUNTIF($C$2:C53,C53)=1,1,0),"")
... D500: =IF(B500="","",COUNTIF($B$2:$B$500,B500)) | E500: =IF(B500="","",IF(COUNTIF($B$2:B500,B500)=1,1,0)) | F500: =IF(E500=1,D500-ROW()/100000,"") | G500: =IF(ISNUMBER(C500),COUNTIF($C$2:$C$500,C500),"") | H500: =IF(ISNUMBER(C500),IF(COUNTIF($C$2:C500,C500)=1,1,0),"")

Sheet Summary
A1: Orders counted | B1: =SUMPRODUCT(--(Orders!$B$2:$B$500<>"")) | D1: Rank | E1: Item | F1: Orders | G1: Share
A2: Most common item | B2: =IFERROR(INDEX(Orders!$B$2:$B$500,MATCH(MAX(Orders!$D$2:$D$500),Orders!$D$2:$D$500,0)),"") | D2: 1 | E2: =IFERROR(INDEX(Orders!$B$2:$B$500,MATCH(LARGE(Orders!$F$2:$F$500,D2),Orders!$F$2:$F$500,0)),"") | F2: =IFERROR(INDEX(Orders!$D$2:$D$500,MATCH(LARGE(Orders!$F$2:$F$500,D2),Orders!$F$2:$F$500,0)),"") | G2: =IF(F2="","",F2/$B$1)
A3: Times it appears | B3: =IF(B1=0,"",MAX(Orders!$D$2:$D$500)) | D3: 2 | E3: =IFERROR(INDEX(Orders!$B$2:$B$500,MATCH(LARGE(Orders!$F$2:$F$500,D3),Orders!$F$2:$F$500,0)),"") | F3: =IFERROR(INDEX(Orders!$D$2:$D$500,MATCH(LARGE(Orders!$F$2:$F$500,D3),Orders!$F$2:$F$500,0)),"") | G3: =IF(F3="","",F3/$B$1)
A4: Share of orders | B4: =IF(B1=0,"",B3/B1) | D4: 3 | E4: =IFERROR(INDEX(Orders!$B$2:$B$500,MATCH(LARGE(Orders!$F$2:$F$500,D4),Orders!$F$2:$F$500,0)),"") | F4: =IFERROR(INDEX(Orders!$D$2:$D$500,MATCH(LARGE(Orders!$F$2:$F$500,D4),Orders!$F$2:$F$500,0)),"") | G4: =IF(F4="","",F4/$B$1)
A5: Tie? | B5: =IF(B1=0,"",IF(COUNTIFS(Orders!$D$2:$D$500,B3,Orders!$E$2:$E$500,1)>1,COUNTIFS(Orders!$D$2:$D$500,B3,Orders!$E$2:$E$500,1)&" items tie at "&B3&" orders; the first one listed is shown","No tie")) | D5: 4 | E5: =IFERROR(INDEX(Orders!$B$2:$B$500,MATCH(LARGE(Orders!$F$2:$F$500,D5),Orders!$F$2:$F$500,0)),"") | F5: =IFERROR(INDEX(Orders!$D$2:$D$500,MATCH(LARGE(Orders!$F$2:$F$500,D5),Orders!$F$2:$F$500,0)),"") | G5: =IF(F5="","",F5/$B$1)
A6: Most common quantity | B6: =IF(COUNT(Orders!$C$2:$C$500)=0,"",IFERROR(MODE(Orders!$C$2:$C$500),"No repeats")) | D6: 5 | E6: =IFERROR(INDEX(Orders!$B$2:$B$500,MATCH(LARGE(Orders!$F$2:$F$500,D6),Orders!$F$2:$F$500,0)),"") | F6: =IFERROR(INDEX(Orders!$D$2:$D$500,MATCH(LARGE(Orders!$F$2:$F$500,D6),Orders!$F$2:$F$500,0)),"") | G6: =IF(F6="","",F6/$B$1)
A7: Times that quantity appears | B7: =IF(ISNUMBER(B6),COUNTIF(Orders!$C$2:$C$500,B6),"")
A8: Quantity tie? | B8: =IF(ISNUMBER(B6),IF(COUNTIFS(Orders!$G$2:$G$500,B7,Orders!$H$2:$H$500,1)>1,COUNTIFS(Orders!$G$2:$G$500,B7,Orders!$H$2:$H$500,1)&" quantities tie at "&B7&" times; MODE returns one of them","No tie"),"")
A9: Check: counts add up to the rows | B9: =IF(AND(SUMIF(Orders!$E$2:$E$500,1,Orders!$D$2:$D$500)=B1,SUMIF(Orders!$H$2:$H$500,1,Orders!$G$2:$G$500)=COUNT(Orders!$C$2:$C$500),COUNTA(Orders!$C$2:$C$500)=COUNT(Orders!$C$2:$C$500),SUMPRODUCT((Orders!$B$2:$B$500="")*(Orders!$C$2:$C$500<>""))=0),"OK","CHECK")

Sheet How to use
A1: Tidy Tabs: Most Common Value in a List With COUNTIF, INDEX and MATCH
A3: 1. Orders tab: type or paste the order (A), the item size or scent (B) and the quantity (C), rows 2 to 500. Yellow. The sample is 40 fictional candle orders.
A4: 2. Column D counts how often each row's item is listed: =IF(B2="","",COUNTIF($B$2:$B$500,B2)). Every row of the same item gets the same count.
A5: 3. Summary B2 returns the item with the biggest count: =IFERROR(INDEX(Orders!$B$2:$B$500,MATCH(MAX(Orders!$D$2:$D$500),Orders!$D$2:$D$500,0)),""). MATCH finds the first row with the biggest count, so with a tie the item listed first is shown.
A6: 4. Tie test: column E marks the first row of each item with a 1, and B5 counts how many of those first rows have the biggest count. More than one means a tie.
A7: 5. Most common quantity, B6, uses =MODE(Orders!$C$2:$C$500) for numbers. If every quantity is different, MODE has no answer and B6 shows No repeats. With a tie, MODE returns one of the tied numbers (B8 says when there is one); in the LibreOffice check it was the one listed first.
A8: 6. The top 5 table (D1:G6) ranks each different item by its count. Column F on Orders is a sort key: the count minus a tiny amount from the row number, so tied items come out in the order they were first listed.
A9: 7. COUNTIF ignores upper and lower case, so Cedar and cedar are one item (the spelling listed first is shown). A trailing space makes a separate item: Cedar and Cedar followed by a space are counted apart. A star or question mark typed inside an item name acts as a wildcard in COUNTIF and was not tested.
A10: 8. B9 shows OK when the counts add up to the number of filled rows, every quantity is a number and no quantity sits on a row without an item. A quantity typed as text turns it to CHECK and MODE skips that cell.
A11: 9. This counts how often a value appears. It does not rank dollars and does not say what to stock.
A13: Orders are fictional. Checked in LibreOffice Calc only; not opened in Excel or Google Sheets.
A14: Google Sheets: File > Import > Upload this .xlsx.
