Workbook

Sheet Products
A1: Fictional shop catalog. The SKU is in column B, to the RIGHT of the product name in column A. Yellow cells are yours to replace.
A4: Product name | B4: SKU | C4: Price | D4: Stock
A5: Lavender candle, 8 oz | B5: CND-001 | C5: 18 | D5: 24
A6: Cedar candle, 8 oz | B6: CND-002 | C6: 18 | D6: 17
A7: Vanilla bean candle, 4 oz | B7: CND-003 | C7: 12.5 | D7: 31
A8: Citrus grove candle, 8 oz | B8: CND-004 | C8: 18 | D8: 9
A9: Pine forest candle, 12 oz | B9: CND-005 | C9: 24 | D9: 12
A10: Beeswax taper pair | B10: CND-006 | C10: 14 | D10: 20
A11: Oatmeal goat milk soap | B11: SOP-010 | C11: 8 | D11: 48
A12: Charcoal soap bar | B12: SOP-011 | C12: 8.5 | D12: 36
A13: Rose clay soap | B13: SOP-012 | C13: 9 | D13: 22
A14: Honey almond soap | B14: SOP-013 | C14: 8 | D14: 40
A15: Lemon poppy seed soap | B15: SOP-014 | C15: 8.5 | D15: 15
A16: Peppermint shaving soap | B16: SOP-015 | C16: 10 | D16: 8
... A29: Sample card, assorted scents | B29: TRV-003 | C29: 5 | D29: 70

Sheet Lookup
A1: Type or paste a SKU in column A. Column B finds the product NAME, which sits to the left of the SKU, with INDEX and MATCH. Column E shows why VLOOKUP cannot do it.
A2: Fictional lookups: two SKUs are not in the catalog, one has a trailing space, one is typed in lower case, and one row is blank.
A4: SKU to look up | B4: Product name (INDEX/MATCH, left of SKU) | C4: Price (INDEX/MATCH) | D4: Stock (INDEX/MATCH) | E4: VLOOKUP to the left (searches column A) | F4: VLOOKUP to the right (price, works) | G4: Row found in list
A5: CND-001 | B5: =IF(A5="","",IFERROR(INDEX(Products!$A$5:$A$44,MATCH(TRIM(A5),Products!$B$5:$B$44,0)),"Not found")) | C5: =IF(A5="","",IFERROR(INDEX(Products!$C$5:$C$44,MATCH(TRIM(A5),Products!$B$5:$B$44,0)),"Not found")) | D5: =IF(A5="","",IFERROR(INDEX(Products!$D$5:$D$44,MATCH(TRIM(A5),Products!$B$5:$B$44,0)),"Not found")) | E5: =IF(A5="","",IFERROR(VLOOKUP(A5,Products!$A$5:$D$44,1,FALSE),"Not found")) | F5: =IF(A5="","",IFERROR(VLOOKUP(TRIM(A5),Products!$B$5:$D$44,2,FALSE),"Not found")) | G5: =IF(A5="","",IFERROR(MATCH(TRIM(A5),Products!$B$5:$B$44,0),"Not found")) | I5: Lookups entered | J5: =COUNTA(A5:A64)
A6: SOP-014 | B6: =IF(A6="","",IFERROR(INDEX(Products!$A$5:$A$44,MATCH(TRIM(A6),Products!$B$5:$B$44,0)),"Not found")) | C6: =IF(A6="","",IFERROR(INDEX(Products!$C$5:$C$44,MATCH(TRIM(A6),Products!$B$5:$B$44,0)),"Not found")) | D6: =IF(A6="","",IFERROR(INDEX(Products!$D$5:$D$44,MATCH(TRIM(A6),Products!$B$5:$B$44,0)),"Not found")) | E6: =IF(A6="","",IFERROR(VLOOKUP(A6,Products!$A$5:$D$44,1,FALSE),"Not found")) | F6: =IF(A6="","",IFERROR(VLOOKUP(TRIM(A6),Products!$B$5:$D$44,2,FALSE),"Not found")) | G6: =IF(A6="","",IFERROR(MATCH(TRIM(A6),Products!$B$5:$B$44,0),"Not found")) | I6: Found | J6: =SUMPRODUCT((A5:A64<>"")*(B5:B64<>"Not found"))
A7: CND-004 | B7: =IF(A7="","",IFERROR(INDEX(Products!$A$5:$A$44,MATCH(TRIM(A7),Products!$B$5:$B$44,0)),"Not found")) | C7: =IF(A7="","",IFERROR(INDEX(Products!$C$5:$C$44,MATCH(TRIM(A7),Products!$B$5:$B$44,0)),"Not found")) | D7: =IF(A7="","",IFERROR(INDEX(Products!$D$5:$D$44,MATCH(TRIM(A7),Products!$B$5:$B$44,0)),"Not found")) | E7: =IF(A7="","",IFERROR(VLOOKUP(A7,Products!$A$5:$D$44,1,FALSE),"Not found")) | F7: =IF(A7="","",IFERROR(VLOOKUP(TRIM(A7),Products!$B$5:$D$44,2,FALSE),"Not found")) | G7: =IF(A7="","",IFERROR(MATCH(TRIM(A7),Products!$B$5:$B$44,0),"Not found")) | I7: Not found | J7: =SUMPRODUCT((A5:A64<>"")*(B5:B64="Not found"))
A8: snd-010 | B8: =IF(A8="","",IFERROR(INDEX(Products!$A$5:$A$44,MATCH(TRIM(A8),Products!$B$5:$B$44,0)),"Not found")) | C8: =IF(A8="","",IFERROR(INDEX(Products!$C$5:$C$44,MATCH(TRIM(A8),Products!$B$5:$B$44,0)),"Not found")) | D8: =IF(A8="","",IFERROR(INDEX(Products!$D$5:$D$44,MATCH(TRIM(A8),Products!$B$5:$B$44,0)),"Not found")) | E8: =IF(A8="","",IFERROR(VLOOKUP(A8,Products!$A$5:$D$44,1,FALSE),"Not found")) | F8: =IF(A8="","",IFERROR(VLOOKUP(TRIM(A8),Products!$B$5:$D$44,2,FALSE),"Not found")) | G8: =IF(A8="","",IFERROR(MATCH(TRIM(A8),Products!$B$5:$B$44,0),"Not found")) | I8: SKUs listed in Products | J8: =COUNTA(Products!$B$5:$B$44)
B9: =IF(A9="","",IFERROR(INDEX(Products!$A$5:$A$44,MATCH(TRIM(A9),Products!$B$5:$B$44,0)),"Not found")) | C9: =IF(A9="","",IFERROR(INDEX(Products!$C$5:$C$44,MATCH(TRIM(A9),Products!$B$5:$B$44,0)),"Not found")) | D9: =IF(A9="","",IFERROR(INDEX(Products!$D$5:$D$44,MATCH(TRIM(A9),Products!$B$5:$B$44,0)),"Not found")) | E9: =IF(A9="","",IFERROR(VLOOKUP(A9,Products!$A$5:$D$44,1,FALSE),"Not found")) | F9: =IF(A9="","",IFERROR(VLOOKUP(TRIM(A9),Products!$B$5:$D$44,2,FALSE),"Not found")) | G9: =IF(A9="","",IFERROR(MATCH(TRIM(A9),Products!$B$5:$B$44,0),"Not found")) | I9: Duplicate SKUs in Products (first match wins) | J9: =SUMPRODUCT((Products!$B$5:$B$44<>"")*(COUNTIF(Products!$B$5:$B$44,Products!$B$5:$B$44)>1))
A10: ZZZ-999 | B10: =IF(A10="","",IFERROR(INDEX(Products!$A$5:$A$44,MATCH(TRIM(A10),Products!$B$5:$B$44,0)),"Not found")) | C10: =IF(A10="","",IFERROR(INDEX(Products!$C$5:$C$44,MATCH(TRIM(A10),Products!$B$5:$B$44,0)),"Not found")) | D10: =IF(A10="","",IFERROR(INDEX(Products!$D$5:$D$44,MATCH(TRIM(A10),Products!$B$5:$B$44,0)),"Not found")) | E10: =IF(A10="","",IFERROR(VLOOKUP(A10,Products!$A$5:$D$44,1,FALSE),"Not found")) | F10: =IF(A10="","",IFERROR(VLOOKUP(TRIM(A10),Products!$B$5:$D$44,2,FALSE),"Not found")) | G10: =IF(A10="","",IFERROR(MATCH(TRIM(A10),Products!$B$5:$B$44,0),"Not found")) | I10: Check: found + not found = entered, row numbers agree, no duplicate SKUs, nothing below the tables | J10: =IF(AND(J6+J7=J5,COUNT(G5:G64)=J6,J9=0,COUNTA(A65:A500)=0,COUNTA(Products!B45:B500)=0),"OK","CHECK")
A11: TRV-003 | B11: =IF(A11="","",IFERROR(INDEX(Products!$A$5:$A$44,MATCH(TRIM(A11),Products!$B$5:$B$44,0)),"Not found")) | C11: =IF(A11="","",IFERROR(INDEX(Products!$C$5:$C$44,MATCH(TRIM(A11),Products!$B$5:$B$44,0)),"Not found")) | D11: =IF(A11="","",IFERROR(INDEX(Products!$D$5:$D$44,MATCH(TRIM(A11),Products!$B$5:$B$44,0)),"Not found")) | E11: =IF(A11="","",IFERROR(VLOOKUP(A11,Products!$A$5:$D$44,1,FALSE),"Not found")) | F11: =IF(A11="","",IFERROR(VLOOKUP(TRIM(A11),Products!$B$5:$D$44,2,FALSE),"Not found")) | G11: =IF(A11="","",IFERROR(MATCH(TRIM(A11),Products!$B$5:$B$44,0),"Not found"))
A12: ACC-002 | B12: =IF(A12="","",IFERROR(INDEX(Products!$A$5:$A$44,MATCH(TRIM(A12),Products!$B$5:$B$44,0)),"Not found")) | C12: =IF(A12="","",IFERROR(INDEX(Products!$C$5:$C$44,MATCH(TRIM(A12),Products!$B$5:$B$44,0)),"Not found")) | D12: =IF(A12="","",IFERROR(INDEX(Products!$D$5:$D$44,MATCH(TRIM(A12),Products!$B$5:$B$44,0)),"Not found")) | E12: =IF(A12="","",IFERROR(VLOOKUP(A12,Products!$A$5:$D$44,1,FALSE),"Not found")) | F12: =IF(A12="","",IFERROR(VLOOKUP(TRIM(A12),Products!$B$5:$D$44,2,FALSE),"Not found")) | G12: =IF(A12="","",IFERROR(MATCH(TRIM(A12),Products!$B$5:$B$44,0),"Not found"))
A13: SET-001 | B13: =IF(A13="","",IFERROR(INDEX(Products!$A$5:$A$44,MATCH(TRIM(A13),Products!$B$5:$B$44,0)),"Not found")) | C13: =IF(A13="","",IFERROR(INDEX(Products!$C$5:$C$44,MATCH(TRIM(A13),Products!$B$5:$B$44,0)),"Not found")) | D13: =IF(A13="","",IFERROR(INDEX(Products!$D$5:$D$44,MATCH(TRIM(A13),Products!$B$5:$B$44,0)),"Not found")) | E13: =IF(A13="","",IFERROR(VLOOKUP(A13,Products!$A$5:$D$44,1,FALSE),"Not found")) | F13: =IF(A13="","",IFERROR(VLOOKUP(TRIM(A13),Products!$B$5:$D$44,2,FALSE),"Not found")) | G13: =IF(A13="","",IFERROR(MATCH(TRIM(A13),Products!$B$5:$B$44,0),"Not found"))
A14: CND-777 | B14: =IF(A14="","",IFERROR(INDEX(Products!$A$5:$A$44,MATCH(TRIM(A14),Products!$B$5:$B$44,0)),"Not found")) | C14: =IF(A14="","",IFERROR(INDEX(Products!$C$5:$C$44,MATCH(TRIM(A14),Products!$B$5:$B$44,0)),"Not found")) | D14: =IF(A14="","",IFERROR(INDEX(Products!$D$5:$D$44,MATCH(TRIM(A14),Products!$B$5:$B$44,0)),"Not found")) | E14: =IF(A14="","",IFERROR(VLOOKUP(A14,Products!$A$5:$D$44,1,FALSE),"Not found")) | F14: =IF(A14="","",IFERROR(VLOOKUP(TRIM(A14),Products!$B$5:$D$44,2,FALSE),"Not found")) | G14: =IF(A14="","",IFERROR(MATCH(TRIM(A14),Products!$B$5:$B$44,0),"Not found"))
A15: SOP-010 | B15: =IF(A15="","",IFERROR(INDEX(Products!$A$5:$A$44,MATCH(TRIM(A15),Products!$B$5:$B$44,0)),"Not found")) | C15: =IF(A15="","",IFERROR(INDEX(Products!$C$5:$C$44,MATCH(TRIM(A15),Products!$B$5:$B$44,0)),"Not found")) | D15: =IF(A15="","",IFERROR(INDEX(Products!$D$5:$D$44,MATCH(TRIM(A15),Products!$B$5:$B$44,0)),"Not found")) | E15: =IF(A15="","",IFERROR(VLOOKUP(A15,Products!$A$5:$D$44,1,FALSE),"Not found")) | F15: =IF(A15="","",IFERROR(VLOOKUP(TRIM(A15),Products!$B$5:$D$44,2,FALSE),"Not found")) | G15: =IF(A15="","",IFERROR(MATCH(TRIM(A15),Products!$B$5:$B$44,0),"Not found"))
A16: SND-020 | B16: =IF(A16="","",IFERROR(INDEX(Products!$A$5:$A$44,MATCH(TRIM(A16),Products!$B$5:$B$44,0)),"Not found")) | C16: =IF(A16="","",IFERROR(INDEX(Products!$C$5:$C$44,MATCH(TRIM(A16),Products!$B$5:$B$44,0)),"Not found")) | D16: =IF(A16="","",IFERROR(INDEX(Products!$D$5:$D$44,MATCH(TRIM(A16),Products!$B$5:$B$44,0)),"Not found")) | E16: =IF(A16="","",IFERROR(VLOOKUP(A16,Products!$A$5:$D$44,1,FALSE),"Not found")) | F16: =IF(A16="","",IFERROR(VLOOKUP(TRIM(A16),Products!$B$5:$D$44,2,FALSE),"Not found")) | G16: =IF(A16="","",IFERROR(MATCH(TRIM(A16),Products!$B$5:$B$44,0),"Not found"))
A17: ACC-004 | B17: =IF(A17="","",IFERROR(INDEX(Products!$A$5:$A$44,MATCH(TRIM(A17),Products!$B$5:$B$44,0)),"Not found")) | C17: =IF(A17="","",IFERROR(INDEX(Products!$C$5:$C$44,MATCH(TRIM(A17),Products!$B$5:$B$44,0)),"Not found")) | D17: =IF(A17="","",IFERROR(INDEX(Products!$D$5:$D$44,MATCH(TRIM(A17),Products!$B$5:$B$44,0)),"Not found")) | E17: =IF(A17="","",IFERROR(VLOOKUP(A17,Products!$A$5:$D$44,1,FALSE),"Not found")) | F17: =IF(A17="","",IFERROR(VLOOKUP(TRIM(A17),Products!$B$5:$D$44,2,FALSE),"Not found")) | G17: =IF(A17="","",IFERROR(MATCH(TRIM(A17),Products!$B$5:$B$44,0),"Not found"))
A18: TRV-001 | B18: =IF(A18="","",IFERROR(INDEX(Products!$A$5:$A$44,MATCH(TRIM(A18),Products!$B$5:$B$44,0)),"Not found")) | C18: =IF(A18="","",IFERROR(INDEX(Products!$C$5:$C$44,MATCH(TRIM(A18),Products!$B$5:$B$44,0)),"Not found")) | D18: =IF(A18="","",IFERROR(INDEX(Products!$D$5:$D$44,MATCH(TRIM(A18),Products!$B$5:$B$44,0)),"Not found")) | E18: =IF(A18="","",IFERROR(VLOOKUP(A18,Products!$A$5:$D$44,1,FALSE),"Not found")) | F18: =IF(A18="","",IFERROR(VLOOKUP(TRIM(A18),Products!$B$5:$D$44,2,FALSE),"Not found")) | G18: =IF(A18="","",IFERROR(MATCH(TRIM(A18),Products!$B$5:$B$44,0),"Not found"))
A19: SND-012 | B19: =IF(A19="","",IFERROR(INDEX(Products!$A$5:$A$44,MATCH(TRIM(A19),Products!$B$5:$B$44,0)),"Not found")) | C19: =IF(A19="","",IFERROR(INDEX(Products!$C$5:$C$44,MATCH(TRIM(A19),Products!$B$5:$B$44,0)),"Not found")) | D19: =IF(A19="","",IFERROR(INDEX(Products!$D$5:$D$44,MATCH(TRIM(A19),Products!$B$5:$B$44,0)),"Not found")) | E19: =IF(A19="","",IFERROR(VLOOKUP(A19,Products!$A$5:$D$44,1,FALSE),"Not found")) | F19: =IF(A19="","",IFERROR(VLOOKUP(TRIM(A19),Products!$B$5:$D$44,2,FALSE),"Not found")) | G19: =IF(A19="","",IFERROR(MATCH(TRIM(A19),Products!$B$5:$B$44,0),"Not found"))
A20: CND-006 | B20: =IF(A20="","",IFERROR(INDEX(Products!$A$5:$A$44,MATCH(TRIM(A20),Products!$B$5:$B$44,0)),"Not found")) | C20: =IF(A20="","",IFERROR(INDEX(Products!$C$5:$C$44,MATCH(TRIM(A20),Products!$B$5:$B$44,0)),"Not found")) | D20: =IF(A20="","",IFERROR(INDEX(Products!$D$5:$D$44,MATCH(TRIM(A20),Products!$B$5:$B$44,0)),"Not found")) | E20: =IF(A20="","",IFERROR(VLOOKUP(A20,Products!$A$5:$D$44,1,FALSE),"Not found")) | F20: =IF(A20="","",IFERROR(VLOOKUP(TRIM(A20),Products!$B$5:$D$44,2,FALSE),"Not found")) | G20: =IF(A20="","",IFERROR(MATCH(TRIM(A20),Products!$B$5:$B$44,0),"Not found"))
B21: =IF(A21="","",IFERROR(INDEX(Products!$A$5:$A$44,MATCH(TRIM(A21),Products!$B$5:$B$44,0)),"Not found")) | C21: =IF(A21="","",IFERROR(INDEX(Products!$C$5:$C$44,MATCH(TRIM(A21),Products!$B$5:$B$44,0)),"Not found")) | D21: =IF(A21="","",IFERROR(INDEX(Products!$D$5:$D$44,MATCH(TRIM(A21),Products!$B$5:$B$44,0)),"Not found")) | E21: =IF(A21="","",IFERROR(VLOOKUP(A21,Products!$A$5:$D$44,1,FALSE),"Not found")) | F21: =IF(A21="","",IFERROR(VLOOKUP(TRIM(A21),Products!$B$5:$D$44,2,FALSE),"Not found")) | G21: =IF(A21="","",IFERROR(MATCH(TRIM(A21),Products!$B$5:$B$44,0),"Not found"))
B22: =IF(A22="","",IFERROR(INDEX(Products!$A$5:$A$44,MATCH(TRIM(A22),Products!$B$5:$B$44,0)),"Not found")) | C22: =IF(A22="","",IFERROR(INDEX(Products!$C$5:$C$44,MATCH(TRIM(A22),Products!$B$5:$B$44,0)),"Not found")) | D22: =IF(A22="","",IFERROR(INDEX(Products!$D$5:$D$44,MATCH(TRIM(A22),Products!$B$5:$B$44,0)),"Not found")) | E22: =IF(A22="","",IFERROR(VLOOKUP(A22,Products!$A$5:$D$44,1,FALSE),"Not found")) | F22: =IF(A22="","",IFERROR(VLOOKUP(TRIM(A22),Products!$B$5:$D$44,2,FALSE),"Not found")) | G22: =IF(A22="","",IFERROR(MATCH(TRIM(A22),Products!$B$5:$B$44,0),"Not found"))
B23: =IF(A23="","",IFERROR(INDEX(Products!$A$5:$A$44,MATCH(TRIM(A23),Products!$B$5:$B$44,0)),"Not found")) | C23: =IF(A23="","",IFERROR(INDEX(Products!$C$5:$C$44,MATCH(TRIM(A23),Products!$B$5:$B$44,0)),"Not found")) | D23: =IF(A23="","",IFERROR(INDEX(Products!$D$5:$D$44,MATCH(TRIM(A23),Products!$B$5:$B$44,0)),"Not found")) | E23: =IF(A23="","",IFERROR(VLOOKUP(A23,Products!$A$5:$D$44,1,FALSE),"Not found")) | F23: =IF(A23="","",IFERROR(VLOOKUP(TRIM(A23),Products!$B$5:$D$44,2,FALSE),"Not found")) | G23: =IF(A23="","",IFERROR(MATCH(TRIM(A23),Products!$B$5:$B$44,0),"Not found"))
B24: =IF(A24="","",IFERROR(INDEX(Products!$A$5:$A$44,MATCH(TRIM(A24),Products!$B$5:$B$44,0)),"Not found")) | C24: =IF(A24="","",IFERROR(INDEX(Products!$C$5:$C$44,MATCH(TRIM(A24),Products!$B$5:$B$44,0)),"Not found")) | D24: =IF(A24="","",IFERROR(INDEX(Products!$D$5:$D$44,MATCH(TRIM(A24),Products!$B$5:$B$44,0)),"Not found")) | E24: =IF(A24="","",IFERROR(VLOOKUP(A24,Products!$A$5:$D$44,1,FALSE),"Not found")) | F24: =IF(A24="","",IFERROR(VLOOKUP(TRIM(A24),Products!$B$5:$D$44,2,FALSE),"Not found")) | G24: =IF(A24="","",IFERROR(MATCH(TRIM(A24),Products!$B$5:$B$44,0),"Not found"))
B25: =IF(A25="","",IFERROR(INDEX(Products!$A$5:$A$44,MATCH(TRIM(A25),Products!$B$5:$B$44,0)),"Not found")) | C25: =IF(A25="","",IFERROR(INDEX(Products!$C$5:$C$44,MATCH(TRIM(A25),Products!$B$5:$B$44,0)),"Not found")) | D25: =IF(A25="","",IFERROR(INDEX(Products!$D$5:$D$44,MATCH(TRIM(A25),Products!$B$5:$B$44,0)),"Not found")) | E25: =IF(A25="","",IFERROR(VLOOKUP(A25,Products!$A$5:$D$44,1,FALSE),"Not found")) | F25: =IF(A25="","",IFERROR(VLOOKUP(TRIM(A25),Products!$B$5:$D$44,2,FALSE),"Not found")) | G25: =IF(A25="","",IFERROR(MATCH(TRIM(A25),Products!$B$5:$B$44,0),"Not found"))
B26: =IF(A26="","",IFERROR(INDEX(Products!$A$5:$A$44,MATCH(TRIM(A26),Products!$B$5:$B$44,0)),"Not found")) | C26: =IF(A26="","",IFERROR(INDEX(Products!$C$5:$C$44,MATCH(TRIM(A26),Products!$B$5:$B$44,0)),"Not found")) | D26: =IF(A26="","",IFERROR(INDEX(Products!$D$5:$D$44,MATCH(TRIM(A26),Products!$B$5:$B$44,0)),"Not found")) | E26: =IF(A26="","",IFERROR(VLOOKUP(A26,Products!$A$5:$D$44,1,FALSE),"Not found")) | F26: =IF(A26="","",IFERROR(VLOOKUP(TRIM(A26),Products!$B$5:$D$44,2,FALSE),"Not found")) | G26: =IF(A26="","",IFERROR(MATCH(TRIM(A26),Products!$B$5:$B$44,0),"Not found"))
B27: =IF(A27="","",IFERROR(INDEX(Products!$A$5:$A$44,MATCH(TRIM(A27),Products!$B$5:$B$44,0)),"Not found")) | C27: =IF(A27="","",IFERROR(INDEX(Products!$C$5:$C$44,MATCH(TRIM(A27),Products!$B$5:$B$44,0)),"Not found")) | D27: =IF(A27="","",IFERROR(INDEX(Products!$D$5:$D$44,MATCH(TRIM(A27),Products!$B$5:$B$44,0)),"Not found")) | E27: =IF(A27="","",IFERROR(VLOOKUP(A27,Products!$A$5:$D$44,1,FALSE),"Not found")) | F27: =IF(A27="","",IFERROR(VLOOKUP(TRIM(A27),Products!$B$5:$D$44,2,FALSE),"Not found")) | G27: =IF(A27="","",IFERROR(MATCH(TRIM(A27),Products!$B$5:$B$44,0),"Not found"))
B28: =IF(A28="","",IFERROR(INDEX(Products!$A$5:$A$44,MATCH(TRIM(A28),Products!$B$5:$B$44,0)),"Not found")) | C28: =IF(A28="","",IFERROR(INDEX(Products!$C$5:$C$44,MATCH(TRIM(A28),Products!$B$5:$B$44,0)),"Not found")) | D28: =IF(A28="","",IFERROR(INDEX(Products!$D$5:$D$44,MATCH(TRIM(A28),Products!$B$5:$B$44,0)),"Not found")) | E28: =IF(A28="","",IFERROR(VLOOKUP(A28,Products!$A$5:$D$44,1,FALSE),"Not found")) | F28: =IF(A28="","",IFERROR(VLOOKUP(TRIM(A28),Products!$B$5:$D$44,2,FALSE),"Not found")) | G28: =IF(A28="","",IFERROR(MATCH(TRIM(A28),Products!$B$5:$B$44,0),"Not found"))
B29: =IF(A29="","",IFERROR(INDEX(Products!$A$5:$A$44,MATCH(TRIM(A29),Products!$B$5:$B$44,0)),"Not found")) | C29: =IF(A29="","",IFERROR(INDEX(Products!$C$5:$C$44,MATCH(TRIM(A29),Products!$B$5:$B$44,0)),"Not found")) | D29: =IF(A29="","",IFERROR(INDEX(Products!$D$5:$D$44,MATCH(TRIM(A29),Products!$B$5:$B$44,0)),"Not found")) | E29: =IF(A29="","",IFERROR(VLOOKUP(A29,Products!$A$5:$D$44,1,FALSE),"Not found")) | F29: =IF(A29="","",IFERROR(VLOOKUP(TRIM(A29),Products!$B$5:$D$44,2,FALSE),"Not found")) | G29: =IF(A29="","",IFERROR(MATCH(TRIM(A29),Products!$B$5:$B$44,0),"Not found"))
B30: =IF(A30="","",IFERROR(INDEX(Products!$A$5:$A$44,MATCH(TRIM(A30),Products!$B$5:$B$44,0)),"Not found")) | C30: =IF(A30="","",IFERROR(INDEX(Products!$C$5:$C$44,MATCH(TRIM(A30),Products!$B$5:$B$44,0)),"Not found")) | D30: =IF(A30="","",IFERROR(INDEX(Products!$D$5:$D$44,MATCH(TRIM(A30),Products!$B$5:$B$44,0)),"Not found")) | E30: =IF(A30="","",IFERROR(VLOOKUP(A30,Products!$A$5:$D$44,1,FALSE),"Not found")) | F30: =IF(A30="","",IFERROR(VLOOKUP(TRIM(A30),Products!$B$5:$D$44,2,FALSE),"Not found")) | G30: =IF(A30="","",IFERROR(MATCH(TRIM(A30),Products!$B$5:$B$44,0),"Not found"))
B31: =IF(A31="","",IFERROR(INDEX(Products!$A$5:$A$44,MATCH(TRIM(A31),Products!$B$5:$B$44,0)),"Not found")) | C31: =IF(A31="","",IFERROR(INDEX(Products!$C$5:$C$44,MATCH(TRIM(A31),Products!$B$5:$B$44,0)),"Not found")) | D31: =IF(A31="","",IFERROR(INDEX(Products!$D$5:$D$44,MATCH(TRIM(A31),Products!$B$5:$B$44,0)),"Not found")) | E31: =IF(A31="","",IFERROR(VLOOKUP(A31,Products!$A$5:$D$44,1,FALSE),"Not found")) | F31: =IF(A31="","",IFERROR(VLOOKUP(TRIM(A31),Products!$B$5:$D$44,2,FALSE),"Not found")) | G31: =IF(A31="","",IFERROR(MATCH(TRIM(A31),Products!$B$5:$B$44,0),"Not found"))
B32: =IF(A32="","",IFERROR(INDEX(Products!$A$5:$A$44,MATCH(TRIM(A32),Products!$B$5:$B$44,0)),"Not found")) | C32: =IF(A32="","",IFERROR(INDEX(Products!$C$5:$C$44,MATCH(TRIM(A32),Products!$B$5:$B$44,0)),"Not found")) | D32: =IF(A32="","",IFERROR(INDEX(Products!$D$5:$D$44,MATCH(TRIM(A32),Products!$B$5:$B$44,0)),"Not found")) | E32: =IF(A32="","",IFERROR(VLOOKUP(A32,Products!$A$5:$D$44,1,FALSE),"Not found")) | F32: =IF(A32="","",IFERROR(VLOOKUP(TRIM(A32),Products!$B$5:$D$44,2,FALSE),"Not found")) | G32: =IF(A32="","",IFERROR(MATCH(TRIM(A32),Products!$B$5:$B$44,0),"Not found"))
... B64: =IF(A64="","",IFERROR(INDEX(Products!$A$5:$A$44,MATCH(TRIM(A64),Products!$B$5:$B$44,0)),"Not found")) | C64: =IF(A64="","",IFERROR(INDEX(Products!$C$5:$C$44,MATCH(TRIM(A64),Products!$B$5:$B$44,0)),"Not found")) | D64: =IF(A64="","",IFERROR(INDEX(Products!$D$5:$D$44,MATCH(TRIM(A64),Products!$B$5:$B$44,0)),"Not found")) | E64: =IF(A64="","",IFERROR(VLOOKUP(A64,Products!$A$5:$D$44,1,FALSE),"Not found")) | F64: =IF(A64="","",IFERROR(VLOOKUP(TRIM(A64),Products!$B$5:$D$44,2,FALSE),"Not found")) | G64: =IF(A64="","",IFERROR(MATCH(TRIM(A64),Products!$B$5:$B$44,0),"Not found"))

Sheet How to use
A1: Tidy Tabs: Look Up a Value to the Left of the Key Column
A3: 1. Products tab: one row per product in A5:D44 (yellow). The SKU is in column B, so the product name is to its left. The sample is 25 fictional products.
A4: 2. Lookup tab: type or paste SKUs in A5:A64 (yellow). The sample has 15 fictional lookups and one blank row.
A5: 3. Product name, B5: =IF(A5="","",IFERROR(INDEX(Products!$A$5:$A$44,MATCH(TRIM(A5),Products!$B$5:$B$44,0)),"Not found")). MATCH finds the row number of the SKU in column B; INDEX returns the cell in that row from column A. The 0 means exact match.
A6: 4. TRIM removes a trailing or leading space that came along with a pasted SKU. MATCH with 0 ignores capital letters in LibreOffice Calc (snd-010 finds SND-010). Not checked in Excel or Google Sheets.
A7: 5. Price and Stock, C5 and D5, use the same form on column C and column D.
A8: 6. Column E tries =VLOOKUP(A5,Products!$A$5:$D$44,1,FALSE). VLOOKUP searches the FIRST column of its range, here the names in column A, so a SKU is never found. Column F shows the form that does work, searching the range that starts at the SKU: =VLOOKUP(TRIM(A5),Products!$B$5:$D$44,2,FALSE).
A9: 7. Column G shows the row number MATCH returns, counting from the first product row.
A10: 8. If a SKU is listed twice in Products, MATCH returns the first one only. Summary J9 counts the rows involved and J10 shows CHECK.
A11: 9. A SKU stored as a number in Products does not match the same digits in the lookup, because TRIM returns text. Keep SKUs as text in both places.
A12: 10. J10 shows OK when found + not found = entered, the row numbers agree, no SKU is listed twice, and nothing is typed below row 64 on Lookup or row 44 on Products.
A14: Products, SKUs and prices are fictional. Checked in LibreOffice Calc only; not opened in Excel or Google Sheets.
A15: Google Sheets: File > Import > Upload this .xlsx.
