Workbook

Sheet Emails
A1: Email as typed | B1: Username | C1: Domain | D1: Domain (lower case) | E1: Shape
A2: Jane.Doe@Example.com | B2: =IF(A2="","",IFERROR(LEFT(A2,FIND("@",A2)-1),"")) | C2: =IF(A2="","",IFERROR(MID(A2,FIND("@",A2)+1,LEN(A2)),"")) | D2: =IF(C2="","",LOWER(C2)) | E2: =IF(A2="","",IF(AND(LEN(A2)-LEN(SUBSTITUTE(A2,"@",""))=1,LEFT(A2,1)<>"@",ISNUMBER(FIND(".",A2,FIND("@",A2)+2)),RIGHT(A2,1)<>".",ISERROR(FIND(" ",A2))),"OK","Check"))
A3: sam@shop.example.org | B3: =IF(A3="","",IFERROR(LEFT(A3,FIND("@",A3)-1),"")) | C3: =IF(A3="","",IFERROR(MID(A3,FIND("@",A3)+1,LEN(A3)),"")) | D3: =IF(C3="","",LOWER(C3)) | E3: =IF(A3="","",IF(AND(LEN(A3)-LEN(SUBSTITUTE(A3,"@",""))=1,LEFT(A3,1)<>"@",ISNUMBER(FIND(".",A3,FIND("@",A3)+2)),RIGHT(A3,1)<>".",ISERROR(FIND(" ",A3))),"OK","Check"))
A4: rosa.m+orders@example.net | B4: =IF(A4="","",IFERROR(LEFT(A4,FIND("@",A4)-1),"")) | C4: =IF(A4="","",IFERROR(MID(A4,FIND("@",A4)+1,LEN(A4)),"")) | D4: =IF(C4="","",LOWER(C4)) | E4: =IF(A4="","",IF(AND(LEN(A4)-LEN(SUBSTITUTE(A4,"@",""))=1,LEFT(A4,1)<>"@",ISNUMBER(FIND(".",A4,FIND("@",A4)+2)),RIGHT(A4,1)<>".",ISERROR(FIND(" ",A4))),"OK","Check"))
A5: lee_k@example.com | B5: =IF(A5="","",IFERROR(LEFT(A5,FIND("@",A5)-1),"")) | C5: =IF(A5="","",IFERROR(MID(A5,FIND("@",A5)+1,LEN(A5)),"")) | D5: =IF(C5="","",LOWER(C5)) | E5: =IF(A5="","",IF(AND(LEN(A5)-LEN(SUBSTITUTE(A5,"@",""))=1,LEFT(A5,1)<>"@",ISNUMBER(FIND(".",A5,FIND("@",A5)+2)),RIGHT(A5,1)<>".",ISERROR(FIND(" ",A5))),"OK","Check"))
A6: BILL.R@EXAMPLE.ORG | B6: =IF(A6="","",IFERROR(LEFT(A6,FIND("@",A6)-1),"")) | C6: =IF(A6="","",IFERROR(MID(A6,FIND("@",A6)+1,LEN(A6)),"")) | D6: =IF(C6="","",LOWER(C6)) | E6: =IF(A6="","",IF(AND(LEN(A6)-LEN(SUBSTITUTE(A6,"@",""))=1,LEFT(A6,1)<>"@",ISNUMBER(FIND(".",A6,FIND("@",A6)+2)),RIGHT(A6,1)<>".",ISERROR(FIND(" ",A6))),"OK","Check"))
A7: maria@@example.com | B7: =IF(A7="","",IFERROR(LEFT(A7,FIND("@",A7)-1),"")) | C7: =IF(A7="","",IFERROR(MID(A7,FIND("@",A7)+1,LEN(A7)),"")) | D7: =IF(C7="","",LOWER(C7)) | E7: =IF(A7="","",IF(AND(LEN(A7)-LEN(SUBSTITUTE(A7,"@",""))=1,LEFT(A7,1)<>"@",ISNUMBER(FIND(".",A7,FIND("@",A7)+2)),RIGHT(A7,1)<>".",ISERROR(FIND(" ",A7))),"OK","Check"))
A8: tomexample.com | B8: =IF(A8="","",IFERROR(LEFT(A8,FIND("@",A8)-1),"")) | C8: =IF(A8="","",IFERROR(MID(A8,FIND("@",A8)+1,LEN(A8)),"")) | D8: =IF(C8="","",LOWER(C8)) | E8: =IF(A8="","",IF(AND(LEN(A8)-LEN(SUBSTITUTE(A8,"@",""))=1,LEFT(A8,1)<>"@",ISNUMBER(FIND(".",A8,FIND("@",A8)+2)),RIGHT(A8,1)<>".",ISERROR(FIND(" ",A8))),"OK","Check"))
A9: ann lee@example.net | B9: =IF(A9="","",IFERROR(LEFT(A9,FIND("@",A9)-1),"")) | C9: =IF(A9="","",IFERROR(MID(A9,FIND("@",A9)+1,LEN(A9)),"")) | D9: =IF(C9="","",LOWER(C9)) | E9: =IF(A9="","",IF(AND(LEN(A9)-LEN(SUBSTITUTE(A9,"@",""))=1,LEFT(A9,1)<>"@",ISNUMBER(FIND(".",A9,FIND("@",A9)+2)),RIGHT(A9,1)<>".",ISERROR(FIND(" ",A9))),"OK","Check"))
A10: kim@example | B10: =IF(A10="","",IFERROR(LEFT(A10,FIND("@",A10)-1),"")) | C10: =IF(A10="","",IFERROR(MID(A10,FIND("@",A10)+1,LEN(A10)),"")) | D10: =IF(C10="","",LOWER(C10)) | E10: =IF(A10="","",IF(AND(LEN(A10)-LEN(SUBSTITUTE(A10,"@",""))=1,LEFT(A10,1)<>"@",ISNUMBER(FIND(".",A10,FIND("@",A10)+2)),RIGHT(A10,1)<>".",ISERROR(FIND(" ",A10))),"OK","Check"))
A11: pat@example.com | B11: =IF(A11="","",IFERROR(LEFT(A11,FIND("@",A11)-1),"")) | C11: =IF(A11="","",IFERROR(MID(A11,FIND("@",A11)+1,LEN(A11)),"")) | D11: =IF(C11="","",LOWER(C11)) | E11: =IF(A11="","",IF(AND(LEN(A11)-LEN(SUBSTITUTE(A11,"@",""))=1,LEFT(A11,1)<>"@",ISNUMBER(FIND(".",A11,FIND("@",A11)+2)),RIGHT(A11,1)<>".",ISERROR(FIND(" ",A11))),"OK","Check"))
A12: dev.team@mail.example.com | B12: =IF(A12="","",IFERROR(LEFT(A12,FIND("@",A12)-1),"")) | C12: =IF(A12="","",IFERROR(MID(A12,FIND("@",A12)+1,LEN(A12)),"")) | D12: =IF(C12="","",LOWER(C12)) | E12: =IF(A12="","",IF(AND(LEN(A12)-LEN(SUBSTITUTE(A12,"@",""))=1,LEFT(A12,1)<>"@",ISNUMBER(FIND(".",A12,FIND("@",A12)+2)),RIGHT(A12,1)<>".",ISERROR(FIND(" ",A12))),"OK","Check"))
A13: hello@example.org | B13: =IF(A13="","",IFERROR(LEFT(A13,FIND("@",A13)-1),"")) | C13: =IF(A13="","",IFERROR(MID(A13,FIND("@",A13)+1,LEN(A13)),"")) | D13: =IF(C13="","",LOWER(C13)) | E13: =IF(A13="","",IF(AND(LEN(A13)-LEN(SUBSTITUTE(A13,"@",""))=1,LEFT(A13,1)<>"@",ISNUMBER(FIND(".",A13,FIND("@",A13)+2)),RIGHT(A13,1)<>".",ISERROR(FIND(" ",A13))),"OK","Check"))
B14: =IF(A14="","",IFERROR(LEFT(A14,FIND("@",A14)-1),"")) | C14: =IF(A14="","",IFERROR(MID(A14,FIND("@",A14)+1,LEN(A14)),"")) | D14: =IF(C14="","",LOWER(C14)) | E14: =IF(A14="","",IF(AND(LEN(A14)-LEN(SUBSTITUTE(A14,"@",""))=1,LEFT(A14,1)<>"@",ISNUMBER(FIND(".",A14,FIND("@",A14)+2)),RIGHT(A14,1)<>".",ISERROR(FIND(" ",A14))),"OK","Check"))
A15: orders@example.net | B15: =IF(A15="","",IFERROR(LEFT(A15,FIND("@",A15)-1),"")) | C15: =IF(A15="","",IFERROR(MID(A15,FIND("@",A15)+1,LEN(A15)),"")) | D15: =IF(C15="","",LOWER(C15)) | E15: =IF(A15="","",IF(AND(LEN(A15)-LEN(SUBSTITUTE(A15,"@",""))=1,LEFT(A15,1)<>"@",ISNUMBER(FIND(".",A15,FIND("@",A15)+2)),RIGHT(A15,1)<>".",ISERROR(FIND(" ",A15))),"OK","Check"))
A16: chris.p@example.com | B16: =IF(A16="","",IFERROR(LEFT(A16,FIND("@",A16)-1),"")) | C16: =IF(A16="","",IFERROR(MID(A16,FIND("@",A16)+1,LEN(A16)),"")) | D16: =IF(C16="","",LOWER(C16)) | E16: =IF(A16="","",IF(AND(LEN(A16)-LEN(SUBSTITUTE(A16,"@",""))=1,LEFT(A16,1)<>"@",ISNUMBER(FIND(".",A16,FIND("@",A16)+2)),RIGHT(A16,1)<>".",ISERROR(FIND(" ",A16))),"OK","Check"))
B17: =IF(A17="","",IFERROR(LEFT(A17,FIND("@",A17)-1),"")) | C17: =IF(A17="","",IFERROR(MID(A17,FIND("@",A17)+1,LEN(A17)),"")) | D17: =IF(C17="","",LOWER(C17)) | E17: =IF(A17="","",IF(AND(LEN(A17)-LEN(SUBSTITUTE(A17,"@",""))=1,LEFT(A17,1)<>"@",ISNUMBER(FIND(".",A17,FIND("@",A17)+2)),RIGHT(A17,1)<>".",ISERROR(FIND(" ",A17))),"OK","Check"))
B18: =IF(A18="","",IFERROR(LEFT(A18,FIND("@",A18)-1),"")) | C18: =IF(A18="","",IFERROR(MID(A18,FIND("@",A18)+1,LEN(A18)),"")) | D18: =IF(C18="","",LOWER(C18)) | E18: =IF(A18="","",IF(AND(LEN(A18)-LEN(SUBSTITUTE(A18,"@",""))=1,LEFT(A18,1)<>"@",ISNUMBER(FIND(".",A18,FIND("@",A18)+2)),RIGHT(A18,1)<>".",ISERROR(FIND(" ",A18))),"OK","Check"))
B19: =IF(A19="","",IFERROR(LEFT(A19,FIND("@",A19)-1),"")) | C19: =IF(A19="","",IFERROR(MID(A19,FIND("@",A19)+1,LEN(A19)),"")) | D19: =IF(C19="","",LOWER(C19)) | E19: =IF(A19="","",IF(AND(LEN(A19)-LEN(SUBSTITUTE(A19,"@",""))=1,LEFT(A19,1)<>"@",ISNUMBER(FIND(".",A19,FIND("@",A19)+2)),RIGHT(A19,1)<>".",ISERROR(FIND(" ",A19))),"OK","Check"))
B20: =IF(A20="","",IFERROR(LEFT(A20,FIND("@",A20)-1),"")) | C20: =IF(A20="","",IFERROR(MID(A20,FIND("@",A20)+1,LEN(A20)),"")) | D20: =IF(C20="","",LOWER(C20)) | E20: =IF(A20="","",IF(AND(LEN(A20)-LEN(SUBSTITUTE(A20,"@",""))=1,LEFT(A20,1)<>"@",ISNUMBER(FIND(".",A20,FIND("@",A20)+2)),RIGHT(A20,1)<>".",ISERROR(FIND(" ",A20))),"OK","Check"))
B21: =IF(A21="","",IFERROR(LEFT(A21,FIND("@",A21)-1),"")) | C21: =IF(A21="","",IFERROR(MID(A21,FIND("@",A21)+1,LEN(A21)),"")) | D21: =IF(C21="","",LOWER(C21)) | E21: =IF(A21="","",IF(AND(LEN(A21)-LEN(SUBSTITUTE(A21,"@",""))=1,LEFT(A21,1)<>"@",ISNUMBER(FIND(".",A21,FIND("@",A21)+2)),RIGHT(A21,1)<>".",ISERROR(FIND(" ",A21))),"OK","Check"))
B22: =IF(A22="","",IFERROR(LEFT(A22,FIND("@",A22)-1),"")) | C22: =IF(A22="","",IFERROR(MID(A22,FIND("@",A22)+1,LEN(A22)),"")) | D22: =IF(C22="","",LOWER(C22)) | E22: =IF(A22="","",IF(AND(LEN(A22)-LEN(SUBSTITUTE(A22,"@",""))=1,LEFT(A22,1)<>"@",ISNUMBER(FIND(".",A22,FIND("@",A22)+2)),RIGHT(A22,1)<>".",ISERROR(FIND(" ",A22))),"OK","Check"))
B23: =IF(A23="","",IFERROR(LEFT(A23,FIND("@",A23)-1),"")) | C23: =IF(A23="","",IFERROR(MID(A23,FIND("@",A23)+1,LEN(A23)),"")) | D23: =IF(C23="","",LOWER(C23)) | E23: =IF(A23="","",IF(AND(LEN(A23)-LEN(SUBSTITUTE(A23,"@",""))=1,LEFT(A23,1)<>"@",ISNUMBER(FIND(".",A23,FIND("@",A23)+2)),RIGHT(A23,1)<>".",ISERROR(FIND(" ",A23))),"OK","Check"))
B24: =IF(A24="","",IFERROR(LEFT(A24,FIND("@",A24)-1),"")) | C24: =IF(A24="","",IFERROR(MID(A24,FIND("@",A24)+1,LEN(A24)),"")) | D24: =IF(C24="","",LOWER(C24)) | E24: =IF(A24="","",IF(AND(LEN(A24)-LEN(SUBSTITUTE(A24,"@",""))=1,LEFT(A24,1)<>"@",ISNUMBER(FIND(".",A24,FIND("@",A24)+2)),RIGHT(A24,1)<>".",ISERROR(FIND(" ",A24))),"OK","Check"))
B25: =IF(A25="","",IFERROR(LEFT(A25,FIND("@",A25)-1),"")) | C25: =IF(A25="","",IFERROR(MID(A25,FIND("@",A25)+1,LEN(A25)),"")) | D25: =IF(C25="","",LOWER(C25)) | E25: =IF(A25="","",IF(AND(LEN(A25)-LEN(SUBSTITUTE(A25,"@",""))=1,LEFT(A25,1)<>"@",ISNUMBER(FIND(".",A25,FIND("@",A25)+2)),RIGHT(A25,1)<>".",ISERROR(FIND(" ",A25))),"OK","Check"))
B26: =IF(A26="","",IFERROR(LEFT(A26,FIND("@",A26)-1),"")) | C26: =IF(A26="","",IFERROR(MID(A26,FIND("@",A26)+1,LEN(A26)),"")) | D26: =IF(C26="","",LOWER(C26)) | E26: =IF(A26="","",IF(AND(LEN(A26)-LEN(SUBSTITUTE(A26,"@",""))=1,LEFT(A26,1)<>"@",ISNUMBER(FIND(".",A26,FIND("@",A26)+2)),RIGHT(A26,1)<>".",ISERROR(FIND(" ",A26))),"OK","Check"))
B27: =IF(A27="","",IFERROR(LEFT(A27,FIND("@",A27)-1),"")) | C27: =IF(A27="","",IFERROR(MID(A27,FIND("@",A27)+1,LEN(A27)),"")) | D27: =IF(C27="","",LOWER(C27)) | E27: =IF(A27="","",IF(AND(LEN(A27)-LEN(SUBSTITUTE(A27,"@",""))=1,LEFT(A27,1)<>"@",ISNUMBER(FIND(".",A27,FIND("@",A27)+2)),RIGHT(A27,1)<>".",ISERROR(FIND(" ",A27))),"OK","Check"))
B28: =IF(A28="","",IFERROR(LEFT(A28,FIND("@",A28)-1),"")) | C28: =IF(A28="","",IFERROR(MID(A28,FIND("@",A28)+1,LEN(A28)),"")) | D28: =IF(C28="","",LOWER(C28)) | E28: =IF(A28="","",IF(AND(LEN(A28)-LEN(SUBSTITUTE(A28,"@",""))=1,LEFT(A28,1)<>"@",ISNUMBER(FIND(".",A28,FIND("@",A28)+2)),RIGHT(A28,1)<>".",ISERROR(FIND(" ",A28))),"OK","Check"))
... B200: =IF(A200="","",IFERROR(LEFT(A200,FIND("@",A200)-1),"")) | C200: =IF(A200="","",IFERROR(MID(A200,FIND("@",A200)+1,LEN(A200)),"")) | D200: =IF(C200="","",LOWER(C200)) | E200: =IF(A200="","",IF(AND(LEN(A200)-LEN(SUBSTITUTE(A200,"@",""))=1,LEFT(A200,1)<>"@",ISNUMBER(FIND(".",A200,FIND("@",A200)+2)),RIGHT(A200,1)<>".",ISERROR(FIND(" ",A200))),"OK","Check"))

Sheet Summary
A1: Domain | B1: OK rows
A2: example.com | B2: =IF(A2="","",COUNTIFS(Emails!$D$2:$D$200,TRIM(A2),Emails!$E$2:$E$200,"OK"))
A3: example.org | B3: =IF(A3="","",COUNTIFS(Emails!$D$2:$D$200,TRIM(A3),Emails!$E$2:$E$200,"OK"))
A4: example.net | B4: =IF(A4="","",COUNTIFS(Emails!$D$2:$D$200,TRIM(A4),Emails!$E$2:$E$200,"OK"))
B5: =IF(A5="","",COUNTIFS(Emails!$D$2:$D$200,TRIM(A5),Emails!$E$2:$E$200,"OK"))
B6: =IF(A6="","",COUNTIFS(Emails!$D$2:$D$200,TRIM(A6),Emails!$E$2:$E$200,"OK"))
B7: =IF(A7="","",COUNTIFS(Emails!$D$2:$D$200,TRIM(A7),Emails!$E$2:$E$200,"OK"))
A8: Other domains | B8: =B11-SUM(B2:B7)
A10: Rows with an entry | B10: =COUNTA(Emails!A2:A200)
A11: OK rows | B11: =COUNTIF(Emails!$E$2:$E$200,"OK")
A12: Rows to check | B12: =COUNTIF(Emails!$E$2:$E$200,"Check")
A13: Check: OK + Check = rows | B13: =IF(B11+B12=B10,"OK","CHECK")

Sheet How to use
A1: Tidy Tabs: Split an Email Address Into Username and Domain
A3: 1. Emails tab: paste the addresses in A (yellow). Rows 2 to 200 have formulas ready.
A4: 2. Username B2: =IFERROR(LEFT(A2,FIND("@",A2)-1),"") keeps everything before the @.
A5: 3. Domain C2: =IFERROR(MID(A2,FIND("@",A2)+1,LEN(A2)),"") keeps everything after the @. D2 is the same domain in lower case with LOWER, so Example.com and example.com count together.
A6: 4. Shape E2 shows OK when the address has exactly one @, something before it, a dot at least one character after it, no dot at the very end and no spaces. Anything else shows Check.
A7: 5. A trailing space after the address shows Check. Remove it with TRIM or retype the cell. A plus sign in the username (name+orders@...) stays OK.
A8: 6. Summary tab: type the domains you want to count in A2 to A7 (yellow). B counts the OK rows with that domain. Other domains is every other OK row.
A9: 7. Summary!B13 shows OK when OK rows plus Check rows equal the rows with an entry.
A10: 8. This checks the shape of the text only. It does not tell you whether a mailbox exists or whether a person agreed to get email from you.
A11: 9. Count each domain once on the Summary tab; a domain typed twice is counted twice and Other domains goes below zero. The print area covers the first 40 rows of the Emails tab.
A13: All addresses are fictional and use example.com, example.org and example.net. Checked in LibreOffice Calc only; not opened in Excel or Google Sheets.
A14: Google Sheets: File > Import > Upload this .xlsx.
