Workbook

Sheet Orders
A1: Order | B1: Customer | C1: Order date | D1: Total
A2: 1001 | B2: Ana Ruiz | C2: 46238 | D2: 42
A3: 1002 | B3: Eli Brooks | C3: 46240 | D3: 18
A4: 1003 | B4: Ben Ortiz | C4: 46246 | D4: 65.5
A5: 1004 | B5: Ana Ruiz | C5: 46254 | D5: 30
A6: 1005 | B6: Cara Lee | C6: 46259 | D6: 24
A7: 1006 | B7: Eli Brooks | C7: 46267 | D7: 36
A8: 1007 | B8: Dev Patel | C8: 46274 | D8: 54.25
A9: 1008 | B9: Fay Nolan | C9: 46279 | D9: 12
A10: 1009 | B10: Eli Brooks | C10: 46286 | D10: 28.75
A11: 1010 | B11: Cara Lee | C11: 46293 | D11: 48
A12: 1011 | B12: Hana Cole | C12: 46296 | D12: 90
A13: 1012 | B13: Ana Ruiz | C13: 46300 | D13: 22.5
A14: 1013 | B14: Eli Brooks | C14: 46304 | D14: 31

Sheet Customers
A1: Customer | B1: Orders | C1: Type | D1: Total spent | F1: Summary
A2: Ana Ruiz | B2: =IF(A2="","",COUNTIF(Orders!$B$2:$B$200,A2)) | C2: =IF(A2="","",IF(B2=0,"No orders",IF(B2=1,"One time","Repeat"))) | D2: =IF(A2="","",SUMIF(Orders!$B$2:$B$200,A2,Orders!$D$2:$D$200)) | F2: Customers with at least one order | G2: =COUNTIF(B2:B31,">0")
A3: Ben Ortiz | B3: =IF(A3="","",COUNTIF(Orders!$B$2:$B$200,A3)) | C3: =IF(A3="","",IF(B3=0,"No orders",IF(B3=1,"One time","Repeat"))) | D3: =IF(A3="","",SUMIF(Orders!$B$2:$B$200,A3,Orders!$D$2:$D$200)) | F3: Repeat customers (2 or more orders) | G3: =COUNTIF(B2:B31,">=2")
A4: Cara Lee | B4: =IF(A4="","",COUNTIF(Orders!$B$2:$B$200,A4)) | C4: =IF(A4="","",IF(B4=0,"No orders",IF(B4=1,"One time","Repeat"))) | D4: =IF(A4="","",SUMIF(Orders!$B$2:$B$200,A4,Orders!$D$2:$D$200)) | F4: Repeat customer rate | G4: =IF(G2=0,"",G3/G2)
A5: Dev Patel | B5: =IF(A5="","",COUNTIF(Orders!$B$2:$B$200,A5)) | C5: =IF(A5="","",IF(B5=0,"No orders",IF(B5=1,"One time","Repeat"))) | D5: =IF(A5="","",SUMIF(Orders!$B$2:$B$200,A5,Orders!$D$2:$D$200)) | F5: Orders counted above | G5: =SUM(B2:B31)
A6: Eli Brooks | B6: =IF(A6="","",COUNTIF(Orders!$B$2:$B$200,A6)) | C6: =IF(A6="","",IF(B6=0,"No orders",IF(B6=1,"One time","Repeat"))) | D6: =IF(A6="","",SUMIF(Orders!$B$2:$B$200,A6,Orders!$D$2:$D$200)) | F6: Orders on the Orders tab | G6: =COUNTA(Orders!B2:B200)
A7: Fay Nolan | B7: =IF(A7="","",COUNTIF(Orders!$B$2:$B$200,A7)) | C7: =IF(A7="","",IF(B7=0,"No orders",IF(B7=1,"One time","Repeat"))) | D7: =IF(A7="","",SUMIF(Orders!$B$2:$B$200,A7,Orders!$D$2:$D$200)) | F7: Check: every order matched a customer | G7: =IF(G5=G6,"OK","CHECK")
A8: Gus Hall | B8: =IF(A8="","",COUNTIF(Orders!$B$2:$B$200,A8)) | C8: =IF(A8="","",IF(B8=0,"No orders",IF(B8=1,"One time","Repeat"))) | D8: =IF(A8="","",SUMIF(Orders!$B$2:$B$200,A8,Orders!$D$2:$D$200)) | F8: Spent by repeat customers | G8: =SUMIF(C2:C31,"Repeat",D2:D31)
A9: Hana Cole | B9: =IF(A9="","",COUNTIF(Orders!$B$2:$B$200,A9)) | C9: =IF(A9="","",IF(B9=0,"No orders",IF(B9=1,"One time","Repeat"))) | D9: =IF(A9="","",SUMIF(Orders!$B$2:$B$200,A9,Orders!$D$2:$D$200)) | F9: Share of spending from repeat customers | G9: =IF(SUM(D2:D31)=0,"",G8/SUM(D2:D31))
B10: =IF(A10="","",COUNTIF(Orders!$B$2:$B$200,A10)) | C10: =IF(A10="","",IF(B10=0,"No orders",IF(B10=1,"One time","Repeat"))) | D10: =IF(A10="","",SUMIF(Orders!$B$2:$B$200,A10,Orders!$D$2:$D$200))
B11: =IF(A11="","",COUNTIF(Orders!$B$2:$B$200,A11)) | C11: =IF(A11="","",IF(B11=0,"No orders",IF(B11=1,"One time","Repeat"))) | D11: =IF(A11="","",SUMIF(Orders!$B$2:$B$200,A11,Orders!$D$2:$D$200))
B12: =IF(A12="","",COUNTIF(Orders!$B$2:$B$200,A12)) | C12: =IF(A12="","",IF(B12=0,"No orders",IF(B12=1,"One time","Repeat"))) | D12: =IF(A12="","",SUMIF(Orders!$B$2:$B$200,A12,Orders!$D$2:$D$200))
B13: =IF(A13="","",COUNTIF(Orders!$B$2:$B$200,A13)) | C13: =IF(A13="","",IF(B13=0,"No orders",IF(B13=1,"One time","Repeat"))) | D13: =IF(A13="","",SUMIF(Orders!$B$2:$B$200,A13,Orders!$D$2:$D$200))
B14: =IF(A14="","",COUNTIF(Orders!$B$2:$B$200,A14)) | C14: =IF(A14="","",IF(B14=0,"No orders",IF(B14=1,"One time","Repeat"))) | D14: =IF(A14="","",SUMIF(Orders!$B$2:$B$200,A14,Orders!$D$2:$D$200))
B15: =IF(A15="","",COUNTIF(Orders!$B$2:$B$200,A15)) | C15: =IF(A15="","",IF(B15=0,"No orders",IF(B15=1,"One time","Repeat"))) | D15: =IF(A15="","",SUMIF(Orders!$B$2:$B$200,A15,Orders!$D$2:$D$200))
B16: =IF(A16="","",COUNTIF(Orders!$B$2:$B$200,A16)) | C16: =IF(A16="","",IF(B16=0,"No orders",IF(B16=1,"One time","Repeat"))) | D16: =IF(A16="","",SUMIF(Orders!$B$2:$B$200,A16,Orders!$D$2:$D$200))
B17: =IF(A17="","",COUNTIF(Orders!$B$2:$B$200,A17)) | C17: =IF(A17="","",IF(B17=0,"No orders",IF(B17=1,"One time","Repeat"))) | D17: =IF(A17="","",SUMIF(Orders!$B$2:$B$200,A17,Orders!$D$2:$D$200))
B18: =IF(A18="","",COUNTIF(Orders!$B$2:$B$200,A18)) | C18: =IF(A18="","",IF(B18=0,"No orders",IF(B18=1,"One time","Repeat"))) | D18: =IF(A18="","",SUMIF(Orders!$B$2:$B$200,A18,Orders!$D$2:$D$200))
B19: =IF(A19="","",COUNTIF(Orders!$B$2:$B$200,A19)) | C19: =IF(A19="","",IF(B19=0,"No orders",IF(B19=1,"One time","Repeat"))) | D19: =IF(A19="","",SUMIF(Orders!$B$2:$B$200,A19,Orders!$D$2:$D$200))
B20: =IF(A20="","",COUNTIF(Orders!$B$2:$B$200,A20)) | C20: =IF(A20="","",IF(B20=0,"No orders",IF(B20=1,"One time","Repeat"))) | D20: =IF(A20="","",SUMIF(Orders!$B$2:$B$200,A20,Orders!$D$2:$D$200))
B21: =IF(A21="","",COUNTIF(Orders!$B$2:$B$200,A21)) | C21: =IF(A21="","",IF(B21=0,"No orders",IF(B21=1,"One time","Repeat"))) | D21: =IF(A21="","",SUMIF(Orders!$B$2:$B$200,A21,Orders!$D$2:$D$200))
... B31: =IF(A31="","",COUNTIF(Orders!$B$2:$B$200,A31)) | C31: =IF(A31="","",IF(B31=0,"No orders",IF(B31=1,"One time","Repeat"))) | D31: =IF(A31="","",SUMIF(Orders!$B$2:$B$200,A31,Orders!$D$2:$D$200))

Sheet How to use
A1: Tidy Tabs: Repeat Customer Rate With COUNTIF
A3: 1. Orders tab: one row per order, with the customer name in column B. Paste or type your orders under the sample rows.
A4: 2. Customers tab: list each customer once in column A . Rows 2 to 31 have formulas ready.
A5: 3. B2: =IF(A2="","",COUNTIF(Orders!$B$2:$B$200,A2)) counts that customer's orders. C2 labels them No orders, One time or Repeat. D2 adds up what they spent with SUMIF.
A6: 4. G2: =COUNTIF(B2:B31,">0") counts customers who ordered at all. G3: =COUNTIF(B2:B31,">=2") counts repeat customers.
A7: 5. G4: =IF(G2=0,"",G3/G2) is the repeat customer rate. The short form is =COUNTIF(B2:B9,">=2")/COUNTIF(B2:B9,">0").
A8: 6. G5 to G7 check that every order on the Orders tab matched a name on the Customers tab. A misspelled name or an extra space at the end of a cell makes G7 show CHECK.
A9: 7. COUNTIF ignores capital letters, so ana ruiz and Ana Ruiz are the same customer. It does not ignore spaces or different spellings.
A10: 8. The rate covers only the orders you pasted in. Choose the same date range for every rate you compare.
A12: Names, orders and amounts are fictional. Checked in LibreOffice Calc only; not opened in Excel or Google Sheets.
A13: Google Sheets: File > Import > Upload this .xlsx.
