Workbook

Sheet Growth
A1: Year | B1: Sales | D1: Start year (typed) | E1: 2022 | F1: Must match a year in column A.
A2: 2022 | B2: 12000 | D2: End year (typed) | E2: 2026
A3: 2023 | B3: 14200 | D3: Periods (years between) | E3: =IF(AND(ISNUMBER(E1),ISNUMBER(E2)),E2-E1,"Check inputs") | F3: End year minus start year, not the number of rows.
A4: 2024 | B4: 15900 | D4: Start year sales | E4: =IF(ISNUMBER(E1),IFERROR(INDEX($B$2:$B$11,MATCH(E1,$A$2:$A$11,0)),"Check inputs"),"Check inputs")
A5: 2025 | B5: 19100 | D5: End year sales | E5: =IF(ISNUMBER(E2),IFERROR(INDEX($B$2:$B$11,MATCH(E2,$A$2:$A$11,0)),"Check inputs"),"Check inputs")
A6: 2026 | B6: 21500 | D6: Average yearly growth (RRI) | E6: =IF(OR(NOT(ISNUMBER(E3)),NOT(ISNUMBER(E4)),NOT(ISNUMBER(E5))),"Check inputs",IF(OR(E4<=0,E3<1,E5<0),"Check inputs",_xlfn.RRI(E3,E4,E5))) | F6: Formula: =RRI(E3,E4,E5), plus guards
D7: Same rate with the power form | E7: =IF(ISNUMBER(E6),(E5/E4)^(1/E3)-1,"Check inputs") | F7: Formula: =(E5/E4)^(1/E3)-1
D8: Total growth, first to last | E8: =IF(ISNUMBER(E6),E5/E4-1,"")
D9: End sales rebuilt from the rate | E9: =IF(ISNUMBER(E6),E4*(1+E6)^E3,"") | F9: Formula: =E4*(1+E6)^E3
D10: Check: rebuilt end sales = real end sales | E10: =IF(NOT(ISNUMBER(E6)),"No result",IF(AND(ABS(E9-E5)<0.005,ABS(E6-E7)<0.0000001),"OK","CHECK")) | F10: OK when both forms agree and the rebuild matches to the cent.

Sheet Check
A1: Year | B1: Sales | C1: Change vs year before | D1: Sales at the average rate | E1: Real minus average rate
A2: =IF(Growth!A2="","",Growth!A2) | B2: =IF(OR(Growth!A2="",Growth!B2=""),"",Growth!B2) | D2: =IF(AND(ISNUMBER(Growth!$E$6),ISNUMBER(A2),ISNUMBER(Growth!$E$1),ISNUMBER(Growth!$E$2)),IF(AND(A2>=Growth!$E$1,A2<=Growth!$E$2),IF(A2=Growth!$E$1,Growth!$E$4,Growth!$E$4*(1+Growth!$E$6)^(A2-Growth!$E$1)),""),"") | E2: =IF(AND(ISNUMBER(D2),ISNUMBER(B2)),B2-D2,"")
A3: =IF(Growth!A3="","",Growth!A3) | B3: =IF(OR(Growth!A3="",Growth!B3=""),"",Growth!B3) | C3: =IF(AND(ISNUMBER(B3),ISNUMBER(B2)),IF(B2>0,B3/B2-1,""),"") | D3: =IF(AND(ISNUMBER(Growth!$E$6),ISNUMBER(A3),ISNUMBER(Growth!$E$1),ISNUMBER(Growth!$E$2)),IF(AND(A3>=Growth!$E$1,A3<=Growth!$E$2),IF(A3=Growth!$E$1,Growth!$E$4,Growth!$E$4*(1+Growth!$E$6)^(A3-Growth!$E$1)),""),"") | E3: =IF(AND(ISNUMBER(D3),ISNUMBER(B3)),B3-D3,"")
A4: =IF(Growth!A4="","",Growth!A4) | B4: =IF(OR(Growth!A4="",Growth!B4=""),"",Growth!B4) | C4: =IF(AND(ISNUMBER(B4),ISNUMBER(B3)),IF(B3>0,B4/B3-1,""),"") | D4: =IF(AND(ISNUMBER(Growth!$E$6),ISNUMBER(A4),ISNUMBER(Growth!$E$1),ISNUMBER(Growth!$E$2)),IF(AND(A4>=Growth!$E$1,A4<=Growth!$E$2),IF(A4=Growth!$E$1,Growth!$E$4,Growth!$E$4*(1+Growth!$E$6)^(A4-Growth!$E$1)),""),"") | E4: =IF(AND(ISNUMBER(D4),ISNUMBER(B4)),B4-D4,"")
A5: =IF(Growth!A5="","",Growth!A5) | B5: =IF(OR(Growth!A5="",Growth!B5=""),"",Growth!B5) | C5: =IF(AND(ISNUMBER(B5),ISNUMBER(B4)),IF(B4>0,B5/B4-1,""),"") | D5: =IF(AND(ISNUMBER(Growth!$E$6),ISNUMBER(A5),ISNUMBER(Growth!$E$1),ISNUMBER(Growth!$E$2)),IF(AND(A5>=Growth!$E$1,A5<=Growth!$E$2),IF(A5=Growth!$E$1,Growth!$E$4,Growth!$E$4*(1+Growth!$E$6)^(A5-Growth!$E$1)),""),"") | E5: =IF(AND(ISNUMBER(D5),ISNUMBER(B5)),B5-D5,"")
A6: =IF(Growth!A6="","",Growth!A6) | B6: =IF(OR(Growth!A6="",Growth!B6=""),"",Growth!B6) | C6: =IF(AND(ISNUMBER(B6),ISNUMBER(B5)),IF(B5>0,B6/B5-1,""),"") | D6: =IF(AND(ISNUMBER(Growth!$E$6),ISNUMBER(A6),ISNUMBER(Growth!$E$1),ISNUMBER(Growth!$E$2)),IF(AND(A6>=Growth!$E$1,A6<=Growth!$E$2),IF(A6=Growth!$E$1,Growth!$E$4,Growth!$E$4*(1+Growth!$E$6)^(A6-Growth!$E$1)),""),"") | E6: =IF(AND(ISNUMBER(D6),ISNUMBER(B6)),B6-D6,"")
A7: =IF(Growth!A7="","",Growth!A7) | B7: =IF(OR(Growth!A7="",Growth!B7=""),"",Growth!B7) | C7: =IF(AND(ISNUMBER(B7),ISNUMBER(B6)),IF(B6>0,B7/B6-1,""),"") | D7: =IF(AND(ISNUMBER(Growth!$E$6),ISNUMBER(A7),ISNUMBER(Growth!$E$1),ISNUMBER(Growth!$E$2)),IF(AND(A7>=Growth!$E$1,A7<=Growth!$E$2),IF(A7=Growth!$E$1,Growth!$E$4,Growth!$E$4*(1+Growth!$E$6)^(A7-Growth!$E$1)),""),"") | E7: =IF(AND(ISNUMBER(D7),ISNUMBER(B7)),B7-D7,"")
A8: =IF(Growth!A8="","",Growth!A8) | B8: =IF(OR(Growth!A8="",Growth!B8=""),"",Growth!B8) | C8: =IF(AND(ISNUMBER(B8),ISNUMBER(B7)),IF(B7>0,B8/B7-1,""),"") | D8: =IF(AND(ISNUMBER(Growth!$E$6),ISNUMBER(A8),ISNUMBER(Growth!$E$1),ISNUMBER(Growth!$E$2)),IF(AND(A8>=Growth!$E$1,A8<=Growth!$E$2),IF(A8=Growth!$E$1,Growth!$E$4,Growth!$E$4*(1+Growth!$E$6)^(A8-Growth!$E$1)),""),"") | E8: =IF(AND(ISNUMBER(D8),ISNUMBER(B8)),B8-D8,"")
A9: =IF(Growth!A9="","",Growth!A9) | B9: =IF(OR(Growth!A9="",Growth!B9=""),"",Growth!B9) | C9: =IF(AND(ISNUMBER(B9),ISNUMBER(B8)),IF(B8>0,B9/B8-1,""),"") | D9: =IF(AND(ISNUMBER(Growth!$E$6),ISNUMBER(A9),ISNUMBER(Growth!$E$1),ISNUMBER(Growth!$E$2)),IF(AND(A9>=Growth!$E$1,A9<=Growth!$E$2),IF(A9=Growth!$E$1,Growth!$E$4,Growth!$E$4*(1+Growth!$E$6)^(A9-Growth!$E$1)),""),"") | E9: =IF(AND(ISNUMBER(D9),ISNUMBER(B9)),B9-D9,"")
A10: =IF(Growth!A10="","",Growth!A10) | B10: =IF(OR(Growth!A10="",Growth!B10=""),"",Growth!B10) | C10: =IF(AND(ISNUMBER(B10),ISNUMBER(B9)),IF(B9>0,B10/B9-1,""),"") | D10: =IF(AND(ISNUMBER(Growth!$E$6),ISNUMBER(A10),ISNUMBER(Growth!$E$1),ISNUMBER(Growth!$E$2)),IF(AND(A10>=Growth!$E$1,A10<=Growth!$E$2),IF(A10=Growth!$E$1,Growth!$E$4,Growth!$E$4*(1+Growth!$E$6)^(A10-Growth!$E$1)),""),"") | E10: =IF(AND(ISNUMBER(D10),ISNUMBER(B10)),B10-D10,"")
A11: =IF(Growth!A11="","",Growth!A11) | B11: =IF(OR(Growth!A11="",Growth!B11=""),"",Growth!B11) | C11: =IF(AND(ISNUMBER(B11),ISNUMBER(B10)),IF(B10>0,B11/B10-1,""),"") | D11: =IF(AND(ISNUMBER(Growth!$E$6),ISNUMBER(A11),ISNUMBER(Growth!$E$1),ISNUMBER(Growth!$E$2)),IF(AND(A11>=Growth!$E$1,A11<=Growth!$E$2),IF(A11=Growth!$E$1,Growth!$E$4,Growth!$E$4*(1+Growth!$E$6)^(A11-Growth!$E$1)),""),"") | E11: =IF(AND(ISNUMBER(D11),ISNUMBER(B11)),B11-D11,"")
A13: Best single year | B13: =IF(COUNT(C2:C11)=0,"",MAX(C2:C11))
A14: Weakest single year | B14: =IF(COUNT(C2:C11)=0,"",MIN(C2:C11))

Sheet How to use
A1: Tidy Tabs: Average Yearly Sales Growth (CAGR) With RRI
A3: 1. Growth tab: type each year in column A and its sales in column B (yellow, up to 10 years in rows 2 to 11). Type the start year in E1 and the end year in E2. Both must appear in column A.
A4: 2. E3 is the number of periods, =E2-E1. Four years of growth between 2022 and 2026, not five: count the gaps, not the years listed.
A5: 3. E4 and E5 pick the start and end sales with INDEX and MATCH on the year.
A6: 4. E6 is =RRI(E3,E4,E5). RRI takes the number of periods, the start value and the end value and returns the growth rate per period. Excel and Google Sheets have RRI. In this file it is stored as _xlfn.RRI, which Excel and LibreOffice read as RRI.
A7: 5. E7 gives the same answer with =(E5/E4)^(1/E3)-1. E8 is the total growth from first to last year. E9 grows the start sales at the E6 rate for E3 years; E10 shows OK when E9 equals the real end sales to the cent.
A8: 6. A start of 0 or less, an end below 0, fewer than 1 period (same year, or years reversed), a year that is not in column A, or text in a year or sales cell shows Check inputs instead of #NUM!. An end of 0 gives -100.00%.
A9: 7. Check tab: the change from each year to the one before, and what each year would be if sales grew at the average rate. One average rate hides uneven years: compare columns C and E.
A10: 8. This is arithmetic on past sales. It is not a forecast and does not say what a good rate is.
A12: Years and sales are fictional. Checked in LibreOffice Calc only; not opened in Excel or Google Sheets.
A13: Google Sheets: File > Import > Upload this .xlsx.
