Workbook

Sheet Convert
A1: Number (like 20261021) | B1: Text (like "20261021") | C1: ISO text (like 2026-10-21T14:35:00) | D1: Date from number | E1: Date from text | F1: Date and time from ISO text | G1: Check number | H1: Check text | I1: Check ISO | K1: Values typed (all three columns) | L1: =COUNTA(A2:C101)
A2: 20261021 | B2: 20261021 | C2: 2026-10-21T14:35:00 | D2: =IF(A2="","",IF(ISNUMBER(A2),IFERROR(DATE(INT(A2/10000),MOD(INT(A2/100),100),MOD(A2,100)),"Check date"),"Check date")) | E2: =IF(TRIM(B2)="","",IFERROR(DATE(LEFT(B2,4),MID(B2,5,2),RIGHT(B2,2)),"Check date")) | F2: =IF(TRIM(C2)="","",IFERROR(DATE(LEFT(C2,4),MID(C2,6,2),MID(C2,9,2))+TIME(MID(C2,12,2),MID(C2,15,2),0),"Check date")) | G2: =IF(A2="","",IF(ISNUMBER(D2),IF(TEXT(D2,"yyyymmdd")=A2&"","OK","Check date"),"Check date")) | H2: =IF(TRIM(B2)="","",IF(ISNUMBER(E2),IF(TEXT(E2,"yyyymmdd")=B2&"","OK","Check date"),"Check date")) | I2: =IF(TRIM(C2)="","",IF(ISNUMBER(F2),IF(TEXT(F2,"yyyy-mm-dd")&"T"&TEXT(F2,"hh:mm")=LEFT(C2,16),"OK","Check date"),"Check date")) | K2: Converted without a flag | L2: =COUNTIF(G2:I101,"OK")
A3: 20260105 | B3: 20260914 | C3: 2026-10-21T09:05:00 | D3: =IF(A3="","",IF(ISNUMBER(A3),IFERROR(DATE(INT(A3/10000),MOD(INT(A3/100),100),MOD(A3,100)),"Check date"),"Check date")) | E3: =IF(TRIM(B3)="","",IFERROR(DATE(LEFT(B3,4),MID(B3,5,2),RIGHT(B3,2)),"Check date")) | F3: =IF(TRIM(C3)="","",IFERROR(DATE(LEFT(C3,4),MID(C3,6,2),MID(C3,9,2))+TIME(MID(C3,12,2),MID(C3,15,2),0),"Check date")) | G3: =IF(A3="","",IF(ISNUMBER(D3),IF(TEXT(D3,"yyyymmdd")=A3&"","OK","Check date"),"Check date")) | H3: =IF(TRIM(B3)="","",IF(ISNUMBER(E3),IF(TEXT(E3,"yyyymmdd")=B3&"","OK","Check date"),"Check date")) | I3: =IF(TRIM(C3)="","",IF(ISNUMBER(F3),IF(TEXT(F3,"yyyy-mm-dd")&"T"&TEXT(F3,"hh:mm")=LEFT(C3,16),"OK","Check date"),"Check date")) | K3: Flagged Check date | L3: =COUNTIF(G2:I101,"Check date")
A4: 20260228 | B4: 20260802 | C4: 2026-09-30T23:59:00 | D4: =IF(A4="","",IF(ISNUMBER(A4),IFERROR(DATE(INT(A4/10000),MOD(INT(A4/100),100),MOD(A4,100)),"Check date"),"Check date")) | E4: =IF(TRIM(B4)="","",IFERROR(DATE(LEFT(B4,4),MID(B4,5,2),RIGHT(B4,2)),"Check date")) | F4: =IF(TRIM(C4)="","",IFERROR(DATE(LEFT(C4,4),MID(C4,6,2),MID(C4,9,2))+TIME(MID(C4,12,2),MID(C4,15,2),0),"Check date")) | G4: =IF(A4="","",IF(ISNUMBER(D4),IF(TEXT(D4,"yyyymmdd")=A4&"","OK","Check date"),"Check date")) | H4: =IF(TRIM(B4)="","",IF(ISNUMBER(E4),IF(TEXT(E4,"yyyymmdd")=B4&"","OK","Check date"),"Check date")) | I4: =IF(TRIM(C4)="","",IF(ISNUMBER(F4),IF(TEXT(F4,"yyyy-mm-dd")&"T"&TEXT(F4,"hh:mm")=LEFT(C4,16),"OK","Check date"),"Check date")) | K4: Check: every value converted and verified | L4: =IF(AND(L3=0,L2=L1),"OK","CHECK")
A5: 20240229 | B5: 20260630 | C5: 2026-09-01T00:00:00 | D5: =IF(A5="","",IF(ISNUMBER(A5),IFERROR(DATE(INT(A5/10000),MOD(INT(A5/100),100),MOD(A5,100)),"Check date"),"Check date")) | E5: =IF(TRIM(B5)="","",IFERROR(DATE(LEFT(B5,4),MID(B5,5,2),RIGHT(B5,2)),"Check date")) | F5: =IF(TRIM(C5)="","",IFERROR(DATE(LEFT(C5,4),MID(C5,6,2),MID(C5,9,2))+TIME(MID(C5,12,2),MID(C5,15,2),0),"Check date")) | G5: =IF(A5="","",IF(ISNUMBER(D5),IF(TEXT(D5,"yyyymmdd")=A5&"","OK","Check date"),"Check date")) | H5: =IF(TRIM(B5)="","",IF(ISNUMBER(E5),IF(TEXT(E5,"yyyymmdd")=B5&"","OK","Check date"),"Check date")) | I5: =IF(TRIM(C5)="","",IF(ISNUMBER(F5),IF(TEXT(F5,"yyyy-mm-dd")&"T"&TEXT(F5,"hh:mm")=LEFT(C5,16),"OK","Check date"),"Check date"))
A6: 20261231 | B6: 20261001 | C6: 2026-08-15T12:00:00 | D6: =IF(A6="","",IF(ISNUMBER(A6),IFERROR(DATE(INT(A6/10000),MOD(INT(A6/100),100),MOD(A6,100)),"Check date"),"Check date")) | E6: =IF(TRIM(B6)="","",IFERROR(DATE(LEFT(B6,4),MID(B6,5,2),RIGHT(B6,2)),"Check date")) | F6: =IF(TRIM(C6)="","",IFERROR(DATE(LEFT(C6,4),MID(C6,6,2),MID(C6,9,2))+TIME(MID(C6,12,2),MID(C6,15,2),0),"Check date")) | G6: =IF(A6="","",IF(ISNUMBER(D6),IF(TEXT(D6,"yyyymmdd")=A6&"","OK","Check date"),"Check date")) | H6: =IF(TRIM(B6)="","",IF(ISNUMBER(E6),IF(TEXT(E6,"yyyymmdd")=B6&"","OK","Check date"),"Check date")) | I6: =IF(TRIM(C6)="","",IF(ISNUMBER(F6),IF(TEXT(F6,"yyyy-mm-dd")&"T"&TEXT(F6,"hh:mm")=LEFT(C6,16),"OK","Check date"),"Check date"))
A7: 20260101 | B7: 20260520 | C7: 2026-07-04T08:30:00 | D7: =IF(A7="","",IF(ISNUMBER(A7),IFERROR(DATE(INT(A7/10000),MOD(INT(A7/100),100),MOD(A7,100)),"Check date"),"Check date")) | E7: =IF(TRIM(B7)="","",IFERROR(DATE(LEFT(B7,4),MID(B7,5,2),RIGHT(B7,2)),"Check date")) | F7: =IF(TRIM(C7)="","",IFERROR(DATE(LEFT(C7,4),MID(C7,6,2),MID(C7,9,2))+TIME(MID(C7,12,2),MID(C7,15,2),0),"Check date")) | G7: =IF(A7="","",IF(ISNUMBER(D7),IF(TEXT(D7,"yyyymmdd")=A7&"","OK","Check date"),"Check date")) | H7: =IF(TRIM(B7)="","",IF(ISNUMBER(E7),IF(TEXT(E7,"yyyymmdd")=B7&"","OK","Check date"),"Check date")) | I7: =IF(TRIM(C7)="","",IF(ISNUMBER(F7),IF(TEXT(F7,"yyyy-mm-dd")&"T"&TEXT(F7,"hh:mm")=LEFT(C7,16),"OK","Check date"),"Check date"))
A8: 20260704 | B8: 20260411 | C8: 2026-06-12T17:45:00 | D8: =IF(A8="","",IF(ISNUMBER(A8),IFERROR(DATE(INT(A8/10000),MOD(INT(A8/100),100),MOD(A8,100)),"Check date"),"Check date")) | E8: =IF(TRIM(B8)="","",IFERROR(DATE(LEFT(B8,4),MID(B8,5,2),RIGHT(B8,2)),"Check date")) | F8: =IF(TRIM(C8)="","",IFERROR(DATE(LEFT(C8,4),MID(C8,6,2),MID(C8,9,2))+TIME(MID(C8,12,2),MID(C8,15,2),0),"Check date")) | G8: =IF(A8="","",IF(ISNUMBER(D8),IF(TEXT(D8,"yyyymmdd")=A8&"","OK","Check date"),"Check date")) | H8: =IF(TRIM(B8)="","",IF(ISNUMBER(E8),IF(TEXT(E8,"yyyymmdd")=B8&"","OK","Check date"),"Check date")) | I8: =IF(TRIM(C8)="","",IF(ISNUMBER(F8),IF(TEXT(F8,"yyyy-mm-dd")&"T"&TEXT(F8,"hh:mm")=LEFT(C8,16),"OK","Check date"),"Check date"))
A9: 20260930 | B9: 20260207 | C9: 2026-05-20T10:10:00 | D9: =IF(A9="","",IF(ISNUMBER(A9),IFERROR(DATE(INT(A9/10000),MOD(INT(A9/100),100),MOD(A9,100)),"Check date"),"Check date")) | E9: =IF(TRIM(B9)="","",IFERROR(DATE(LEFT(B9,4),MID(B9,5,2),RIGHT(B9,2)),"Check date")) | F9: =IF(TRIM(C9)="","",IFERROR(DATE(LEFT(C9,4),MID(C9,6,2),MID(C9,9,2))+TIME(MID(C9,12,2),MID(C9,15,2),0),"Check date")) | G9: =IF(A9="","",IF(ISNUMBER(D9),IF(TEXT(D9,"yyyymmdd")=A9&"","OK","Check date"),"Check date")) | H9: =IF(TRIM(B9)="","",IF(ISNUMBER(E9),IF(TEXT(E9,"yyyymmdd")=B9&"","OK","Check date"),"Check date")) | I9: =IF(TRIM(C9)="","",IF(ISNUMBER(F9),IF(TEXT(F9,"yyyy-mm-dd")&"T"&TEXT(F9,"hh:mm")=LEFT(C9,16),"OK","Check date"),"Check date"))
A10: 20261115 | B10: 20260119 | C10: 2026-04-02T13:20:00 | D10: =IF(A10="","",IF(ISNUMBER(A10),IFERROR(DATE(INT(A10/10000),MOD(INT(A10/100),100),MOD(A10,100)),"Check date"),"Check date")) | E10: =IF(TRIM(B10)="","",IFERROR(DATE(LEFT(B10,4),MID(B10,5,2),RIGHT(B10,2)),"Check date")) | F10: =IF(TRIM(C10)="","",IFERROR(DATE(LEFT(C10,4),MID(C10,6,2),MID(C10,9,2))+TIME(MID(C10,12,2),MID(C10,15,2),0),"Check date")) | G10: =IF(A10="","",IF(ISNUMBER(D10),IF(TEXT(D10,"yyyymmdd")=A10&"","OK","Check date"),"Check date")) | H10: =IF(TRIM(B10)="","",IF(ISNUMBER(E10),IF(TEXT(E10,"yyyymmdd")=B10&"","OK","Check date"),"Check date")) | I10: =IF(TRIM(C10)="","",IF(ISNUMBER(F10),IF(TEXT(F10,"yyyy-mm-dd")&"T"&TEXT(F10,"hh:mm")=LEFT(C10,16),"OK","Check date"),"Check date"))
A11: 20260315 | B11: 20261225 | C11: 2026-03-18T06:55:00 | D11: =IF(A11="","",IF(ISNUMBER(A11),IFERROR(DATE(INT(A11/10000),MOD(INT(A11/100),100),MOD(A11,100)),"Check date"),"Check date")) | E11: =IF(TRIM(B11)="","",IFERROR(DATE(LEFT(B11,4),MID(B11,5,2),RIGHT(B11,2)),"Check date")) | F11: =IF(TRIM(C11)="","",IFERROR(DATE(LEFT(C11,4),MID(C11,6,2),MID(C11,9,2))+TIME(MID(C11,12,2),MID(C11,15,2),0),"Check date")) | G11: =IF(A11="","",IF(ISNUMBER(D11),IF(TEXT(D11,"yyyymmdd")=A11&"","OK","Check date"),"Check date")) | H11: =IF(TRIM(B11)="","",IF(ISNUMBER(E11),IF(TEXT(E11,"yyyymmdd")=B11&"","OK","Check date"),"Check date")) | I11: =IF(TRIM(C11)="","",IF(ISNUMBER(F11),IF(TEXT(F11,"yyyy-mm-dd")&"T"&TEXT(F11,"hh:mm")=LEFT(C11,16),"OK","Check date"),"Check date"))
A12: 20260820 | B12: 20260703 | C12: 2026-02-14T11:11:00 | D12: =IF(A12="","",IF(ISNUMBER(A12),IFERROR(DATE(INT(A12/10000),MOD(INT(A12/100),100),MOD(A12,100)),"Check date"),"Check date")) | E12: =IF(TRIM(B12)="","",IFERROR(DATE(LEFT(B12,4),MID(B12,5,2),RIGHT(B12,2)),"Check date")) | F12: =IF(TRIM(C12)="","",IFERROR(DATE(LEFT(C12,4),MID(C12,6,2),MID(C12,9,2))+TIME(MID(C12,12,2),MID(C12,15,2),0),"Check date")) | G12: =IF(A12="","",IF(ISNUMBER(D12),IF(TEXT(D12,"yyyymmdd")=A12&"","OK","Check date"),"Check date")) | H12: =IF(TRIM(B12)="","",IF(ISNUMBER(E12),IF(TEXT(E12,"yyyymmdd")=B12&"","OK","Check date"),"Check date")) | I12: =IF(TRIM(C12)="","",IF(ISNUMBER(F12),IF(TEXT(F12,"yyyy-mm-dd")&"T"&TEXT(F12,"hh:mm")=LEFT(C12,16),"OK","Check date"),"Check date"))
A13: 20260612 | B13: 20260825 | C13: 2026-01-09T15:40:00 | D13: =IF(A13="","",IF(ISNUMBER(A13),IFERROR(DATE(INT(A13/10000),MOD(INT(A13/100),100),MOD(A13,100)),"Check date"),"Check date")) | E13: =IF(TRIM(B13)="","",IFERROR(DATE(LEFT(B13,4),MID(B13,5,2),RIGHT(B13,2)),"Check date")) | F13: =IF(TRIM(C13)="","",IFERROR(DATE(LEFT(C13,4),MID(C13,6,2),MID(C13,9,2))+TIME(MID(C13,12,2),MID(C13,15,2),0),"Check date")) | G13: =IF(A13="","",IF(ISNUMBER(D13),IF(TEXT(D13,"yyyymmdd")=A13&"","OK","Check date"),"Check date")) | H13: =IF(TRIM(B13)="","",IF(ISNUMBER(E13),IF(TEXT(E13,"yyyymmdd")=B13&"","OK","Check date"),"Check date")) | I13: =IF(TRIM(C13)="","",IF(ISNUMBER(F13),IF(TEXT(F13,"yyyy-mm-dd")&"T"&TEXT(F13,"hh:mm")=LEFT(C13,16),"OK","Check date"),"Check date"))
A14: 20260301 | B14: 20261110 | C14: 2026-11-05T20:15:00 | D14: =IF(A14="","",IF(ISNUMBER(A14),IFERROR(DATE(INT(A14/10000),MOD(INT(A14/100),100),MOD(A14,100)),"Check date"),"Check date")) | E14: =IF(TRIM(B14)="","",IFERROR(DATE(LEFT(B14,4),MID(B14,5,2),RIGHT(B14,2)),"Check date")) | F14: =IF(TRIM(C14)="","",IFERROR(DATE(LEFT(C14,4),MID(C14,6,2),MID(C14,9,2))+TIME(MID(C14,12,2),MID(C14,15,2),0),"Check date")) | G14: =IF(A14="","",IF(ISNUMBER(D14),IF(TEXT(D14,"yyyymmdd")=A14&"","OK","Check date"),"Check date")) | H14: =IF(TRIM(B14)="","",IF(ISNUMBER(E14),IF(TEXT(E14,"yyyymmdd")=B14&"","OK","Check date"),"Check date")) | I14: =IF(TRIM(C14)="","",IF(ISNUMBER(F14),IF(TEXT(F14,"yyyy-mm-dd")&"T"&TEXT(F14,"hh:mm")=LEFT(C14,16),"OK","Check date"),"Check date"))
A15: 20260418 | B15: 20260216 | C15: 2026-12-24T09:00:00 | D15: =IF(A15="","",IF(ISNUMBER(A15),IFERROR(DATE(INT(A15/10000),MOD(INT(A15/100),100),MOD(A15,100)),"Check date"),"Check date")) | E15: =IF(TRIM(B15)="","",IFERROR(DATE(LEFT(B15,4),MID(B15,5,2),RIGHT(B15,2)),"Check date")) | F15: =IF(TRIM(C15)="","",IFERROR(DATE(LEFT(C15,4),MID(C15,6,2),MID(C15,9,2))+TIME(MID(C15,12,2),MID(C15,15,2),0),"Check date")) | G15: =IF(A15="","",IF(ISNUMBER(D15),IF(TEXT(D15,"yyyymmdd")=A15&"","OK","Check date"),"Check date")) | H15: =IF(TRIM(B15)="","",IF(ISNUMBER(E15),IF(TEXT(E15,"yyyymmdd")=B15&"","OK","Check date"),"Check date")) | I15: =IF(TRIM(C15)="","",IF(ISNUMBER(F15),IF(TEXT(F15,"yyyy-mm-dd")&"T"&TEXT(F15,"hh:mm")=LEFT(C15,16),"OK","Check date"),"Check date"))
A16: 20260909 | B16: 20260928 | C16: 2026-10-03T16:25:00 | D16: =IF(A16="","",IF(ISNUMBER(A16),IFERROR(DATE(INT(A16/10000),MOD(INT(A16/100),100),MOD(A16,100)),"Check date"),"Check date")) | E16: =IF(TRIM(B16)="","",IFERROR(DATE(LEFT(B16,4),MID(B16,5,2),RIGHT(B16,2)),"Check date")) | F16: =IF(TRIM(C16)="","",IFERROR(DATE(LEFT(C16,4),MID(C16,6,2),MID(C16,9,2))+TIME(MID(C16,12,2),MID(C16,15,2),0),"Check date")) | G16: =IF(A16="","",IF(ISNUMBER(D16),IF(TEXT(D16,"yyyymmdd")=A16&"","OK","Check date"),"Check date")) | H16: =IF(TRIM(B16)="","",IF(ISNUMBER(E16),IF(TEXT(E16,"yyyymmdd")=B16&"","OK","Check date"),"Check date")) | I16: =IF(TRIM(C16)="","",IF(ISNUMBER(F16),IF(TEXT(F16,"yyyy-mm-dd")&"T"&TEXT(F16,"hh:mm")=LEFT(C16,16),"OK","Check date"),"Check date"))
... A21: 20261208 | B21: 20261130 | C21: 2026-05-30T05:50:00 | D21: =IF(A21="","",IF(ISNUMBER(A21),IFERROR(DATE(INT(A21/10000),MOD(INT(A21/100),100),MOD(A21,100)),"Check date"),"Check date")) | E21: =IF(TRIM(B21)="","",IFERROR(DATE(LEFT(B21,4),MID(B21,5,2),RIGHT(B21,2)),"Check date")) | F21: =IF(TRIM(C21)="","",IFERROR(DATE(LEFT(C21,4),MID(C21,6,2),MID(C21,9,2))+TIME(MID(C21,12,2),MID(C21,15,2),0),"Check date")) | G21: =IF(A21="","",IF(ISNUMBER(D21),IF(TEXT(D21,"yyyymmdd")=A21&"","OK","Check date"),"Check date")) | H21: =IF(TRIM(B21)="","",IF(ISNUMBER(E21),IF(TEXT(E21,"yyyymmdd")=B21&"","OK","Check date"),"Check date")) | I21: =IF(TRIM(C21)="","",IF(ISNUMBER(F21),IF(TEXT(F21,"yyyy-mm-dd")&"T"&TEXT(F21,"hh:mm")=LEFT(C21,16),"OK","Check date"),"Check date"))
D22: =IF(A22="","",IF(ISNUMBER(A22),IFERROR(DATE(INT(A22/10000),MOD(INT(A22/100),100),MOD(A22,100)),"Check date"),"Check date")) | E22: =IF(TRIM(B22)="","",IFERROR(DATE(LEFT(B22,4),MID(B22,5,2),RIGHT(B22,2)),"Check date")) | F22: =IF(TRIM(C22)="","",IFERROR(DATE(LEFT(C22,4),MID(C22,6,2),MID(C22,9,2))+TIME(MID(C22,12,2),MID(C22,15,2),0),"Check date")) | G22: =IF(A22="","",IF(ISNUMBER(D22),IF(TEXT(D22,"yyyymmdd")=A22&"","OK","Check date"),"Check date")) | H22: =IF(TRIM(B22)="","",IF(ISNUMBER(E22),IF(TEXT(E22,"yyyymmdd")=B22&"","OK","Check date"),"Check date")) | I22: =IF(TRIM(C22)="","",IF(ISNUMBER(F22),IF(TEXT(F22,"yyyy-mm-dd")&"T"&TEXT(F22,"hh:mm")=LEFT(C22,16),"OK","Check date"),"Check date"))
D23: =IF(A23="","",IF(ISNUMBER(A23),IFERROR(DATE(INT(A23/10000),MOD(INT(A23/100),100),MOD(A23,100)),"Check date"),"Check date")) | E23: =IF(TRIM(B23)="","",IFERROR(DATE(LEFT(B23,4),MID(B23,5,2),RIGHT(B23,2)),"Check date")) | F23: =IF(TRIM(C23)="","",IFERROR(DATE(LEFT(C23,4),MID(C23,6,2),MID(C23,9,2))+TIME(MID(C23,12,2),MID(C23,15,2),0),"Check date")) | G23: =IF(A23="","",IF(ISNUMBER(D23),IF(TEXT(D23,"yyyymmdd")=A23&"","OK","Check date"),"Check date")) | H23: =IF(TRIM(B23)="","",IF(ISNUMBER(E23),IF(TEXT(E23,"yyyymmdd")=B23&"","OK","Check date"),"Check date")) | I23: =IF(TRIM(C23)="","",IF(ISNUMBER(F23),IF(TEXT(F23,"yyyy-mm-dd")&"T"&TEXT(F23,"hh:mm")=LEFT(C23,16),"OK","Check date"),"Check date"))
D24: =IF(A24="","",IF(ISNUMBER(A24),IFERROR(DATE(INT(A24/10000),MOD(INT(A24/100),100),MOD(A24,100)),"Check date"),"Check date")) | E24: =IF(TRIM(B24)="","",IFERROR(DATE(LEFT(B24,4),MID(B24,5,2),RIGHT(B24,2)),"Check date")) | F24: =IF(TRIM(C24)="","",IFERROR(DATE(LEFT(C24,4),MID(C24,6,2),MID(C24,9,2))+TIME(MID(C24,12,2),MID(C24,15,2),0),"Check date")) | G24: =IF(A24="","",IF(ISNUMBER(D24),IF(TEXT(D24,"yyyymmdd")=A24&"","OK","Check date"),"Check date")) | H24: =IF(TRIM(B24)="","",IF(ISNUMBER(E24),IF(TEXT(E24,"yyyymmdd")=B24&"","OK","Check date"),"Check date")) | I24: =IF(TRIM(C24)="","",IF(ISNUMBER(F24),IF(TEXT(F24,"yyyy-mm-dd")&"T"&TEXT(F24,"hh:mm")=LEFT(C24,16),"OK","Check date"),"Check date"))
D25: =IF(A25="","",IF(ISNUMBER(A25),IFERROR(DATE(INT(A25/10000),MOD(INT(A25/100),100),MOD(A25,100)),"Check date"),"Check date")) | E25: =IF(TRIM(B25)="","",IFERROR(DATE(LEFT(B25,4),MID(B25,5,2),RIGHT(B25,2)),"Check date")) | F25: =IF(TRIM(C25)="","",IFERROR(DATE(LEFT(C25,4),MID(C25,6,2),MID(C25,9,2))+TIME(MID(C25,12,2),MID(C25,15,2),0),"Check date")) | G25: =IF(A25="","",IF(ISNUMBER(D25),IF(TEXT(D25,"yyyymmdd")=A25&"","OK","Check date"),"Check date")) | H25: =IF(TRIM(B25)="","",IF(ISNUMBER(E25),IF(TEXT(E25,"yyyymmdd")=B25&"","OK","Check date"),"Check date")) | I25: =IF(TRIM(C25)="","",IF(ISNUMBER(F25),IF(TEXT(F25,"yyyy-mm-dd")&"T"&TEXT(F25,"hh:mm")=LEFT(C25,16),"OK","Check date"),"Check date"))
D26: =IF(A26="","",IF(ISNUMBER(A26),IFERROR(DATE(INT(A26/10000),MOD(INT(A26/100),100),MOD(A26,100)),"Check date"),"Check date")) | E26: =IF(TRIM(B26)="","",IFERROR(DATE(LEFT(B26,4),MID(B26,5,2),RIGHT(B26,2)),"Check date")) | F26: =IF(TRIM(C26)="","",IFERROR(DATE(LEFT(C26,4),MID(C26,6,2),MID(C26,9,2))+TIME(MID(C26,12,2),MID(C26,15,2),0),"Check date")) | G26: =IF(A26="","",IF(ISNUMBER(D26),IF(TEXT(D26,"yyyymmdd")=A26&"","OK","Check date"),"Check date")) | H26: =IF(TRIM(B26)="","",IF(ISNUMBER(E26),IF(TEXT(E26,"yyyymmdd")=B26&"","OK","Check date"),"Check date")) | I26: =IF(TRIM(C26)="","",IF(ISNUMBER(F26),IF(TEXT(F26,"yyyy-mm-dd")&"T"&TEXT(F26,"hh:mm")=LEFT(C26,16),"OK","Check date"),"Check date"))
D27: =IF(A27="","",IF(ISNUMBER(A27),IFERROR(DATE(INT(A27/10000),MOD(INT(A27/100),100),MOD(A27,100)),"Check date"),"Check date")) | E27: =IF(TRIM(B27)="","",IFERROR(DATE(LEFT(B27,4),MID(B27,5,2),RIGHT(B27,2)),"Check date")) | F27: =IF(TRIM(C27)="","",IFERROR(DATE(LEFT(C27,4),MID(C27,6,2),MID(C27,9,2))+TIME(MID(C27,12,2),MID(C27,15,2),0),"Check date")) | G27: =IF(A27="","",IF(ISNUMBER(D27),IF(TEXT(D27,"yyyymmdd")=A27&"","OK","Check date"),"Check date")) | H27: =IF(TRIM(B27)="","",IF(ISNUMBER(E27),IF(TEXT(E27,"yyyymmdd")=B27&"","OK","Check date"),"Check date")) | I27: =IF(TRIM(C27)="","",IF(ISNUMBER(F27),IF(TEXT(F27,"yyyy-mm-dd")&"T"&TEXT(F27,"hh:mm")=LEFT(C27,16),"OK","Check date"),"Check date"))
D28: =IF(A28="","",IF(ISNUMBER(A28),IFERROR(DATE(INT(A28/10000),MOD(INT(A28/100),100),MOD(A28,100)),"Check date"),"Check date")) | E28: =IF(TRIM(B28)="","",IFERROR(DATE(LEFT(B28,4),MID(B28,5,2),RIGHT(B28,2)),"Check date")) | F28: =IF(TRIM(C28)="","",IFERROR(DATE(LEFT(C28,4),MID(C28,6,2),MID(C28,9,2))+TIME(MID(C28,12,2),MID(C28,15,2),0),"Check date")) | G28: =IF(A28="","",IF(ISNUMBER(D28),IF(TEXT(D28,"yyyymmdd")=A28&"","OK","Check date"),"Check date")) | H28: =IF(TRIM(B28)="","",IF(ISNUMBER(E28),IF(TEXT(E28,"yyyymmdd")=B28&"","OK","Check date"),"Check date")) | I28: =IF(TRIM(C28)="","",IF(ISNUMBER(F28),IF(TEXT(F28,"yyyy-mm-dd")&"T"&TEXT(F28,"hh:mm")=LEFT(C28,16),"OK","Check date"),"Check date"))
D29: =IF(A29="","",IF(ISNUMBER(A29),IFERROR(DATE(INT(A29/10000),MOD(INT(A29/100),100),MOD(A29,100)),"Check date"),"Check date")) | E29: =IF(TRIM(B29)="","",IFERROR(DATE(LEFT(B29,4),MID(B29,5,2),RIGHT(B29,2)),"Check date")) | F29: =IF(TRIM(C29)="","",IFERROR(DATE(LEFT(C29,4),MID(C29,6,2),MID(C29,9,2))+TIME(MID(C29,12,2),MID(C29,15,2),0),"Check date")) | G29: =IF(A29="","",IF(ISNUMBER(D29),IF(TEXT(D29,"yyyymmdd")=A29&"","OK","Check date"),"Check date")) | H29: =IF(TRIM(B29)="","",IF(ISNUMBER(E29),IF(TEXT(E29,"yyyymmdd")=B29&"","OK","Check date"),"Check date")) | I29: =IF(TRIM(C29)="","",IF(ISNUMBER(F29),IF(TEXT(F29,"yyyy-mm-dd")&"T"&TEXT(F29,"hh:mm")=LEFT(C29,16),"OK","Check date"),"Check date"))
D30: =IF(A30="","",IF(ISNUMBER(A30),IFERROR(DATE(INT(A30/10000),MOD(INT(A30/100),100),MOD(A30,100)),"Check date"),"Check date")) | E30: =IF(TRIM(B30)="","",IFERROR(DATE(LEFT(B30,4),MID(B30,5,2),RIGHT(B30,2)),"Check date")) | F30: =IF(TRIM(C30)="","",IFERROR(DATE(LEFT(C30,4),MID(C30,6,2),MID(C30,9,2))+TIME(MID(C30,12,2),MID(C30,15,2),0),"Check date")) | G30: =IF(A30="","",IF(ISNUMBER(D30),IF(TEXT(D30,"yyyymmdd")=A30&"","OK","Check date"),"Check date")) | H30: =IF(TRIM(B30)="","",IF(ISNUMBER(E30),IF(TEXT(E30,"yyyymmdd")=B30&"","OK","Check date"),"Check date")) | I30: =IF(TRIM(C30)="","",IF(ISNUMBER(F30),IF(TEXT(F30,"yyyy-mm-dd")&"T"&TEXT(F30,"hh:mm")=LEFT(C30,16),"OK","Check date"),"Check date"))
D31: =IF(A31="","",IF(ISNUMBER(A31),IFERROR(DATE(INT(A31/10000),MOD(INT(A31/100),100),MOD(A31,100)),"Check date"),"Check date")) | E31: =IF(TRIM(B31)="","",IFERROR(DATE(LEFT(B31,4),MID(B31,5,2),RIGHT(B31,2)),"Check date")) | F31: =IF(TRIM(C31)="","",IFERROR(DATE(LEFT(C31,4),MID(C31,6,2),MID(C31,9,2))+TIME(MID(C31,12,2),MID(C31,15,2),0),"Check date")) | G31: =IF(A31="","",IF(ISNUMBER(D31),IF(TEXT(D31,"yyyymmdd")=A31&"","OK","Check date"),"Check date")) | H31: =IF(TRIM(B31)="","",IF(ISNUMBER(E31),IF(TEXT(E31,"yyyymmdd")=B31&"","OK","Check date"),"Check date")) | I31: =IF(TRIM(C31)="","",IF(ISNUMBER(F31),IF(TEXT(F31,"yyyy-mm-dd")&"T"&TEXT(F31,"hh:mm")=LEFT(C31,16),"OK","Check date"),"Check date"))
D32: =IF(A32="","",IF(ISNUMBER(A32),IFERROR(DATE(INT(A32/10000),MOD(INT(A32/100),100),MOD(A32,100)),"Check date"),"Check date")) | E32: =IF(TRIM(B32)="","",IFERROR(DATE(LEFT(B32,4),MID(B32,5,2),RIGHT(B32,2)),"Check date")) | F32: =IF(TRIM(C32)="","",IFERROR(DATE(LEFT(C32,4),MID(C32,6,2),MID(C32,9,2))+TIME(MID(C32,12,2),MID(C32,15,2),0),"Check date")) | G32: =IF(A32="","",IF(ISNUMBER(D32),IF(TEXT(D32,"yyyymmdd")=A32&"","OK","Check date"),"Check date")) | H32: =IF(TRIM(B32)="","",IF(ISNUMBER(E32),IF(TEXT(E32,"yyyymmdd")=B32&"","OK","Check date"),"Check date")) | I32: =IF(TRIM(C32)="","",IF(ISNUMBER(F32),IF(TEXT(F32,"yyyy-mm-dd")&"T"&TEXT(F32,"hh:mm")=LEFT(C32,16),"OK","Check date"),"Check date"))
D33: =IF(A33="","",IF(ISNUMBER(A33),IFERROR(DATE(INT(A33/10000),MOD(INT(A33/100),100),MOD(A33,100)),"Check date"),"Check date")) | E33: =IF(TRIM(B33)="","",IFERROR(DATE(LEFT(B33,4),MID(B33,5,2),RIGHT(B33,2)),"Check date")) | F33: =IF(TRIM(C33)="","",IFERROR(DATE(LEFT(C33,4),MID(C33,6,2),MID(C33,9,2))+TIME(MID(C33,12,2),MID(C33,15,2),0),"Check date")) | G33: =IF(A33="","",IF(ISNUMBER(D33),IF(TEXT(D33,"yyyymmdd")=A33&"","OK","Check date"),"Check date")) | H33: =IF(TRIM(B33)="","",IF(ISNUMBER(E33),IF(TEXT(E33,"yyyymmdd")=B33&"","OK","Check date"),"Check date")) | I33: =IF(TRIM(C33)="","",IF(ISNUMBER(F33),IF(TEXT(F33,"yyyy-mm-dd")&"T"&TEXT(F33,"hh:mm")=LEFT(C33,16),"OK","Check date"),"Check date"))
... D101: =IF(A101="","",IF(ISNUMBER(A101),IFERROR(DATE(INT(A101/10000),MOD(INT(A101/100),100),MOD(A101,100)),"Check date"),"Check date")) | E101: =IF(TRIM(B101)="","",IFERROR(DATE(LEFT(B101,4),MID(B101,5,2),RIGHT(B101,2)),"Check date")) | F101: =IF(TRIM(C101)="","",IFERROR(DATE(LEFT(C101,4),MID(C101,6,2),MID(C101,9,2))+TIME(MID(C101,12,2),MID(C101,15,2),0),"Check date")) | G101: =IF(A101="","",IF(ISNUMBER(D101),IF(TEXT(D101,"yyyymmdd")=A101&"","OK","Check date"),"Check date")) | H101: =IF(TRIM(B101)="","",IF(ISNUMBER(E101),IF(TEXT(E101,"yyyymmdd")=B101&"","OK","Check date"),"Check date")) | I101: =IF(TRIM(C101)="","",IF(ISNUMBER(F101),IF(TEXT(F101,"yyyy-mm-dd")&"T"&TEXT(F101,"hh:mm")=LEFT(C101,16),"OK","Check date"),"Check date"))

Sheet By month
A1: Month | B1: Dates from numbers | C1: Dates from text | D1: Dates and times from ISO text | E1: Month start (real date) | G1: Year to count (typed) | H1: 2026
A2: =IF(ISNUMBER(E2),TEXT(E2,"mmmm"),"") | B2: =IF(ISNUMBER(E2),COUNTIFS(Convert!$D$2:$D$101,">="&E2,Convert!$D$2:$D$101,"<"&DATE($H$1,2,1)),"") | C2: =IF(ISNUMBER(E2),COUNTIFS(Convert!$E$2:$E$101,">="&E2,Convert!$E$2:$E$101,"<"&DATE($H$1,2,1)),"") | D2: =IF(ISNUMBER(E2),COUNTIFS(Convert!$F$2:$F$101,">="&E2,Convert!$F$2:$F$101,"<"&DATE($H$1,2,1)),"") | E2: =IF(ISNUMBER($H$1),DATE($H$1,1,1),"")
A3: =IF(ISNUMBER(E3),TEXT(E3,"mmmm"),"") | B3: =IF(ISNUMBER(E3),COUNTIFS(Convert!$D$2:$D$101,">="&E3,Convert!$D$2:$D$101,"<"&DATE($H$1,3,1)),"") | C3: =IF(ISNUMBER(E3),COUNTIFS(Convert!$E$2:$E$101,">="&E3,Convert!$E$2:$E$101,"<"&DATE($H$1,3,1)),"") | D3: =IF(ISNUMBER(E3),COUNTIFS(Convert!$F$2:$F$101,">="&E3,Convert!$F$2:$F$101,"<"&DATE($H$1,3,1)),"") | E3: =IF(ISNUMBER($H$1),DATE($H$1,2,1),"")
A4: =IF(ISNUMBER(E4),TEXT(E4,"mmmm"),"") | B4: =IF(ISNUMBER(E4),COUNTIFS(Convert!$D$2:$D$101,">="&E4,Convert!$D$2:$D$101,"<"&DATE($H$1,4,1)),"") | C4: =IF(ISNUMBER(E4),COUNTIFS(Convert!$E$2:$E$101,">="&E4,Convert!$E$2:$E$101,"<"&DATE($H$1,4,1)),"") | D4: =IF(ISNUMBER(E4),COUNTIFS(Convert!$F$2:$F$101,">="&E4,Convert!$F$2:$F$101,"<"&DATE($H$1,4,1)),"") | E4: =IF(ISNUMBER($H$1),DATE($H$1,3,1),"")
A5: =IF(ISNUMBER(E5),TEXT(E5,"mmmm"),"") | B5: =IF(ISNUMBER(E5),COUNTIFS(Convert!$D$2:$D$101,">="&E5,Convert!$D$2:$D$101,"<"&DATE($H$1,5,1)),"") | C5: =IF(ISNUMBER(E5),COUNTIFS(Convert!$E$2:$E$101,">="&E5,Convert!$E$2:$E$101,"<"&DATE($H$1,5,1)),"") | D5: =IF(ISNUMBER(E5),COUNTIFS(Convert!$F$2:$F$101,">="&E5,Convert!$F$2:$F$101,"<"&DATE($H$1,5,1)),"") | E5: =IF(ISNUMBER($H$1),DATE($H$1,4,1),"")
A6: =IF(ISNUMBER(E6),TEXT(E6,"mmmm"),"") | B6: =IF(ISNUMBER(E6),COUNTIFS(Convert!$D$2:$D$101,">="&E6,Convert!$D$2:$D$101,"<"&DATE($H$1,6,1)),"") | C6: =IF(ISNUMBER(E6),COUNTIFS(Convert!$E$2:$E$101,">="&E6,Convert!$E$2:$E$101,"<"&DATE($H$1,6,1)),"") | D6: =IF(ISNUMBER(E6),COUNTIFS(Convert!$F$2:$F$101,">="&E6,Convert!$F$2:$F$101,"<"&DATE($H$1,6,1)),"") | E6: =IF(ISNUMBER($H$1),DATE($H$1,5,1),"")
A7: =IF(ISNUMBER(E7),TEXT(E7,"mmmm"),"") | B7: =IF(ISNUMBER(E7),COUNTIFS(Convert!$D$2:$D$101,">="&E7,Convert!$D$2:$D$101,"<"&DATE($H$1,7,1)),"") | C7: =IF(ISNUMBER(E7),COUNTIFS(Convert!$E$2:$E$101,">="&E7,Convert!$E$2:$E$101,"<"&DATE($H$1,7,1)),"") | D7: =IF(ISNUMBER(E7),COUNTIFS(Convert!$F$2:$F$101,">="&E7,Convert!$F$2:$F$101,"<"&DATE($H$1,7,1)),"") | E7: =IF(ISNUMBER($H$1),DATE($H$1,6,1),"")
A8: =IF(ISNUMBER(E8),TEXT(E8,"mmmm"),"") | B8: =IF(ISNUMBER(E8),COUNTIFS(Convert!$D$2:$D$101,">="&E8,Convert!$D$2:$D$101,"<"&DATE($H$1,8,1)),"") | C8: =IF(ISNUMBER(E8),COUNTIFS(Convert!$E$2:$E$101,">="&E8,Convert!$E$2:$E$101,"<"&DATE($H$1,8,1)),"") | D8: =IF(ISNUMBER(E8),COUNTIFS(Convert!$F$2:$F$101,">="&E8,Convert!$F$2:$F$101,"<"&DATE($H$1,8,1)),"") | E8: =IF(ISNUMBER($H$1),DATE($H$1,7,1),"")
A9: =IF(ISNUMBER(E9),TEXT(E9,"mmmm"),"") | B9: =IF(ISNUMBER(E9),COUNTIFS(Convert!$D$2:$D$101,">="&E9,Convert!$D$2:$D$101,"<"&DATE($H$1,9,1)),"") | C9: =IF(ISNUMBER(E9),COUNTIFS(Convert!$E$2:$E$101,">="&E9,Convert!$E$2:$E$101,"<"&DATE($H$1,9,1)),"") | D9: =IF(ISNUMBER(E9),COUNTIFS(Convert!$F$2:$F$101,">="&E9,Convert!$F$2:$F$101,"<"&DATE($H$1,9,1)),"") | E9: =IF(ISNUMBER($H$1),DATE($H$1,8,1),"")
A10: =IF(ISNUMBER(E10),TEXT(E10,"mmmm"),"") | B10: =IF(ISNUMBER(E10),COUNTIFS(Convert!$D$2:$D$101,">="&E10,Convert!$D$2:$D$101,"<"&DATE($H$1,10,1)),"") | C10: =IF(ISNUMBER(E10),COUNTIFS(Convert!$E$2:$E$101,">="&E10,Convert!$E$2:$E$101,"<"&DATE($H$1,10,1)),"") | D10: =IF(ISNUMBER(E10),COUNTIFS(Convert!$F$2:$F$101,">="&E10,Convert!$F$2:$F$101,"<"&DATE($H$1,10,1)),"") | E10: =IF(ISNUMBER($H$1),DATE($H$1,9,1),"")
A11: =IF(ISNUMBER(E11),TEXT(E11,"mmmm"),"") | B11: =IF(ISNUMBER(E11),COUNTIFS(Convert!$D$2:$D$101,">="&E11,Convert!$D$2:$D$101,"<"&DATE($H$1,11,1)),"") | C11: =IF(ISNUMBER(E11),COUNTIFS(Convert!$E$2:$E$101,">="&E11,Convert!$E$2:$E$101,"<"&DATE($H$1,11,1)),"") | D11: =IF(ISNUMBER(E11),COUNTIFS(Convert!$F$2:$F$101,">="&E11,Convert!$F$2:$F$101,"<"&DATE($H$1,11,1)),"") | E11: =IF(ISNUMBER($H$1),DATE($H$1,10,1),"")
A12: =IF(ISNUMBER(E12),TEXT(E12,"mmmm"),"") | B12: =IF(ISNUMBER(E12),COUNTIFS(Convert!$D$2:$D$101,">="&E12,Convert!$D$2:$D$101,"<"&DATE($H$1,12,1)),"") | C12: =IF(ISNUMBER(E12),COUNTIFS(Convert!$E$2:$E$101,">="&E12,Convert!$E$2:$E$101,"<"&DATE($H$1,12,1)),"") | D12: =IF(ISNUMBER(E12),COUNTIFS(Convert!$F$2:$F$101,">="&E12,Convert!$F$2:$F$101,"<"&DATE($H$1,12,1)),"") | E12: =IF(ISNUMBER($H$1),DATE($H$1,11,1),"")
A13: =IF(ISNUMBER(E13),TEXT(E13,"mmmm"),"") | B13: =IF(ISNUMBER(E13),COUNTIFS(Convert!$D$2:$D$101,">="&E13,Convert!$D$2:$D$101,"<"&DATE($H$1,13,1)),"") | C13: =IF(ISNUMBER(E13),COUNTIFS(Convert!$E$2:$E$101,">="&E13,Convert!$E$2:$E$101,"<"&DATE($H$1,13,1)),"") | D13: =IF(ISNUMBER(E13),COUNTIFS(Convert!$F$2:$F$101,">="&E13,Convert!$F$2:$F$101,"<"&DATE($H$1,13,1)),"") | E13: =IF(ISNUMBER($H$1),DATE($H$1,12,1),"")
A14: Total in the year | B14: =SUM(B2:B13) | C14: =SUM(C2:C13) | D14: =SUM(D2:D13)
A15: Real dates in other years | B15: =COUNT(Convert!D2:D101)-B14 | C15: =COUNT(Convert!E2:E101)-C14 | D15: =COUNT(Convert!F2:F101)-D14

Sheet How to use
A1: Tidy Tabs: Convert YYYYMMDD Numbers, Text and ISO Timestamps to Real Dates
A3: 1. Convert tab, rows 2 to 101: paste or type your values in the yellow cells. Column A is for numbers like 20261021, column B for text like "20261021" (the cells are formatted as Text), column C for ISO text like 2026-10-21T14:35:00. Use the column that matches how your export arrives; the three columns do not need to match each other.
A4: 2. From a number, D2: =DATE(INT(A2/10000),MOD(INT(A2/100),100),MOD(A2,100)). INT(A2/10000) is the year, MOD(INT(A2/100),100) the month and MOD(A2,100) the day.
A5: 3. From text, E2: =DATE(LEFT(B2,4),MID(B2,5,2),RIGHT(B2,2)). LEFT, MID and RIGHT cut out the year, month and day. LibreOffice Calc 24.2 accepted these text pieces inside DATE without VALUE, and the same formula with VALUE(LEFT(B2,4)), VALUE(MID(B2,5,2)) and VALUE(RIGHT(B2,2)) gave the same date there. A value with a trailing space ("20261021 ") gave 10/01/2026 without the check, because RIGHT(B2,2) is "1 ", so the check column matters; clean the text first with TRIM.
A6: 4. From ISO text, F2: =DATE(LEFT(C2,4),MID(C2,6,2),MID(C2,9,2))+TIME(MID(C2,12,2),MID(C2,15,2),0). The date comes from characters 1 to 10 and the time from 12 to 16. Seconds are not read. A time zone suffix such as Z or -05:00 is ignored and no time zone conversion is done.
A7: 5. Results are real dates, formatted MM/DD/YYYY and MM/DD/YYYY h:mm AM/PM, so you can sort them and total them by month (By month tab).
A8: 6. Month 13 or February 30 does not make DATE fail: it rolls over to the next month or year. Without a check, 20261341 becomes 02/10/2027 and 20260230 becomes 03/02/2026 (LibreOffice Calc 24.2 results). Columns G, H and I rebuild the digits from the result and compare them with what you typed. A mismatch shows Check date in red. A 6-digit value such as 261021, a value with a space, a date with no time in ISO text, and anything that cannot be read also show Check date.
A9: 7. Leap day: 20240229 is OK; 20230229 shows Check date.
A10: 8. L4 shows OK when every typed value converted and matched. CHECK means at least one value shows Check date.
A11: 9. By month tab: counts the converted dates in each month of the year typed in H1. Row 15 counts real dates that fall in other years.
A12: 10. Blank cells stay blank. Fix a flagged value at its source: do not type over the gray cells.
A14: Values are fictional. Checked in LibreOffice Calc only; not opened in Excel or Google Sheets.
A15: Google Sheets: File > Import > Upload this .xlsx.
