Workbook

Sheet Payoff
A1: Balance | B1: 5000 | C1: Typed. A kiln or laptop balance (fictional).
A2: Yearly interest rate | B2: 0.08 | C2: Type 0% if there is no interest.
A3: Monthly payment | B3: 400
A4: First payment date | B4: 46327 | C4: Typed. The sheet does not use TODAY.
A5: Months to pay off | B5: =IF(OR(NOT(ISNUMBER(B1)),NOT(ISNUMBER(B2)),NOT(ISNUMBER(B3)),NOT(ISNUMBER(B4))),"Check inputs",IF(OR(B1<=0,B2<0,B3<=0),"Check inputs",IF(B3<=B1*B2/12,"Payment too low",ROUNDUP(NPER(B2/12,-B3,B1),0)))) | C5: Formula: =ROUNDUP(NPER(B2/12,-B3,B1),0), plus guards
A6: Last payment date | B6: =IF(ISNUMBER(B5),EDATE(B4,B5-1),"")
A7: Last payment | B7: =IF(ISNUMBER(B5),IF(B5<=60,INDEX(Schedule!D2:D61,B5),"Over 60 months"),"") | C7: The part month: smaller than the regular payment.
A8: Total paid | B8: =IF(ISNUMBER(B7),B3*(B5-1)+B7,"")
A9: Interest paid | B9: =IF(ISNUMBER(B8),ROUND(B8-B1,2),"")
A10: Check: schedule agrees with NPER | B10: =IF(NOT(ISNUMBER(B5)),"No result",IF(B5>60,"Over 60 months",IF(AND(COUNT(Schedule!D2:D61)=B5,INDEX(Schedule!E2:E61,B5)=0),"OK","CHECK"))) | C10: OK when the Schedule tab has exactly that many payments and ends at $0.00.
A12: Save for a goal
A13: Goal amount | B13: 3000 | C13: A booth deposit (fictional).
A14: Monthly deposit | B14: 250
A15: Yearly rate on savings | B15: 0.02 | C15: Type 0% for none.
A16: Months to reach the goal | B16: =IF(OR(NOT(ISNUMBER(B13)),NOT(ISNUMBER(B14)),NOT(ISNUMBER(B15))),"Check inputs",IF(OR(B13<=0,B14<=0,B15<0),"Check inputs",ROUNDUP(NPER(B15/12,-B14,0,B13),0))) | C16: Formula: =ROUNDUP(NPER(B15/12,-B14,0,B13),0)
A17: Check: FV reaches the goal in that month, not before | B17: =IF(ISNUMBER(B16),IF(AND(FV(B15/12,B16,-B14)>=B13-0.005,FV(B15/12,B16-1,-B14)<B13),"OK","CHECK"),"") | C17: Deposits at the end of each month.

Sheet Schedule
A1: Month | B1: Starting balance | C1: Interest | D1: Payment | E1: Ending balance | F1: Payment date
A2: 1 | B2: =IF(NOT(ISNUMBER(Payoff!$B$5)),"",Payoff!$B$1) | C2: =IF(B2="","",ROUND(B2*Payoff!$B$2/12,2)) | D2: =IF(B2="","",MIN(Payoff!$B$3,ROUND(B2+C2,2))) | E2: =IF(B2="","",ROUND(B2+C2-D2,2)) | F2: =IF(B2="","",EDATE(Payoff!$B$4,A2-1))
A3: 2 | B3: =IF(E2="","",IF(E2<=0,"",E2)) | C3: =IF(B3="","",ROUND(B3*Payoff!$B$2/12,2)) | D3: =IF(B3="","",MIN(Payoff!$B$3,ROUND(B3+C3,2))) | E3: =IF(B3="","",ROUND(B3+C3-D3,2)) | F3: =IF(B3="","",EDATE(Payoff!$B$4,A3-1))
A4: 3 | B4: =IF(E3="","",IF(E3<=0,"",E3)) | C4: =IF(B4="","",ROUND(B4*Payoff!$B$2/12,2)) | D4: =IF(B4="","",MIN(Payoff!$B$3,ROUND(B4+C4,2))) | E4: =IF(B4="","",ROUND(B4+C4-D4,2)) | F4: =IF(B4="","",EDATE(Payoff!$B$4,A4-1))
A5: 4 | B5: =IF(E4="","",IF(E4<=0,"",E4)) | C5: =IF(B5="","",ROUND(B5*Payoff!$B$2/12,2)) | D5: =IF(B5="","",MIN(Payoff!$B$3,ROUND(B5+C5,2))) | E5: =IF(B5="","",ROUND(B5+C5-D5,2)) | F5: =IF(B5="","",EDATE(Payoff!$B$4,A5-1))
A6: 5 | B6: =IF(E5="","",IF(E5<=0,"",E5)) | C6: =IF(B6="","",ROUND(B6*Payoff!$B$2/12,2)) | D6: =IF(B6="","",MIN(Payoff!$B$3,ROUND(B6+C6,2))) | E6: =IF(B6="","",ROUND(B6+C6-D6,2)) | F6: =IF(B6="","",EDATE(Payoff!$B$4,A6-1))
A7: 6 | B7: =IF(E6="","",IF(E6<=0,"",E6)) | C7: =IF(B7="","",ROUND(B7*Payoff!$B$2/12,2)) | D7: =IF(B7="","",MIN(Payoff!$B$3,ROUND(B7+C7,2))) | E7: =IF(B7="","",ROUND(B7+C7-D7,2)) | F7: =IF(B7="","",EDATE(Payoff!$B$4,A7-1))
A8: 7 | B8: =IF(E7="","",IF(E7<=0,"",E7)) | C8: =IF(B8="","",ROUND(B8*Payoff!$B$2/12,2)) | D8: =IF(B8="","",MIN(Payoff!$B$3,ROUND(B8+C8,2))) | E8: =IF(B8="","",ROUND(B8+C8-D8,2)) | F8: =IF(B8="","",EDATE(Payoff!$B$4,A8-1))
A9: 8 | B9: =IF(E8="","",IF(E8<=0,"",E8)) | C9: =IF(B9="","",ROUND(B9*Payoff!$B$2/12,2)) | D9: =IF(B9="","",MIN(Payoff!$B$3,ROUND(B9+C9,2))) | E9: =IF(B9="","",ROUND(B9+C9-D9,2)) | F9: =IF(B9="","",EDATE(Payoff!$B$4,A9-1))
A10: 9 | B10: =IF(E9="","",IF(E9<=0,"",E9)) | C10: =IF(B10="","",ROUND(B10*Payoff!$B$2/12,2)) | D10: =IF(B10="","",MIN(Payoff!$B$3,ROUND(B10+C10,2))) | E10: =IF(B10="","",ROUND(B10+C10-D10,2)) | F10: =IF(B10="","",EDATE(Payoff!$B$4,A10-1))
A11: 10 | B11: =IF(E10="","",IF(E10<=0,"",E10)) | C11: =IF(B11="","",ROUND(B11*Payoff!$B$2/12,2)) | D11: =IF(B11="","",MIN(Payoff!$B$3,ROUND(B11+C11,2))) | E11: =IF(B11="","",ROUND(B11+C11-D11,2)) | F11: =IF(B11="","",EDATE(Payoff!$B$4,A11-1))
A12: 11 | B12: =IF(E11="","",IF(E11<=0,"",E11)) | C12: =IF(B12="","",ROUND(B12*Payoff!$B$2/12,2)) | D12: =IF(B12="","",MIN(Payoff!$B$3,ROUND(B12+C12,2))) | E12: =IF(B12="","",ROUND(B12+C12-D12,2)) | F12: =IF(B12="","",EDATE(Payoff!$B$4,A12-1))
A13: 12 | B13: =IF(E12="","",IF(E12<=0,"",E12)) | C13: =IF(B13="","",ROUND(B13*Payoff!$B$2/12,2)) | D13: =IF(B13="","",MIN(Payoff!$B$3,ROUND(B13+C13,2))) | E13: =IF(B13="","",ROUND(B13+C13-D13,2)) | F13: =IF(B13="","",EDATE(Payoff!$B$4,A13-1))
A14: 13 | B14: =IF(E13="","",IF(E13<=0,"",E13)) | C14: =IF(B14="","",ROUND(B14*Payoff!$B$2/12,2)) | D14: =IF(B14="","",MIN(Payoff!$B$3,ROUND(B14+C14,2))) | E14: =IF(B14="","",ROUND(B14+C14-D14,2)) | F14: =IF(B14="","",EDATE(Payoff!$B$4,A14-1))
... A61: 60 | B61: =IF(E60="","",IF(E60<=0,"",E60)) | C61: =IF(B61="","",ROUND(B61*Payoff!$B$2/12,2)) | D61: =IF(B61="","",MIN(Payoff!$B$3,ROUND(B61+C61,2))) | E61: =IF(B61="","",ROUND(B61+C61-D61,2)) | F61: =IF(B61="","",EDATE(Payoff!$B$4,A61-1))

Sheet How to use
A1: Tidy Tabs: How Many Months to Pay Off a Balance
A3: 1. Payoff tab: type the balance (B1), the yearly interest rate (B2), the monthly payment (B3) and the first payment date (B4). They are yellow.
A4: 2. B5 is =ROUNDUP(NPER(B2/12,-B3,B1),0). NPER wants the monthly rate (yearly rate divided by 12), the payment as a negative number, and the balance as the present value. ROUNDUP is there because a part month still needs a payment.
A5: 3. If the payment is not bigger than one month of interest (B1*B2/12), the balance never goes down and NPER returns #NUM!. B5 shows Payment too low instead. A blank or text input, a rate below 0, or a balance or payment of 0 or less shows Check inputs.
A6: 4. B6 is the last payment date, =EDATE(B4,B5-1). B7 is the last payment, taken from the Schedule tab. B8 is B3*(B5-1)+B7. B9 is B8-B1.
A7: 5. Schedule tab: 60 rows. Each month: interest = balance x yearly rate / 12 rounded to cents, payment = the smaller of your payment and balance plus interest, ending balance = balance + interest - payment. B10 on the Payoff tab shows OK when the schedule has exactly the NPER month count and ends at $0.00.
A8: 6. Longer than 60 months: B5 still works, but the Schedule tab stops at row 61 and B7 to B10 say Over 60 months. Copy the last Schedule row down to extend it.
A9: 7. Save for a goal (B13 to B17): =ROUNDUP(NPER(B15/12,-B14,0,B13),0) is the number of monthly deposits to reach the goal, with the first deposit at the end of month 1. B17 checks it with FV: the goal is reached in that month and not the month before.
A10: 8. The schedule rounds each month's interest to cents, so a real lender's statement can differ by cents or a month in rare cases. Arithmetic only: this is not borrowing advice and it does not follow any lender's APR rules.
A12: The balance, rates and dates are fictional. Checked in LibreOffice Calc only; not opened in Excel or Google Sheets.
A13: Google Sheets: File > Import > Upload this .xlsx.
