Workbook

Sheet Lists
A1: Customer emails (list A) | B1: In list B? | D1: Newsletter subscribers (list B) | E1: In list A?
A2: ana.gomez@example.com | B2: =IF(A2="","",IF(COUNTIF($D$2:$D$200,A2)=0,"Not found","Found")) | D2: dana.ruiz@example.com | E2: =IF(D2="","",IF(COUNTIF($A$2:$A$200,D2)=0,"Not found","Found"))
A3: dana.ruiz@example.com | B3: =IF(A3="","",IF(COUNTIF($D$2:$D$200,A3)=0,"Not found","Found")) | D3: priya.nair@example.com | E3: =IF(D3="","",IF(COUNTIF($A$2:$A$200,D3)=0,"Not found","Found"))
A4: sam.patel@example.com | B4: =IF(A4="","",IF(COUNTIF($D$2:$D$200,A4)=0,"Not found","Found")) | D4: TINA.BROOKS@example.com | E4: =IF(D4="","",IF(COUNTIF($A$2:$A$200,D4)=0,"Not found","Found"))
A5: priya.nair@example.com | B5: =IF(A5="","",IF(COUNTIF($D$2:$D$200,A5)=0,"Not found","Found")) | D5: sam.patel@example.com | E5: =IF(D5="","",IF(COUNTIF($A$2:$A$200,D5)=0,"Not found","Found"))
A6: lee.wong@example.com | B6: =IF(A6="","",IF(COUNTIF($D$2:$D$200,A6)=0,"Not found","Found")) | D6: lee.wong@example.com | E6: =IF(D6="","",IF(COUNTIF($A$2:$A$200,D6)=0,"Not found","Found"))
A7: maya.cole@example.com | B7: =IF(A7="","",IF(COUNTIF($D$2:$D$200,A7)=0,"Not found","Found")) | D7: ruth.kim@example.com | E7: =IF(D7="","",IF(COUNTIF($A$2:$A$200,D7)=0,"Not found","Found"))
A8: omar.said@example.com | B8: =IF(A8="","",IF(COUNTIF($D$2:$D$200,A8)=0,"Not found","Found")) | D8: chris.doe@example.com | E8: =IF(D8="","",IF(COUNTIF($A$2:$A$200,D8)=0,"Not found","Found"))
A9: jo.hart@example.com | B9: =IF(A9="","",IF(COUNTIF($D$2:$D$200,A9)=0,"Not found","Found")) | D9: pat.lane@example.com | E9: =IF(D9="","",IF(COUNTIF($A$2:$A$200,D9)=0,"Not found","Found"))
A10: Tina.Brooks@example.com | B10: =IF(A10="","",IF(COUNTIF($D$2:$D$200,A10)=0,"Not found","Found")) | E10: =IF(D10="","",IF(COUNTIF($A$2:$A$200,D10)=0,"Not found","Found"))
A11: ruth.kim@example.com | B11: =IF(A11="","",IF(COUNTIF($D$2:$D$200,A11)=0,"Not found","Found")) | E11: =IF(D11="","",IF(COUNTIF($A$2:$A$200,D11)=0,"Not found","Found"))
B12: =IF(A12="","",IF(COUNTIF($D$2:$D$200,A12)=0,"Not found","Found")) | E12: =IF(D12="","",IF(COUNTIF($A$2:$A$200,D12)=0,"Not found","Found"))
B13: =IF(A13="","",IF(COUNTIF($D$2:$D$200,A13)=0,"Not found","Found")) | E13: =IF(D13="","",IF(COUNTIF($A$2:$A$200,D13)=0,"Not found","Found"))
B14: =IF(A14="","",IF(COUNTIF($D$2:$D$200,A14)=0,"Not found","Found")) | E14: =IF(D14="","",IF(COUNTIF($A$2:$A$200,D14)=0,"Not found","Found"))
B15: =IF(A15="","",IF(COUNTIF($D$2:$D$200,A15)=0,"Not found","Found")) | E15: =IF(D15="","",IF(COUNTIF($A$2:$A$200,D15)=0,"Not found","Found"))

Sheet Summary
A1: Count | B1: Result
A2: Items in list A | B2: =COUNTA(Lists!A2:A200)
A3: List A items also in list B | B3: =COUNTIF(Lists!B2:B200,"Found")
A4: List A items not in list B | B4: =COUNTIF(Lists!B2:B200,"Not found")
A5: Items in list B | B5: =COUNTA(Lists!D2:D200)
A6: List B items also in list A | B6: =COUNTIF(Lists!E2:E200,"Found")
A7: List B items not in list A | B7: =COUNTIF(Lists!E2:E200,"Not found")
A8: Check: found + not found = list A | B8: =IF(B3+B4=B2,"OK","CHECK")
A9: Check: found + not found = list B | B9: =IF(B6+B7=B5,"OK","CHECK")

Sheet How to use
A1: Tidy Tabs: Compare Two Lists
A3: 1. Lists tab: paste list A in column A (here, customer emails) and list B in column D (newsletter subscribers). One item per cell, starting in row 2.
A4: 2. B2: =IF(A2="","",IF(COUNTIF($D$2:$D$200,A2)=0,"Not found","Found")) counts how often the item in A2 appears in list B. Zero means it is missing from B.
A5: 3. E2 does the same the other way round: =IF(D2="","",IF(COUNTIF($A$2:$A$200,D2)=0,"Not found","Found")).
A6: 4. Not found turns red. Fill the formulas in B and E down as far as your lists go (they are filled to row 15 here).
A7: 5. COUNTIF ignores capital letters, so Tina.Brooks@example.com matches TINA.BROOKS@example.com. It does not ignore a space at the end of a cell, so clean stray spaces first (TRIM).
A8: 6. Summary tab: counts how many items are in both lists and how many are in only one. The two Check cells say CHECK if the formulas do not cover every row.
A9: 7. COUNTIF treats * ? and ~ in a value as wildcards. Email addresses and most names are safe; item codes containing them are not.
A11: Emails are fictional. Checked in LibreOffice Calc only; not opened in Excel or Google Sheets.
A12: Google Sheets: File > Import > Upload this .xlsx.
