Workbook

Sheet Orders
A1: Order date and time | B1: Amount | C1: Item | D1: Hour
A2: 46298.344 | B2: 24 | C2: Soy candle | D2: =IF(A2="","",IF(ISNUMBER(A2),HOUR(A2),"Check time"))
A3: 46298.361 | B3: 8 | C3: Soap bar | D3: =IF(A3="","",IF(ISNUMBER(A3),HOUR(A3),"Check time"))
A4: 46298.378 | B4: 36.5 | C4: Candle set | D4: =IF(A4="","",IF(ISNUMBER(A4),HOUR(A4),"Check time"))
A5: 46298.417 | B5: 18 | C5: Soy candle | D5: =IF(A5="","",IF(ISNUMBER(A5),HOUR(A5),"Check time"))
A6: 46298.417 | B6: 22 | C6: Brass earrings | D6: =IF(A6="","",IF(ISNUMBER(A6),HOUR(A6),"Check time"))
A7: 46298.417 | B7: 12 | C7: Greeting cards | D7: =IF(A7="","",IF(ISNUMBER(A7),HOUR(A7),"Check time"))
A8: 46298.431 | B8: 48 | C8: Gift box | D8: =IF(A8="","",IF(ISNUMBER(A8),HOUR(A8),"Check time"))
A9: 46298.441 | B9: 16.5 | C9: Soap bar | D9: =IF(A9="","",IF(ISNUMBER(A9),HOUR(A9),"Check time"))
A10: 46298.451 | B10: 30 | C10: Candle set | D10: =IF(A10="","",IF(ISNUMBER(A10),HOUR(A10),"Check time"))
A11: 46298.465 | B11: 24 | C11: Soy candle | D11: =IF(A11="","",IF(ISNUMBER(A11),HOUR(A11),"Check time"))
A12: 46298.49 | B12: 54 | C12: Gift box | D12: =IF(A12="","",IF(ISNUMBER(A12),HOUR(A12),"Check time"))
A13: 46298.503 | B13: 18 | C13: Brass earrings | D13: =IF(A13="","",IF(ISNUMBER(A13),HOUR(A13),"Check time"))
... A51: 46306.583 | B51: 19.5 | C51: Soap bar | D51: =IF(A51="","",IF(ISNUMBER(A51),HOUR(A51),"Check time"))
D52: =IF(A52="","",IF(ISNUMBER(A52),HOUR(A52),"Check time"))
D53: =IF(A53="","",IF(ISNUMBER(A53),HOUR(A53),"Check time"))
D54: =IF(A54="","",IF(ISNUMBER(A54),HOUR(A54),"Check time"))
D55: =IF(A55="","",IF(ISNUMBER(A55),HOUR(A55),"Check time"))
D56: =IF(A56="","",IF(ISNUMBER(A56),HOUR(A56),"Check time"))
D57: =IF(A57="","",IF(ISNUMBER(A57),HOUR(A57),"Check time"))
D58: =IF(A58="","",IF(ISNUMBER(A58),HOUR(A58),"Check time"))
D59: =IF(A59="","",IF(ISNUMBER(A59),HOUR(A59),"Check time"))
D60: =IF(A60="","",IF(ISNUMBER(A60),HOUR(A60),"Check time"))
D61: =IF(A61="","",IF(ISNUMBER(A61),HOUR(A61),"Check time"))
D62: =IF(A62="","",IF(ISNUMBER(A62),HOUR(A62),"Check time"))
D63: =IF(A63="","",IF(ISNUMBER(A63),HOUR(A63),"Check time"))
... D300: =IF(A300="","",IF(ISNUMBER(A300),HOUR(A300),"Check time"))

Sheet By hour
A1: Hour (0 to 23) | B1: Time of day | C1: Orders | D1: Sales | E1: Share of sales | G1: Busiest hour by sales | H1: =IF(MAX(D2:D12)>0,INDEX(B2:B12,MATCH(MAX(D2:D12),D2:D12,0)),"")
A2: 8 | B2: =IF(ISNUMBER(A2),IFERROR(TEXT(TIME(A2,0,0),"h AM/PM"),""),"") | C2: =COUNTIFS(Orders!$D$2:$D$300,A2) | D2: =SUMIFS(Orders!$B$2:$B$300,Orders!$D$2:$D$300,A2) | E2: =IF($D$15<>0,D2/$D$15,"") | G2: Sales in that hour | H2: =IF(MAX(D2:D12)>0,MAX(D2:D12),"")
A3: 9 | B3: =IF(ISNUMBER(A3),IFERROR(TEXT(TIME(A3,0,0),"h AM/PM"),""),"") | C3: =COUNTIFS(Orders!$D$2:$D$300,A3) | D3: =SUMIFS(Orders!$B$2:$B$300,Orders!$D$2:$D$300,A3) | E3: =IF($D$15<>0,D3/$D$15,"") | G3: Busiest hour by orders | H3: =IF(MAX(C2:C12)>0,INDEX(B2:B12,MATCH(MAX(C2:C12),C2:C12,0)),"")
A4: 10 | B4: =IF(ISNUMBER(A4),IFERROR(TEXT(TIME(A4,0,0),"h AM/PM"),""),"") | C4: =COUNTIFS(Orders!$D$2:$D$300,A4) | D4: =SUMIFS(Orders!$B$2:$B$300,Orders!$D$2:$D$300,A4) | E4: =IF($D$15<>0,D4/$D$15,"") | G4: Orders in that hour | H4: =IF(MAX(C2:C12)>0,MAX(C2:C12),"")
A5: 11 | B5: =IF(ISNUMBER(A5),IFERROR(TEXT(TIME(A5,0,0),"h AM/PM"),""),"") | C5: =COUNTIFS(Orders!$D$2:$D$300,A5) | D5: =SUMIFS(Orders!$B$2:$B$300,Orders!$D$2:$D$300,A5) | E5: =IF($D$15<>0,D5/$D$15,"") | G5: Orders with a real date and time | H5: =COUNT(Orders!A2:A300)
A6: 12 | B6: =IF(ISNUMBER(A6),IFERROR(TEXT(TIME(A6,0,0),"h AM/PM"),""),"") | C6: =COUNTIFS(Orders!$D$2:$D$300,A6) | D6: =SUMIFS(Orders!$B$2:$B$300,Orders!$D$2:$D$300,A6) | E6: =IF($D$15<>0,D6/$D$15,"") | G6: Orders counted in the table | H6: =C15
A7: 13 | B7: =IF(ISNUMBER(A7),IFERROR(TEXT(TIME(A7,0,0),"h AM/PM"),""),"") | C7: =COUNTIFS(Orders!$D$2:$D$300,A7) | D7: =SUMIFS(Orders!$B$2:$B$300,Orders!$D$2:$D$300,A7) | E7: =IF($D$15<>0,D7/$D$15,"") | G7: Check: table = Orders tab | H7: =IF(AND(C14=0,C15=COUNTA(Orders!A2:A300),COUNT(Orders!A2:A300)=COUNTA(Orders!A2:A300),ABS(D15-SUM(Orders!B2:B300))<0.005,COUNT(Orders!B2:B300)=COUNTA(Orders!B2:B300)),"OK","CHECK")
A8: 14 | B8: =IF(ISNUMBER(A8),IFERROR(TEXT(TIME(A8,0,0),"h AM/PM"),""),"") | C8: =COUNTIFS(Orders!$D$2:$D$300,A8) | D8: =SUMIFS(Orders!$B$2:$B$300,Orders!$D$2:$D$300,A8) | E8: =IF($D$15<>0,D8/$D$15,"")
A9: 15 | B9: =IF(ISNUMBER(A9),IFERROR(TEXT(TIME(A9,0,0),"h AM/PM"),""),"") | C9: =COUNTIFS(Orders!$D$2:$D$300,A9) | D9: =SUMIFS(Orders!$B$2:$B$300,Orders!$D$2:$D$300,A9) | E9: =IF($D$15<>0,D9/$D$15,"")
A10: 16 | B10: =IF(ISNUMBER(A10),IFERROR(TEXT(TIME(A10,0,0),"h AM/PM"),""),"") | C10: =COUNTIFS(Orders!$D$2:$D$300,A10) | D10: =SUMIFS(Orders!$B$2:$B$300,Orders!$D$2:$D$300,A10) | E10: =IF($D$15<>0,D10/$D$15,"")
A11: 17 | B11: =IF(ISNUMBER(A11),IFERROR(TEXT(TIME(A11,0,0),"h AM/PM"),""),"") | C11: =COUNTIFS(Orders!$D$2:$D$300,A11) | D11: =SUMIFS(Orders!$B$2:$B$300,Orders!$D$2:$D$300,A11) | E11: =IF($D$15<>0,D11/$D$15,"")
A12: 18 | B12: =IF(ISNUMBER(A12),IFERROR(TEXT(TIME(A12,0,0),"h AM/PM"),""),"") | C12: =COUNTIFS(Orders!$D$2:$D$300,A12) | D12: =SUMIFS(Orders!$B$2:$B$300,Orders!$D$2:$D$300,A12) | E12: =IF($D$15<>0,D12/$D$15,"")
A13: Outside these hours | C13: =COUNTIFS(Orders!$D$2:$D$300,"<"&MIN(A2:A12))+COUNTIFS(Orders!$D$2:$D$300,">"&MAX(A2:A12)) | D13: =SUMIFS(Orders!$B$2:$B$300,Orders!$D$2:$D$300,"<"&MIN(A2:A12))+SUMIFS(Orders!$B$2:$B$300,Orders!$D$2:$D$300,">"&MAX(A2:A12)) | E13: =IF($D$15<>0,D13/$D$15,"")
A14: Rows with a bad time | C14: =COUNTIF(Orders!$D$2:$D$300,"Check time") | D14: =SUMIFS(Orders!$B$2:$B$300,Orders!$D$2:$D$300,"Check time") | E14: =IF($D$15<>0,D14/$D$15,"")
A15: Total | C15: =SUM(C2:C14) | D15: =SUM(D2:D14) | E15: =IF($D$15<>0,D15/$D$15,"")

Sheet How to use
A1: Tidy Tabs: Sales by Hour of the Day From Order Timestamps
A3: 1. Orders tab: the date and time of each order (A), the amount (B) and an item or note (C). Yellow, rows 2 to 300. Type or paste real date and time values such as 10/10/2026 9:59 AM, not text.
A4: 2. Hour, D2: =IF(A2="","",IF(ISNUMBER(A2),HOUR(A2),"Check time")). HOUR returns a whole number from 0 to 23, so an order at exactly 10:00:00 AM is hour 10 and 9:59:59 AM is hour 9. A time stored as text shows Check time. A date with no time is hour 0 (midnight).
A5: 3. By hour tab, A2:A12: the hours you want to list, typed as numbers (8 is 8 AM, 18 is 6 PM). Yellow. Change them if your day is different.
A6: 4. Orders, C2: =COUNTIFS(Orders!$D$2:$D$300,A2). Sales, D2: =SUMIFS(Orders!$B$2:$B$300,Orders!$D$2:$D$300,A2). Share of sales is the hour's sales divided by the total in D15.
A7: 5. Row 13 (Outside these hours) counts every order whose hour is below the first or above the last hour in column A, so nothing is lost. Midnight (hour 0) lands here. Row 14 counts rows whose time is not a real time.
A8: 6. G1:H4 show the busiest hour by sales and by orders among the hours listed (the first one if two tie). The Sales column has a color scale from white to green.
A9: 7. H7 shows OK when the table holds every order and every dollar on the Orders tab: no bad time, no amount left out of an hour, no text amount. CHECK means look at row 14, an order with an amount but no time, or an amount typed as text.
A10: 8. Why a helper column: in LibreOffice Calc 24.2 a SUMIFS over a time range built on MOD(A2,1) left out the 10:00:00 row, because MOD of a date and time came back a hair under 10:00 AM. HOUR returns a whole number, so there is no boundary to miss. This was not run in Excel or Google Sheets.
A11: 9. The file counts and adds up. It gives no staffing or opening-hours advice.
A13: Orders and amounts are fictional. Checked in LibreOffice Calc only; not opened in Excel or Google Sheets.
A14: Google Sheets: File > Import > Upload this .xlsx.
