Workbook

Sheet Trailing
A1: Last month included (type the 1st) | B1: 46266 | C1: Yellow. Type the 1st of the last month you want, such as 09/01/2026.
A2: Trailing 12 months sales | B2: =IF(ISNUMBER(B1),SUMIFS(Sales!$B$2:$B$200,Sales!$A$2:$A$200,">"&EDATE(B1,-12),Sales!$A$2:$A$200,"<="&B1),"Type the month in B1") | C2: The 12 months ending at B1: later than EDATE(B1,-12), up to B1.
A3: Months found in those 12 | B3: =IF(ISNUMBER(B1),COUNTIFS(Sales!$A$2:$A$200,">"&EDATE(B1,-12),Sales!$A$2:$A$200,"<="&B1),"") | C3: =IF(ISNUMBER(B3),IF(B3=12,"All 12 months found","Not 12 months: a month is missing or the data starts later"),"")
A4: Previous 12 months sales | B4: =IF(ISNUMBER(B1),SUMIFS(Sales!$B$2:$B$200,Sales!$A$2:$A$200,">"&EDATE(B1,-24),Sales!$A$2:$A$200,"<="&EDATE(B1,-12)),"") | C4: The 12 months before those.
A5: Change in dollars | B5: =IF(AND(B3=12,B7=12),B2-B4,"Need 12 months in both") | C5: Trailing minus previous.
A6: Change in percent | B6: =IF(ISNUMBER(B5),IF(B4=0,"Previous 12 is 0",B5/B4),"") | C6: Change divided by the previous 12.
A7: Months found in the previous 12 | B7: =IF(ISNUMBER(B1),COUNTIFS(Sales!$A$2:$A$200,">"&EDATE(B1,-24),Sales!$A$2:$A$200,"<="&EDATE(B1,-12)),"") | C7: =IF(ISNUMBER(B7),IF(B7=12,"All 12 months found","Not 12 months: a month is missing or the data starts later"),"")
A8: Check: end month and months are the 1st, no repeats, numbers | B8: =IF(AND(ISNUMBER(B1),COUNT(Sales!$A$2:$A$200)=COUNTA(Sales!$A$2:$A$200),COUNT(Sales!$B$2:$B$200)=COUNTA(Sales!$B$2:$B$200)),IF(AND(DAY(B1)=1,SUMPRODUCT((Sales!$A$2:$A$200<>"")*(DAY(Sales!$A$2:$A$200)<>1))=0,SUMPRODUCT((Sales!$A$2:$A$200<>"")*(COUNTIF(Sales!$A$2:$A$200,Sales!$A$2:$A$200)>1))=0),"OK","CHECK"),"CHECK") | C8: CHECK means B1 or a Sales month is not the 1st, a month repeats, or an entry is text.

Sheet Sales
A1: Month (1st of month) | B1: Sales | C1: 12 months ending this month
A2: 45200 | B2: 4200 | C2: =IF(NOT(ISNUMBER(A2)),"",IF(COUNTIFS($A$2:$A$200,">"&EDATE(A2,-12),$A$2:$A$200,"<="&A2)<12,"",SUMIFS($B$2:$B$200,$A$2:$A$200,">"&EDATE(A2,-12),$A$2:$A$200,"<="&A2)))
A3: 45231 | B3: 7800 | C3: =IF(NOT(ISNUMBER(A3)),"",IF(COUNTIFS($A$2:$A$200,">"&EDATE(A3,-12),$A$2:$A$200,"<="&A3)<12,"",SUMIFS($B$2:$B$200,$A$2:$A$200,">"&EDATE(A3,-12),$A$2:$A$200,"<="&A3)))
A4: 45261 | B4: 11500 | C4: =IF(NOT(ISNUMBER(A4)),"",IF(COUNTIFS($A$2:$A$200,">"&EDATE(A4,-12),$A$2:$A$200,"<="&A4)<12,"",SUMIFS($B$2:$B$200,$A$2:$A$200,">"&EDATE(A4,-12),$A$2:$A$200,"<="&A4)))
A5: 45292 | B5: 3100 | C5: =IF(NOT(ISNUMBER(A5)),"",IF(COUNTIFS($A$2:$A$200,">"&EDATE(A5,-12),$A$2:$A$200,"<="&A5)<12,"",SUMIFS($B$2:$B$200,$A$2:$A$200,">"&EDATE(A5,-12),$A$2:$A$200,"<="&A5)))
A6: 45323 | B6: 3400 | C6: =IF(NOT(ISNUMBER(A6)),"",IF(COUNTIFS($A$2:$A$200,">"&EDATE(A6,-12),$A$2:$A$200,"<="&A6)<12,"",SUMIFS($B$2:$B$200,$A$2:$A$200,">"&EDATE(A6,-12),$A$2:$A$200,"<="&A6)))
A7: 45352 | B7: 3700 | C7: =IF(NOT(ISNUMBER(A7)),"",IF(COUNTIFS($A$2:$A$200,">"&EDATE(A7,-12),$A$2:$A$200,"<="&A7)<12,"",SUMIFS($B$2:$B$200,$A$2:$A$200,">"&EDATE(A7,-12),$A$2:$A$200,"<="&A7)))
A8: 45383 | B8: 4000 | C8: =IF(NOT(ISNUMBER(A8)),"",IF(COUNTIFS($A$2:$A$200,">"&EDATE(A8,-12),$A$2:$A$200,"<="&A8)<12,"",SUMIFS($B$2:$B$200,$A$2:$A$200,">"&EDATE(A8,-12),$A$2:$A$200,"<="&A8)))
A9: 45413 | B9: 4800 | C9: =IF(NOT(ISNUMBER(A9)),"",IF(COUNTIFS($A$2:$A$200,">"&EDATE(A9,-12),$A$2:$A$200,"<="&A9)<12,"",SUMIFS($B$2:$B$200,$A$2:$A$200,">"&EDATE(A9,-12),$A$2:$A$200,"<="&A9)))
A10: 45444 | B10: 4300 | C10: =IF(NOT(ISNUMBER(A10)),"",IF(COUNTIFS($A$2:$A$200,">"&EDATE(A10,-12),$A$2:$A$200,"<="&A10)<12,"",SUMIFS($B$2:$B$200,$A$2:$A$200,">"&EDATE(A10,-12),$A$2:$A$200,"<="&A10)))
A11: 45474 | B11: 4100 | C11: =IF(NOT(ISNUMBER(A11)),"",IF(COUNTIFS($A$2:$A$200,">"&EDATE(A11,-12),$A$2:$A$200,"<="&A11)<12,"",SUMIFS($B$2:$B$200,$A$2:$A$200,">"&EDATE(A11,-12),$A$2:$A$200,"<="&A11)))
A12: 45505 | B12: 4400 | C12: =IF(NOT(ISNUMBER(A12)),"",IF(COUNTIFS($A$2:$A$200,">"&EDATE(A12,-12),$A$2:$A$200,"<="&A12)<12,"",SUMIFS($B$2:$B$200,$A$2:$A$200,">"&EDATE(A12,-12),$A$2:$A$200,"<="&A12)))
A13: 45536 | B13: 4600 | C13: =IF(NOT(ISNUMBER(A13)),"",IF(COUNTIFS($A$2:$A$200,">"&EDATE(A13,-12),$A$2:$A$200,"<="&A13)<12,"",SUMIFS($B$2:$B$200,$A$2:$A$200,">"&EDATE(A13,-12),$A$2:$A$200,"<="&A13)))
... A37: 46266 | B37: 5150 | C37: =IF(NOT(ISNUMBER(A37)),"",IF(COUNTIFS($A$2:$A$200,">"&EDATE(A37,-12),$A$2:$A$200,"<="&A37)<12,"",SUMIFS($B$2:$B$200,$A$2:$A$200,">"&EDATE(A37,-12),$A$2:$A$200,"<="&A37)))
C38: =IF(NOT(ISNUMBER(A38)),"",IF(COUNTIFS($A$2:$A$200,">"&EDATE(A38,-12),$A$2:$A$200,"<="&A38)<12,"",SUMIFS($B$2:$B$200,$A$2:$A$200,">"&EDATE(A38,-12),$A$2:$A$200,"<="&A38)))
C39: =IF(NOT(ISNUMBER(A39)),"",IF(COUNTIFS($A$2:$A$200,">"&EDATE(A39,-12),$A$2:$A$200,"<="&A39)<12,"",SUMIFS($B$2:$B$200,$A$2:$A$200,">"&EDATE(A39,-12),$A$2:$A$200,"<="&A39)))
C40: =IF(NOT(ISNUMBER(A40)),"",IF(COUNTIFS($A$2:$A$200,">"&EDATE(A40,-12),$A$2:$A$200,"<="&A40)<12,"",SUMIFS($B$2:$B$200,$A$2:$A$200,">"&EDATE(A40,-12),$A$2:$A$200,"<="&A40)))
C41: =IF(NOT(ISNUMBER(A41)),"",IF(COUNTIFS($A$2:$A$200,">"&EDATE(A41,-12),$A$2:$A$200,"<="&A41)<12,"",SUMIFS($B$2:$B$200,$A$2:$A$200,">"&EDATE(A41,-12),$A$2:$A$200,"<="&A41)))
C42: =IF(NOT(ISNUMBER(A42)),"",IF(COUNTIFS($A$2:$A$200,">"&EDATE(A42,-12),$A$2:$A$200,"<="&A42)<12,"",SUMIFS($B$2:$B$200,$A$2:$A$200,">"&EDATE(A42,-12),$A$2:$A$200,"<="&A42)))
C43: =IF(NOT(ISNUMBER(A43)),"",IF(COUNTIFS($A$2:$A$200,">"&EDATE(A43,-12),$A$2:$A$200,"<="&A43)<12,"",SUMIFS($B$2:$B$200,$A$2:$A$200,">"&EDATE(A43,-12),$A$2:$A$200,"<="&A43)))
C44: =IF(NOT(ISNUMBER(A44)),"",IF(COUNTIFS($A$2:$A$200,">"&EDATE(A44,-12),$A$2:$A$200,"<="&A44)<12,"",SUMIFS($B$2:$B$200,$A$2:$A$200,">"&EDATE(A44,-12),$A$2:$A$200,"<="&A44)))
C45: =IF(NOT(ISNUMBER(A45)),"",IF(COUNTIFS($A$2:$A$200,">"&EDATE(A45,-12),$A$2:$A$200,"<="&A45)<12,"",SUMIFS($B$2:$B$200,$A$2:$A$200,">"&EDATE(A45,-12),$A$2:$A$200,"<="&A45)))
C46: =IF(NOT(ISNUMBER(A46)),"",IF(COUNTIFS($A$2:$A$200,">"&EDATE(A46,-12),$A$2:$A$200,"<="&A46)<12,"",SUMIFS($B$2:$B$200,$A$2:$A$200,">"&EDATE(A46,-12),$A$2:$A$200,"<="&A46)))
C47: =IF(NOT(ISNUMBER(A47)),"",IF(COUNTIFS($A$2:$A$200,">"&EDATE(A47,-12),$A$2:$A$200,"<="&A47)<12,"",SUMIFS($B$2:$B$200,$A$2:$A$200,">"&EDATE(A47,-12),$A$2:$A$200,"<="&A47)))
C48: =IF(NOT(ISNUMBER(A48)),"",IF(COUNTIFS($A$2:$A$200,">"&EDATE(A48,-12),$A$2:$A$200,"<="&A48)<12,"",SUMIFS($B$2:$B$200,$A$2:$A$200,">"&EDATE(A48,-12),$A$2:$A$200,"<="&A48)))
C49: =IF(NOT(ISNUMBER(A49)),"",IF(COUNTIFS($A$2:$A$200,">"&EDATE(A49,-12),$A$2:$A$200,"<="&A49)<12,"",SUMIFS($B$2:$B$200,$A$2:$A$200,">"&EDATE(A49,-12),$A$2:$A$200,"<="&A49)))
... C200: =IF(NOT(ISNUMBER(A200)),"",IF(COUNTIFS($A$2:$A$200,">"&EDATE(A200,-12),$A$2:$A$200,"<="&A200)<12,"",SUMIFS($B$2:$B$200,$A$2:$A$200,">"&EDATE(A200,-12),$A$2:$A$200,"<="&A200)))

Sheet How to use
A1: Tidy Tabs: Trailing 12 Month Sales
A3: 1. Sales tab: type the first day of each month in A (such as 10/01/2025) and that month's sales in B. Yellow. Rows 2 to 200 are read. The sample is 36 fictional months of a gift shop, 10/01/2023 to 09/01/2026.
A4: 2. Trailing tab, B1: type the last month you want included, also the 1st of a month (09/01/2026 in the sample). No TODAY is used, so the number only changes when you change B1 or the Sales rows.
A5: 3. Trailing 12 months, B2: =SUMIFS(Sales!$B$2:$B$200,Sales!$A$2:$A$200,">"&EDATE(B1,-12),Sales!$A$2:$A$200,"<="&B1). It adds the sales dated later than 12 months before B1 and up to B1, which is the 12 months ending at B1.
A6: 4. B3 counts the months found with the same two conditions (COUNTIFS). If it is not 12, C3 says so: a month is missing or the data starts later. B2 still adds what it finds.
A7: 5. Previous 12 months, B4: the same SUMIFS from EDATE(B1,-24) to EDATE(B1,-12). B7 counts its months. B5 and B6 (change in dollars and percent) show Need 12 months in both until B3 and B7 are 12.
A8: 6. Sales column C: the same 12 month total for each row's month. It stays blank until 12 months of data exist up to that row.
A9: 7. Dates must be the 1st of the month. A date such as 09/15/2026 after the end date is left out by the "<=" test, and B8 shows CHECK. Two rows for the same month also give CHECK. Dates or sales typed as text give CHECK.
A10: 8. This describes past sales only. It is not a forecast and not a valuation.
A12: Sales are fictional. Checked in LibreOffice Calc only; not opened in Excel or Google Sheets.
A13: Google Sheets: File > Import > Upload this .xlsx.
