Workbook

Sheet Log
A1: Date | B1: Client | C1: Hours | D1: Week ending | F1: Setting
A2: 46293 | B2: Maple Street Bakery | C2: 3.5 | D2: =IF(ISNUMBER(A2),A2+MOD($G$2-WEEKDAY(A2,1),7),"") | F2: Week ends on (1 Sun, 2 Mon ... 6 Fri, 7 Sat) | G2: 6
A3: 46294 | B3: Harbor Yoga Studio | C3: 4 | D3: =IF(ISNUMBER(A3),A3+MOD($G$2-WEEKDAY(A3,1),7),"") | F3: Week ends on | G3: =IF(AND(ISNUMBER(G2),G2>=1,G2<=7),CHOOSE(G2,"Sunday","Monday","Tuesday","Wednesday","Thursday","Friday","Saturday"),"Enter 1 to 7")
A4: 46295 | B4: Maple Street Bakery | C4: 2.5 | D4: =IF(ISNUMBER(A4),A4+MOD($G$2-WEEKDAY(A4,1),7),"") | F4: Total hours in log | G4: =SUM(C2:C60)
A5: 46296 | B5: Birch Design Co | C5: 6 | D5: =IF(ISNUMBER(A5),A5+MOD($G$2-WEEKDAY(A5,1),7),"")
A6: 46297 | B6: Birch Design Co | C6: 5.5 | D6: =IF(ISNUMBER(A6),A6+MOD($G$2-WEEKDAY(A6,1),7),"")
A7: 46298 | B7: Harbor Yoga Studio | C7: 2 | D7: =IF(ISNUMBER(A7),A7+MOD($G$2-WEEKDAY(A7,1),7),"")
A8: 46299 | B8: Lantern Print Shop | C8: 1.5 | D8: =IF(ISNUMBER(A8),A8+MOD($G$2-WEEKDAY(A8,1),7),"")
A9: 46300 | B9: Lantern Print Shop | C9: 7 | D9: =IF(ISNUMBER(A9),A9+MOD($G$2-WEEKDAY(A9,1),7),"")
A10: 46302 | B10: Maple Street Bakery | C10: 4.25 | D10: =IF(ISNUMBER(A10),A10+MOD($G$2-WEEKDAY(A10,1),7),"")
A11: 46304 | B11: Birch Design Co | C11: 3 | D11: =IF(ISNUMBER(A11),A11+MOD($G$2-WEEKDAY(A11,1),7),"")
A12: 46307 | B12: Harbor Yoga Studio | C12: 5 | D12: =IF(ISNUMBER(A12),A12+MOD($G$2-WEEKDAY(A12,1),7),"")
A13: 46309 | B13: Lantern Print Shop | C13: 2.75 | D13: =IF(ISNUMBER(A13),A13+MOD($G$2-WEEKDAY(A13,1),7),"")
D14: =IF(ISNUMBER(A14),A14+MOD($G$2-WEEKDAY(A14,1),7),"")
D15: =IF(ISNUMBER(A15),A15+MOD($G$2-WEEKDAY(A15,1),7),"")
D16: =IF(ISNUMBER(A16),A16+MOD($G$2-WEEKDAY(A16,1),7),"")
D17: =IF(ISNUMBER(A17),A17+MOD($G$2-WEEKDAY(A17,1),7),"")
D18: =IF(ISNUMBER(A18),A18+MOD($G$2-WEEKDAY(A18,1),7),"")
D19: =IF(ISNUMBER(A19),A19+MOD($G$2-WEEKDAY(A19,1),7),"")
D20: =IF(ISNUMBER(A20),A20+MOD($G$2-WEEKDAY(A20,1),7),"")
D21: =IF(ISNUMBER(A21),A21+MOD($G$2-WEEKDAY(A21,1),7),"")
D22: =IF(ISNUMBER(A22),A22+MOD($G$2-WEEKDAY(A22,1),7),"")
D23: =IF(ISNUMBER(A23),A23+MOD($G$2-WEEKDAY(A23,1),7),"")
D24: =IF(ISNUMBER(A24),A24+MOD($G$2-WEEKDAY(A24,1),7),"")
D25: =IF(ISNUMBER(A25),A25+MOD($G$2-WEEKDAY(A25,1),7),"")
... D60: =IF(ISNUMBER(A60),A60+MOD($G$2-WEEKDAY(A60,1),7),"")

Sheet Weeks
A1: Week ending | B1: Hours | D1: Check
A2: =IF(COUNT(Log!D2:D60)=0,"",MIN(Log!D2:D60)) | B2: =IF(A2="","",SUMIFS(Log!C2:C60,Log!D2:D60,A2)) | D2: Hours on this tab | E2: =SUM(B2:B27)
A3: =IF(A2="","",IF(A2+7>MAX(Log!D2:D60),"",A2+7)) | B3: =IF(A3="","",SUMIFS(Log!C2:C60,Log!D2:D60,A3)) | D3: Hours in the log | E3: =SUM(Log!C2:C60)
A4: =IF(A3="","",IF(A3+7>MAX(Log!D2:D60),"",A3+7)) | B4: =IF(A4="","",SUMIFS(Log!C2:C60,Log!D2:D60,A4)) | D4: Check: they match | E4: =IF(ROUND(E2-E3,6)=0,"OK","CHECK")
A5: =IF(A4="","",IF(A4+7>MAX(Log!D2:D60),"",A4+7)) | B5: =IF(A5="","",SUMIFS(Log!C2:C60,Log!D2:D60,A5))
A6: =IF(A5="","",IF(A5+7>MAX(Log!D2:D60),"",A5+7)) | B6: =IF(A6="","",SUMIFS(Log!C2:C60,Log!D2:D60,A6))
A7: =IF(A6="","",IF(A6+7>MAX(Log!D2:D60),"",A6+7)) | B7: =IF(A7="","",SUMIFS(Log!C2:C60,Log!D2:D60,A7))
A8: =IF(A7="","",IF(A7+7>MAX(Log!D2:D60),"",A7+7)) | B8: =IF(A8="","",SUMIFS(Log!C2:C60,Log!D2:D60,A8))
A9: =IF(A8="","",IF(A8+7>MAX(Log!D2:D60),"",A8+7)) | B9: =IF(A9="","",SUMIFS(Log!C2:C60,Log!D2:D60,A9))
A10: =IF(A9="","",IF(A9+7>MAX(Log!D2:D60),"",A9+7)) | B10: =IF(A10="","",SUMIFS(Log!C2:C60,Log!D2:D60,A10))
A11: =IF(A10="","",IF(A10+7>MAX(Log!D2:D60),"",A10+7)) | B11: =IF(A11="","",SUMIFS(Log!C2:C60,Log!D2:D60,A11))
A12: =IF(A11="","",IF(A11+7>MAX(Log!D2:D60),"",A11+7)) | B12: =IF(A12="","",SUMIFS(Log!C2:C60,Log!D2:D60,A12))
A13: =IF(A12="","",IF(A12+7>MAX(Log!D2:D60),"",A12+7)) | B13: =IF(A13="","",SUMIFS(Log!C2:C60,Log!D2:D60,A13))
A14: =IF(A13="","",IF(A13+7>MAX(Log!D2:D60),"",A13+7)) | B14: =IF(A14="","",SUMIFS(Log!C2:C60,Log!D2:D60,A14))
A15: =IF(A14="","",IF(A14+7>MAX(Log!D2:D60),"",A14+7)) | B15: =IF(A15="","",SUMIFS(Log!C2:C60,Log!D2:D60,A15))
A16: =IF(A15="","",IF(A15+7>MAX(Log!D2:D60),"",A15+7)) | B16: =IF(A16="","",SUMIFS(Log!C2:C60,Log!D2:D60,A16))
A17: =IF(A16="","",IF(A16+7>MAX(Log!D2:D60),"",A16+7)) | B17: =IF(A17="","",SUMIFS(Log!C2:C60,Log!D2:D60,A17))
A18: =IF(A17="","",IF(A17+7>MAX(Log!D2:D60),"",A17+7)) | B18: =IF(A18="","",SUMIFS(Log!C2:C60,Log!D2:D60,A18))
A19: =IF(A18="","",IF(A18+7>MAX(Log!D2:D60),"",A18+7)) | B19: =IF(A19="","",SUMIFS(Log!C2:C60,Log!D2:D60,A19))
A20: =IF(A19="","",IF(A19+7>MAX(Log!D2:D60),"",A19+7)) | B20: =IF(A20="","",SUMIFS(Log!C2:C60,Log!D2:D60,A20))
A21: =IF(A20="","",IF(A20+7>MAX(Log!D2:D60),"",A20+7)) | B21: =IF(A21="","",SUMIFS(Log!C2:C60,Log!D2:D60,A21))
A22: =IF(A21="","",IF(A21+7>MAX(Log!D2:D60),"",A21+7)) | B22: =IF(A22="","",SUMIFS(Log!C2:C60,Log!D2:D60,A22))
A23: =IF(A22="","",IF(A22+7>MAX(Log!D2:D60),"",A22+7)) | B23: =IF(A23="","",SUMIFS(Log!C2:C60,Log!D2:D60,A23))
A24: =IF(A23="","",IF(A23+7>MAX(Log!D2:D60),"",A23+7)) | B24: =IF(A24="","",SUMIFS(Log!C2:C60,Log!D2:D60,A24))
A25: =IF(A24="","",IF(A24+7>MAX(Log!D2:D60),"",A24+7)) | B25: =IF(A25="","",SUMIFS(Log!C2:C60,Log!D2:D60,A25))
A26: =IF(A25="","",IF(A25+7>MAX(Log!D2:D60),"",A25+7)) | B26: =IF(A26="","",SUMIFS(Log!C2:C60,Log!D2:D60,A26))
A27: =IF(A26="","",IF(A26+7>MAX(Log!D2:D60),"",A26+7)) | B27: =IF(A27="","",SUMIFS(Log!C2:C60,Log!D2:D60,A27))

Sheet How to use
A1: Tidy Tabs: Find the Week Ending Date for Any Date
A3: 1. Log tab: type the date, client and hours in A to C (yellow). Rows 2 to 60 have formulas ready.
A4: 2. G2 is the weekday that ends your week: 1 Sunday, 2 Monday, 3 Tuesday, 4 Wednesday, 5 Thursday, 6 Friday, 7 Saturday. It starts at 6 (Friday).
A5: 3. D2: =A2+MOD($G$2-WEEKDAY(A2,1),7). WEEKDAY(A2,1) gives 1 for Sunday to 7 for Saturday. MOD counts the days forward to the week ending day, from 0 to 6.
A6: 4. A date that already falls on the week ending day stays the same. The day after it jumps ahead 6 days.
A7: 5. Weeks tab: A2 is the earliest week ending in the log and each row below adds 7 days. B uses SUMIFS to add the hours whose week ending matches.
A8: 6. Weeks!E4 checks that the hours on the Weeks tab equal the hours in the log. CHECK means a row was left out, for example a date typed as text, or more weeks than the 26 rows listed.
A9: 7. Enter real dates. A date stored as text (usually left-aligned) gets no week ending, and its hours show up as CHECK. A blank date row stays blank.
A10: 8. Date math only. It does not apply pay period rules, overtime or time zones.
A12: Clients, dates and hours are fictional. Checked in LibreOffice Calc only; not opened in Excel or Google Sheets.
A13: Google Sheets: File > Import > Upload this .xlsx.
