Workbook

Sheet Items
A1: SKU | B1: Item | C1: Category | D1: Unit cost | E1: Sale price | F1: Starting qty | G1: Qty in | H1: Qty out | I1: On hand | J1: Reorder at | K1: Status | L1: Stock value (cost) | N1: Total stock value | O1: =SUM(L2:L500)
A2: CND-LAV8 | B2: Lavender soy candle, 8 oz | C2: Candles | D2: 4.1 | E2: 18 | F2: 40 | G2: =SUMIFS('Stock log'!$C:$C,'Stock log'!$B:$B,A2) | H2: =SUMIFS('Stock log'!$D:$D,'Stock log'!$B:$B,A2) | I2: =F2+G2-H2 | J2: 10 | K2: =IF(A2="","",IF(I2<=J2,"REORDER","OK")) | L2: =I2*D2
A3: CND-CED8 | B3: Cedar soy candle, 8 oz | C3: Candles | D3: 4.25 | E3: 18 | F3: 25 | G3: =SUMIFS('Stock log'!$C:$C,'Stock log'!$B:$B,A3) | H3: =SUMIFS('Stock log'!$D:$D,'Stock log'!$B:$B,A3) | I3: =F3+G3-H3 | J3: 10 | K3: =IF(A3="","",IF(I3<=J3,"REORDER","OK")) | L3: =I3*D3
A4: SOP-OAT | B4: Oatmeal goat milk soap bar | C4: Soap | D4: 1.85 | E4: 8 | F4: 60 | G4: =SUMIFS('Stock log'!$C:$C,'Stock log'!$B:$B,A4) | H4: =SUMIFS('Stock log'!$D:$D,'Stock log'!$B:$B,A4) | I4: =F4+G4-H4 | J4: 20 | K4: =IF(A4="","",IF(I4<=J4,"REORDER","OK")) | L4: =I4*D4
A5: SOP-CHR | B5: Charcoal soap bar | C5: Soap | D5: 2.05 | E5: 8.5 | F5: 30 | G5: =SUMIFS('Stock log'!$C:$C,'Stock log'!$B:$B,A5) | H5: =SUMIFS('Stock log'!$D:$D,'Stock log'!$B:$B,A5) | I5: =F5+G5-H5 | J5: 20 | K5: =IF(A5="","",IF(I5<=J5,"REORDER","OK")) | L5: =I5*D5
A6: EAR-HOOP | B6: Brass hoop earrings | C6: Jewelry | D6: 3.4 | E6: 24 | F6: 15 | G6: =SUMIFS('Stock log'!$C:$C,'Stock log'!$B:$B,A6) | H6: =SUMIFS('Stock log'!$D:$D,'Stock log'!$B:$B,A6) | I6: =F6+G6-H6 | J6: 5 | K6: =IF(A6="","",IF(I6<=J6,"REORDER","OK")) | L6: =I6*D6
A7: CRD-BDAY | B7: Letterpress birthday card | C7: Cards | D7: 0.95 | E7: 6 | F7: 80 | G7: =SUMIFS('Stock log'!$C:$C,'Stock log'!$B:$B,A7) | H7: =SUMIFS('Stock log'!$D:$D,'Stock log'!$B:$B,A7) | I7: =F7+G7-H7 | J7: 25 | K7: =IF(A7="","",IF(I7<=J7,"REORDER","OK")) | L7: =I7*D7
A8: PKG-BOX6 | B8: Kraft mailer box 6x6x4 | C8: Supplies | D8: 0.62 | E8: 0 | F8: 100 | G8: =SUMIFS('Stock log'!$C:$C,'Stock log'!$B:$B,A8) | H8: =SUMIFS('Stock log'!$D:$D,'Stock log'!$B:$B,A8) | I8: =F8+G8-H8 | J8: 40 | K8: =IF(A8="","",IF(I8<=J8,"REORDER","OK")) | L8: =I8*D8

Sheet Stock log
A1: Date | B1: SKU | C1: Qty in | D1: Qty out | E1: Note
A2: 46266 | B2: CND-LAV8 | C2: 24 | D2: 0 | E2: Poured batch #14
A3: 46268 | B3: CND-LAV8 | C3: 0 | D3: 12 | E3: Etsy orders 9/1-9/3
A4: 46270 | B4: SOP-OAT | C4: 0 | D4: 18 | E4: Saturday farmers market
A5: 46270 | B5: CND-CED8 | C5: 0 | D5: 9 | E5: Saturday farmers market
A6: 46273 | B6: SOP-CHR | C6: 0 | D6: 14 | E6: Wholesale order, Main St. Gift Shop
A7: 46275 | B7: EAR-HOOP | C7: 0 | D7: 11 | E7: Etsy orders
A8: 46277 | B8: PKG-BOX6 | C8: 0 | D8: 64 | E8: Shipped Etsy orders
A9: 46280 | B9: CRD-BDAY | C9: 0 | D9: 30 | E9: Craft fair

Sheet How to use
A1: Tidy Tabs: Small Craft Business Inventory Tracker
A3: 1. Items tab: one row per product or supply. Type your own SKU, cost, price, starting count, and reorder point.
A4: 2. Stock log tab: add a row every time stock comes in (Qty in) or goes out (Qty out). Pick the SKU from the dropdown.
A5: 3. On hand, Status, and Stock value update by themselves. Status turns red when On hand is at or below Reorder at.
A6: 4. Don't type over the gray formula columns (Qty in, Qty out, On hand, Status, Stock value).
A7: 5. To add a product, copy the last Items row down so the formulas come with it. Total stock value is in cell O1.
A9: Sample data is fictional. Delete the Stock log rows and change the Items rows to start fresh.
A10: Google Sheets: File > Import > Upload this .xlsx > Insert new sheet(s) or Replace spreadsheet.
