Workbook

Sheet Orders
A1: Batch size | B1: 10
A2: Batch size check | B2: =IF(ISNUMBER(B1),IF(AND(B1>=1,B1=INT(B1)),"OK","Batch size must be a whole number, 1 or more"),"Batch size must be a number")
A4: Order number | B4: Item no. | C4: Batch | D4: Position in batch | E4: Helper
A5: 4101 | B5: =IF(A5="","",COUNTA($A$5:A5)) | C5: =IF(B5="","",IF($B$2="OK",INT((B5-1)/$B$1)+1,"Check batch size")) | D5: =IF(B5="","",IF($B$2="OK",MOD(B5-1,$B$1)+1,"Check batch size")) | E5: =IF(B5="","",IF(COUNTA(Helpers!$A$4:$A$8)=0,"No helper",INDEX(Helpers!$A$4:$A$8,MOD(B5-1,COUNTA(Helpers!$A$4:$A$8))+1)&""))
A6: 4102 | B6: =IF(A6="","",COUNTA($A$5:A6)) | C6: =IF(B6="","",IF($B$2="OK",INT((B6-1)/$B$1)+1,"Check batch size")) | D6: =IF(B6="","",IF($B$2="OK",MOD(B6-1,$B$1)+1,"Check batch size")) | E6: =IF(B6="","",IF(COUNTA(Helpers!$A$4:$A$8)=0,"No helper",INDEX(Helpers!$A$4:$A$8,MOD(B6-1,COUNTA(Helpers!$A$4:$A$8))+1)&""))
A7: 4103 | B7: =IF(A7="","",COUNTA($A$5:A7)) | C7: =IF(B7="","",IF($B$2="OK",INT((B7-1)/$B$1)+1,"Check batch size")) | D7: =IF(B7="","",IF($B$2="OK",MOD(B7-1,$B$1)+1,"Check batch size")) | E7: =IF(B7="","",IF(COUNTA(Helpers!$A$4:$A$8)=0,"No helper",INDEX(Helpers!$A$4:$A$8,MOD(B7-1,COUNTA(Helpers!$A$4:$A$8))+1)&""))
A8: 4104 | B8: =IF(A8="","",COUNTA($A$5:A8)) | C8: =IF(B8="","",IF($B$2="OK",INT((B8-1)/$B$1)+1,"Check batch size")) | D8: =IF(B8="","",IF($B$2="OK",MOD(B8-1,$B$1)+1,"Check batch size")) | E8: =IF(B8="","",IF(COUNTA(Helpers!$A$4:$A$8)=0,"No helper",INDEX(Helpers!$A$4:$A$8,MOD(B8-1,COUNTA(Helpers!$A$4:$A$8))+1)&""))
A9: 4105 | B9: =IF(A9="","",COUNTA($A$5:A9)) | C9: =IF(B9="","",IF($B$2="OK",INT((B9-1)/$B$1)+1,"Check batch size")) | D9: =IF(B9="","",IF($B$2="OK",MOD(B9-1,$B$1)+1,"Check batch size")) | E9: =IF(B9="","",IF(COUNTA(Helpers!$A$4:$A$8)=0,"No helper",INDEX(Helpers!$A$4:$A$8,MOD(B9-1,COUNTA(Helpers!$A$4:$A$8))+1)&""))
A10: 4106 | B10: =IF(A10="","",COUNTA($A$5:A10)) | C10: =IF(B10="","",IF($B$2="OK",INT((B10-1)/$B$1)+1,"Check batch size")) | D10: =IF(B10="","",IF($B$2="OK",MOD(B10-1,$B$1)+1,"Check batch size")) | E10: =IF(B10="","",IF(COUNTA(Helpers!$A$4:$A$8)=0,"No helper",INDEX(Helpers!$A$4:$A$8,MOD(B10-1,COUNTA(Helpers!$A$4:$A$8))+1)&""))
A11: 4107 | B11: =IF(A11="","",COUNTA($A$5:A11)) | C11: =IF(B11="","",IF($B$2="OK",INT((B11-1)/$B$1)+1,"Check batch size")) | D11: =IF(B11="","",IF($B$2="OK",MOD(B11-1,$B$1)+1,"Check batch size")) | E11: =IF(B11="","",IF(COUNTA(Helpers!$A$4:$A$8)=0,"No helper",INDEX(Helpers!$A$4:$A$8,MOD(B11-1,COUNTA(Helpers!$A$4:$A$8))+1)&""))
A12: 4108 | B12: =IF(A12="","",COUNTA($A$5:A12)) | C12: =IF(B12="","",IF($B$2="OK",INT((B12-1)/$B$1)+1,"Check batch size")) | D12: =IF(B12="","",IF($B$2="OK",MOD(B12-1,$B$1)+1,"Check batch size")) | E12: =IF(B12="","",IF(COUNTA(Helpers!$A$4:$A$8)=0,"No helper",INDEX(Helpers!$A$4:$A$8,MOD(B12-1,COUNTA(Helpers!$A$4:$A$8))+1)&""))
A13: 4109 | B13: =IF(A13="","",COUNTA($A$5:A13)) | C13: =IF(B13="","",IF($B$2="OK",INT((B13-1)/$B$1)+1,"Check batch size")) | D13: =IF(B13="","",IF($B$2="OK",MOD(B13-1,$B$1)+1,"Check batch size")) | E13: =IF(B13="","",IF(COUNTA(Helpers!$A$4:$A$8)=0,"No helper",INDEX(Helpers!$A$4:$A$8,MOD(B13-1,COUNTA(Helpers!$A$4:$A$8))+1)&""))
A14: 4110 | B14: =IF(A14="","",COUNTA($A$5:A14)) | C14: =IF(B14="","",IF($B$2="OK",INT((B14-1)/$B$1)+1,"Check batch size")) | D14: =IF(B14="","",IF($B$2="OK",MOD(B14-1,$B$1)+1,"Check batch size")) | E14: =IF(B14="","",IF(COUNTA(Helpers!$A$4:$A$8)=0,"No helper",INDEX(Helpers!$A$4:$A$8,MOD(B14-1,COUNTA(Helpers!$A$4:$A$8))+1)&""))
A15: 4111 | B15: =IF(A15="","",COUNTA($A$5:A15)) | C15: =IF(B15="","",IF($B$2="OK",INT((B15-1)/$B$1)+1,"Check batch size")) | D15: =IF(B15="","",IF($B$2="OK",MOD(B15-1,$B$1)+1,"Check batch size")) | E15: =IF(B15="","",IF(COUNTA(Helpers!$A$4:$A$8)=0,"No helper",INDEX(Helpers!$A$4:$A$8,MOD(B15-1,COUNTA(Helpers!$A$4:$A$8))+1)&""))
A16: 4112 | B16: =IF(A16="","",COUNTA($A$5:A16)) | C16: =IF(B16="","",IF($B$2="OK",INT((B16-1)/$B$1)+1,"Check batch size")) | D16: =IF(B16="","",IF($B$2="OK",MOD(B16-1,$B$1)+1,"Check batch size")) | E16: =IF(B16="","",IF(COUNTA(Helpers!$A$4:$A$8)=0,"No helper",INDEX(Helpers!$A$4:$A$8,MOD(B16-1,COUNTA(Helpers!$A$4:$A$8))+1)&""))
... A49: 4145 | B49: =IF(A49="","",COUNTA($A$5:A49)) | C49: =IF(B49="","",IF($B$2="OK",INT((B49-1)/$B$1)+1,"Check batch size")) | D49: =IF(B49="","",IF($B$2="OK",MOD(B49-1,$B$1)+1,"Check batch size")) | E49: =IF(B49="","",IF(COUNTA(Helpers!$A$4:$A$8)=0,"No helper",INDEX(Helpers!$A$4:$A$8,MOD(B49-1,COUNTA(Helpers!$A$4:$A$8))+1)&""))
B50: =IF(A50="","",COUNTA($A$5:A50)) | C50: =IF(B50="","",IF($B$2="OK",INT((B50-1)/$B$1)+1,"Check batch size")) | D50: =IF(B50="","",IF($B$2="OK",MOD(B50-1,$B$1)+1,"Check batch size")) | E50: =IF(B50="","",IF(COUNTA(Helpers!$A$4:$A$8)=0,"No helper",INDEX(Helpers!$A$4:$A$8,MOD(B50-1,COUNTA(Helpers!$A$4:$A$8))+1)&""))
B51: =IF(A51="","",COUNTA($A$5:A51)) | C51: =IF(B51="","",IF($B$2="OK",INT((B51-1)/$B$1)+1,"Check batch size")) | D51: =IF(B51="","",IF($B$2="OK",MOD(B51-1,$B$1)+1,"Check batch size")) | E51: =IF(B51="","",IF(COUNTA(Helpers!$A$4:$A$8)=0,"No helper",INDEX(Helpers!$A$4:$A$8,MOD(B51-1,COUNTA(Helpers!$A$4:$A$8))+1)&""))
B52: =IF(A52="","",COUNTA($A$5:A52)) | C52: =IF(B52="","",IF($B$2="OK",INT((B52-1)/$B$1)+1,"Check batch size")) | D52: =IF(B52="","",IF($B$2="OK",MOD(B52-1,$B$1)+1,"Check batch size")) | E52: =IF(B52="","",IF(COUNTA(Helpers!$A$4:$A$8)=0,"No helper",INDEX(Helpers!$A$4:$A$8,MOD(B52-1,COUNTA(Helpers!$A$4:$A$8))+1)&""))
B53: =IF(A53="","",COUNTA($A$5:A53)) | C53: =IF(B53="","",IF($B$2="OK",INT((B53-1)/$B$1)+1,"Check batch size")) | D53: =IF(B53="","",IF($B$2="OK",MOD(B53-1,$B$1)+1,"Check batch size")) | E53: =IF(B53="","",IF(COUNTA(Helpers!$A$4:$A$8)=0,"No helper",INDEX(Helpers!$A$4:$A$8,MOD(B53-1,COUNTA(Helpers!$A$4:$A$8))+1)&""))
B54: =IF(A54="","",COUNTA($A$5:A54)) | C54: =IF(B54="","",IF($B$2="OK",INT((B54-1)/$B$1)+1,"Check batch size")) | D54: =IF(B54="","",IF($B$2="OK",MOD(B54-1,$B$1)+1,"Check batch size")) | E54: =IF(B54="","",IF(COUNTA(Helpers!$A$4:$A$8)=0,"No helper",INDEX(Helpers!$A$4:$A$8,MOD(B54-1,COUNTA(Helpers!$A$4:$A$8))+1)&""))
B55: =IF(A55="","",COUNTA($A$5:A55)) | C55: =IF(B55="","",IF($B$2="OK",INT((B55-1)/$B$1)+1,"Check batch size")) | D55: =IF(B55="","",IF($B$2="OK",MOD(B55-1,$B$1)+1,"Check batch size")) | E55: =IF(B55="","",IF(COUNTA(Helpers!$A$4:$A$8)=0,"No helper",INDEX(Helpers!$A$4:$A$8,MOD(B55-1,COUNTA(Helpers!$A$4:$A$8))+1)&""))
B56: =IF(A56="","",COUNTA($A$5:A56)) | C56: =IF(B56="","",IF($B$2="OK",INT((B56-1)/$B$1)+1,"Check batch size")) | D56: =IF(B56="","",IF($B$2="OK",MOD(B56-1,$B$1)+1,"Check batch size")) | E56: =IF(B56="","",IF(COUNTA(Helpers!$A$4:$A$8)=0,"No helper",INDEX(Helpers!$A$4:$A$8,MOD(B56-1,COUNTA(Helpers!$A$4:$A$8))+1)&""))
B57: =IF(A57="","",COUNTA($A$5:A57)) | C57: =IF(B57="","",IF($B$2="OK",INT((B57-1)/$B$1)+1,"Check batch size")) | D57: =IF(B57="","",IF($B$2="OK",MOD(B57-1,$B$1)+1,"Check batch size")) | E57: =IF(B57="","",IF(COUNTA(Helpers!$A$4:$A$8)=0,"No helper",INDEX(Helpers!$A$4:$A$8,MOD(B57-1,COUNTA(Helpers!$A$4:$A$8))+1)&""))
B58: =IF(A58="","",COUNTA($A$5:A58)) | C58: =IF(B58="","",IF($B$2="OK",INT((B58-1)/$B$1)+1,"Check batch size")) | D58: =IF(B58="","",IF($B$2="OK",MOD(B58-1,$B$1)+1,"Check batch size")) | E58: =IF(B58="","",IF(COUNTA(Helpers!$A$4:$A$8)=0,"No helper",INDEX(Helpers!$A$4:$A$8,MOD(B58-1,COUNTA(Helpers!$A$4:$A$8))+1)&""))
B59: =IF(A59="","",COUNTA($A$5:A59)) | C59: =IF(B59="","",IF($B$2="OK",INT((B59-1)/$B$1)+1,"Check batch size")) | D59: =IF(B59="","",IF($B$2="OK",MOD(B59-1,$B$1)+1,"Check batch size")) | E59: =IF(B59="","",IF(COUNTA(Helpers!$A$4:$A$8)=0,"No helper",INDEX(Helpers!$A$4:$A$8,MOD(B59-1,COUNTA(Helpers!$A$4:$A$8))+1)&""))
B60: =IF(A60="","",COUNTA($A$5:A60)) | C60: =IF(B60="","",IF($B$2="OK",INT((B60-1)/$B$1)+1,"Check batch size")) | D60: =IF(B60="","",IF($B$2="OK",MOD(B60-1,$B$1)+1,"Check batch size")) | E60: =IF(B60="","",IF(COUNTA(Helpers!$A$4:$A$8)=0,"No helper",INDEX(Helpers!$A$4:$A$8,MOD(B60-1,COUNTA(Helpers!$A$4:$A$8))+1)&""))
B61: =IF(A61="","",COUNTA($A$5:A61)) | C61: =IF(B61="","",IF($B$2="OK",INT((B61-1)/$B$1)+1,"Check batch size")) | D61: =IF(B61="","",IF($B$2="OK",MOD(B61-1,$B$1)+1,"Check batch size")) | E61: =IF(B61="","",IF(COUNTA(Helpers!$A$4:$A$8)=0,"No helper",INDEX(Helpers!$A$4:$A$8,MOD(B61-1,COUNTA(Helpers!$A$4:$A$8))+1)&""))
... B204: =IF(A204="","",COUNTA($A$5:A204)) | C204: =IF(B204="","",IF($B$2="OK",INT((B204-1)/$B$1)+1,"Check batch size")) | D204: =IF(B204="","",IF($B$2="OK",MOD(B204-1,$B$1)+1,"Check batch size")) | E204: =IF(B204="","",IF(COUNTA(Helpers!$A$4:$A$8)=0,"No helper",INDEX(Helpers!$A$4:$A$8,MOD(B204-1,COUNTA(Helpers!$A$4:$A$8))+1)&""))

Sheet Helpers
A1: Type 1 to 5 helper first names, no empty row between them. Orders are dealt out in this order.
A3: Helper
A4: Ana
A5: Ben
A6: Cora

Sheet Summary
A1: Orders counted | B1: =COUNTA(Orders!A5:A204) | D1: Helper | E1: Orders
A2: Batch size | B2: =IF(Orders!B2="OK",Orders!B1,"") | D2: =IF(Helpers!A4="","",Helpers!A4) | E2: =IF(D2="","",COUNTIF(Orders!$E$5:$E$204,D2))
A3: Number of batches | B3: =IF(B2="","",ROUNDUP(B1/B2,0)) | D3: =IF(Helpers!A5="","",Helpers!A5) | E3: =IF(D3="","",COUNTIF(Orders!$E$5:$E$204,D3))
A4: Orders in the last batch | B4: =IF(OR(B2="",B1=0),"",B1-(B3-1)*B2) | D4: =IF(Helpers!A6="","",Helpers!A6) | E4: =IF(D4="","",COUNTIF(Orders!$E$5:$E$204,D4))
A5: Helpers listed | B5: =COUNTA(Helpers!A4:A8) | D5: =IF(Helpers!A7="","",Helpers!A7) | E5: =IF(D5="","",COUNTIF(Orders!$E$5:$E$204,D5))
A6: Check: counts add up and helpers are fair | B6: =IF(AND(Orders!B2="OK",B5>=1,SUMPRODUCT((Helpers!A4:A8<>"")*(ROW(Helpers!A4:A8)-ROW(Helpers!A4)+1<=B5))=B5,SUMPRODUCT(--(Helpers!A4:A8<>""),--(COUNTIF(Helpers!A4:A8,Helpers!A4:A8)>1))=0,E7=B1,E8<=1,COUNTA(Orders!A205:A1000)=0,MAX(Orders!C5:C204)=B3),"OK","CHECK") | D6: =IF(Helpers!A8="","",Helpers!A8) | E6: =IF(D6="","",COUNTIF(Orders!$E$5:$E$204,D6))
D7: Total | E7: =SUM(E2:E6)
D8: Most minus fewest | E8: =IF(COUNT(E2:E6)=0,"",MAX(E2:E6)-MIN(E2:E6))

Sheet How to use
A1: Tidy Tabs: Split an Order List Into Batches and Assign Helpers in Turn
A3: 1. Orders tab: type the batch size in B1 (yellow, 10) and the order numbers in A5:A204. Yellow. The sample is 45 fictional order numbers. Helpers tab: type 1 to 5 first names in A4:A8, with no empty row between them (the sample has 3).
A4: 2. B2 shows OK when the batch size is a whole number of 1 or more. Otherwise Batch and Position show Check batch size.
A5: 3. Item no., B5: =IF(A5="","",COUNTA($A$5:A5)). It counts only filled rows, so an empty row in the middle of the list is skipped and the numbering stays 1, 2, 3 with no gap. A cell that holds only a space counts as filled.
A6: 4. Batch, C5: =INT((B5-1)/$B$1)+1. Position in batch, D5: =MOD(B5-1,$B$1)+1. With a batch size of 10, items 1 to 10 are batch 1 and item 11 is batch 2, position 1. The first row of each batch turns green.
A7: 5. Helper, E5: =INDEX(Helpers!$A$4:$A$8,MOD(B5-1,COUNTA(Helpers!$A$4:$A$8))+1)&"". MOD cycles 0, 1, 2, 0, 1, 2 for three helpers, so the helpers are dealt orders in turn and each one gets no more than one order more than another. The helper rotation does not restart at a new batch.
A8: 6. Summary tab: orders counted, batch size, number of batches =ROUNDUP(B1/B2,0), orders in the last batch (smaller when the count does not divide evenly), the helpers listed, and a table of orders per helper with =COUNTIF. B6 shows OK when the helper counts add up to the orders, the most and fewest differ by 1 or less, the helpers have no empty row or duplicate name, the number of batches matches the highest batch number, and nothing is typed below row 204.
A9: 7. With no orders every result stays blank or 0. Delete a helper by clearing the cell and moving the names above up, so there is no empty row.
A10: 8. This splits and deals a list. It does not weigh how long an order takes.
A12: Order numbers and names are fictional. Checked in LibreOffice Calc only; not opened in Excel or Google Sheets.
A13: Google Sheets: File > Import > Upload this .xlsx.
