Workbook

Sheet Schedule
A1: Client | B1: Service | C1: Start time | D1: Minutes | E1: End time | F1: Gap to next (min) | G1: Status | H1: Start (min of day) | I1: End (min of day) | K1: Buffer between appointments (min) | L1: 15
A2: Bailey | B2: Full groom | C2: 0.375 | D2: 90 | E2: =IF(OR(NOT(ISNUMBER(C2)),NOT(ISNUMBER(D2))),"",C2+D2/1440) | F2: =IF(AND(ISNUMBER(E2),ISNUMBER(C3)),ROUND((C3-E2)*1440,0),"") | G2: =IF(AND(A2="",C2="",D2=""),"",IF(OR(NOT(ISNUMBER(C2)),NOT(ISNUMBER(D2))),"Check",IF(OR(C2<0,C2>=1,D2<=0,D2<>INT(D2),NOT(ISNUMBER($L$1))),"Check",IF(E2>=1,"Past midnight",IF(F2="",IF(AND(A3="",C3="",D3=""),"Last","Check next row"),IF(C3<C2,"Out of order",IF(F2<0,"Overlap",IF(F2<$L$1,"Short buffer","OK")))))))) | H2: =IF(ISNUMBER(C2),ROUND(C2*1440,0),"") | I2: =IF(ISNUMBER(E2),ROUND(E2*1440,0),"") | K2: Booked minutes | L2: =SUM(D2:D12)
A3: Mochi | B3: Bath and brush | C3: 0.44791667 | D3: 45 | E3: =IF(OR(NOT(ISNUMBER(C3)),NOT(ISNUMBER(D3))),"",C3+D3/1440) | F3: =IF(AND(ISNUMBER(E3),ISNUMBER(C4)),ROUND((C4-E3)*1440,0),"") | G3: =IF(AND(A3="",C3="",D3=""),"",IF(OR(NOT(ISNUMBER(C3)),NOT(ISNUMBER(D3))),"Check",IF(OR(C3<0,C3>=1,D3<=0,D3<>INT(D3),NOT(ISNUMBER($L$1))),"Check",IF(E3>=1,"Past midnight",IF(F3="",IF(AND(A4="",C4="",D4=""),"Last","Check next row"),IF(C4<C3,"Out of order",IF(F3<0,"Overlap",IF(F3<$L$1,"Short buffer","OK")))))))) | H3: =IF(ISNUMBER(C3),ROUND(C3*1440,0),"") | I3: =IF(ISNUMBER(E3),ROUND(E3*1440,0),"") | K3: First start | L3: =IF(COUNT(C2:C12)=0,"",MIN(C2:C12))
A4: Cooper | B4: Full groom | C4: 0.47916667 | D4: 90 | E4: =IF(OR(NOT(ISNUMBER(C4)),NOT(ISNUMBER(D4))),"",C4+D4/1440) | F4: =IF(AND(ISNUMBER(E4),ISNUMBER(C5)),ROUND((C5-E4)*1440,0),"") | G4: =IF(AND(A4="",C4="",D4=""),"",IF(OR(NOT(ISNUMBER(C4)),NOT(ISNUMBER(D4))),"Check",IF(OR(C4<0,C4>=1,D4<=0,D4<>INT(D4),NOT(ISNUMBER($L$1))),"Check",IF(E4>=1,"Past midnight",IF(F4="",IF(AND(A5="",C5="",D5=""),"Last","Check next row"),IF(C5<C4,"Out of order",IF(F4<0,"Overlap",IF(F4<$L$1,"Short buffer","OK")))))))) | H4: =IF(ISNUMBER(C4),ROUND(C4*1440,0),"") | I4: =IF(ISNUMBER(E4),ROUND(E4*1440,0),"") | K4: Last end | L4: =IF(COUNT(E2:E12)=0,"",MAX(E2:E12))
A5: Luna | B5: Nail trim | C5: 0.55208333 | D5: 30 | E5: =IF(OR(NOT(ISNUMBER(C5)),NOT(ISNUMBER(D5))),"",C5+D5/1440) | F5: =IF(AND(ISNUMBER(E5),ISNUMBER(C6)),ROUND((C6-E5)*1440,0),"") | G5: =IF(AND(A5="",C5="",D5=""),"",IF(OR(NOT(ISNUMBER(C5)),NOT(ISNUMBER(D5))),"Check",IF(OR(C5<0,C5>=1,D5<=0,D5<>INT(D5),NOT(ISNUMBER($L$1))),"Check",IF(E5>=1,"Past midnight",IF(F5="",IF(AND(A6="",C6="",D6=""),"Last","Check next row"),IF(C6<C5,"Out of order",IF(F5<0,"Overlap",IF(F5<$L$1,"Short buffer","OK")))))))) | H5: =IF(ISNUMBER(C5),ROUND(C5*1440,0),"") | I5: =IF(ISNUMBER(E5),ROUND(E5*1440,0),"") | K5: Open minutes between | L5: =IF(AND(ISNUMBER(L3),ISNUMBER(L4)),ROUND((L4-L3)*1440,0)-L2,"")
A6: Rosie | B6: Bath and brush | C6: 0.58333333 | D6: 60 | E6: =IF(OR(NOT(ISNUMBER(C6)),NOT(ISNUMBER(D6))),"",C6+D6/1440) | F6: =IF(AND(ISNUMBER(E6),ISNUMBER(C7)),ROUND((C7-E6)*1440,0),"") | G6: =IF(AND(A6="",C6="",D6=""),"",IF(OR(NOT(ISNUMBER(C6)),NOT(ISNUMBER(D6))),"Check",IF(OR(C6<0,C6>=1,D6<=0,D6<>INT(D6),NOT(ISNUMBER($L$1))),"Check",IF(E6>=1,"Past midnight",IF(F6="",IF(AND(A7="",C7="",D7=""),"Last","Check next row"),IF(C7<C6,"Out of order",IF(F6<0,"Overlap",IF(F6<$L$1,"Short buffer","OK")))))))) | H6: =IF(ISNUMBER(C6),ROUND(C6*1440,0),"") | I6: =IF(ISNUMBER(E6),ROUND(E6*1440,0),"") | K6: Appointments | L6: =COUNT(C2:C12)
A7: Max | B7: Full groom | C7: 0.63194444 | D7: 90 | E7: =IF(OR(NOT(ISNUMBER(C7)),NOT(ISNUMBER(D7))),"",C7+D7/1440) | F7: =IF(AND(ISNUMBER(E7),ISNUMBER(C8)),ROUND((C8-E7)*1440,0),"") | G7: =IF(AND(A7="",C7="",D7=""),"",IF(OR(NOT(ISNUMBER(C7)),NOT(ISNUMBER(D7))),"Check",IF(OR(C7<0,C7>=1,D7<=0,D7<>INT(D7),NOT(ISNUMBER($L$1))),"Check",IF(E7>=1,"Past midnight",IF(F7="",IF(AND(A8="",C8="",D8=""),"Last","Check next row"),IF(C8<C7,"Out of order",IF(F7<0,"Overlap",IF(F7<$L$1,"Short buffer","OK")))))))) | H7: =IF(ISNUMBER(C7),ROUND(C7*1440,0),"") | I7: =IF(ISNUMBER(E7),ROUND(E7*1440,0),"") | K7: Rows to look at | L7: =COUNTIF(G2:G12,"Short buffer")+COUNTIF(G2:G12,"Overlap")
A8: Daisy | B8: Nail trim | C8: 0.69791667 | D8: 30 | E8: =IF(OR(NOT(ISNUMBER(C8)),NOT(ISNUMBER(D8))),"",C8+D8/1440) | F8: =IF(AND(ISNUMBER(E8),ISNUMBER(C9)),ROUND((C9-E8)*1440,0),"") | G8: =IF(AND(A8="",C8="",D8=""),"",IF(OR(NOT(ISNUMBER(C8)),NOT(ISNUMBER(D8))),"Check",IF(OR(C8<0,C8>=1,D8<=0,D8<>INT(D8),NOT(ISNUMBER($L$1))),"Check",IF(E8>=1,"Past midnight",IF(F8="",IF(AND(A9="",C9="",D9=""),"Last","Check next row"),IF(C9<C8,"Out of order",IF(F8<0,"Overlap",IF(F8<$L$1,"Short buffer","OK")))))))) | H8: =IF(ISNUMBER(C8),ROUND(C8*1440,0),"") | I8: =IF(ISNUMBER(E8),ROUND(E8*1440,0),"") | K8: Check: booked + gaps = first start to last end | L8: =IF(COUNT(C2:C12)=0,"No appointments",IF(COUNTIF(G2:G12,"Overlap")+COUNTIF(G2:G12,"Past midnight")+COUNTIF(G2:G12,"Check")+COUNTIF(G2:G12,"Check next row")+COUNTIF(G2:G12,"Out of order")>0,"Fix rows first",IF(L2+SUM(F2:F12)=ROUND((L4-L3)*1440,0),"OK","CHECK")))
A9: Buddy | B9: Puppy trim | C9: 0.72916667 | D9: 45 | E9: =IF(OR(NOT(ISNUMBER(C9)),NOT(ISNUMBER(D9))),"",C9+D9/1440) | F9: =IF(AND(ISNUMBER(E9),ISNUMBER(C10)),ROUND((C10-E9)*1440,0),"") | G9: =IF(AND(A9="",C9="",D9=""),"",IF(OR(NOT(ISNUMBER(C9)),NOT(ISNUMBER(D9))),"Check",IF(OR(C9<0,C9>=1,D9<=0,D9<>INT(D9),NOT(ISNUMBER($L$1))),"Check",IF(E9>=1,"Past midnight",IF(F9="",IF(AND(A10="",C10="",D10=""),"Last","Check next row"),IF(C10<C9,"Out of order",IF(F9<0,"Overlap",IF(F9<$L$1,"Short buffer","OK")))))))) | H9: =IF(ISNUMBER(C9),ROUND(C9*1440,0),"") | I9: =IF(ISNUMBER(E9),ROUND(E9*1440,0),"")
E10: =IF(OR(NOT(ISNUMBER(C10)),NOT(ISNUMBER(D10))),"",C10+D10/1440) | F10: =IF(AND(ISNUMBER(E10),ISNUMBER(C11)),ROUND((C11-E10)*1440,0),"") | G10: =IF(AND(A10="",C10="",D10=""),"",IF(OR(NOT(ISNUMBER(C10)),NOT(ISNUMBER(D10))),"Check",IF(OR(C10<0,C10>=1,D10<=0,D10<>INT(D10),NOT(ISNUMBER($L$1))),"Check",IF(E10>=1,"Past midnight",IF(F10="",IF(AND(A11="",C11="",D11=""),"Last","Check next row"),IF(C11<C10,"Out of order",IF(F10<0,"Overlap",IF(F10<$L$1,"Short buffer","OK")))))))) | H10: =IF(ISNUMBER(C10),ROUND(C10*1440,0),"") | I10: =IF(ISNUMBER(E10),ROUND(E10*1440,0),"")
E11: =IF(OR(NOT(ISNUMBER(C11)),NOT(ISNUMBER(D11))),"",C11+D11/1440) | F11: =IF(AND(ISNUMBER(E11),ISNUMBER(C12)),ROUND((C12-E11)*1440,0),"") | G11: =IF(AND(A11="",C11="",D11=""),"",IF(OR(NOT(ISNUMBER(C11)),NOT(ISNUMBER(D11))),"Check",IF(OR(C11<0,C11>=1,D11<=0,D11<>INT(D11),NOT(ISNUMBER($L$1))),"Check",IF(E11>=1,"Past midnight",IF(F11="",IF(AND(A12="",C12="",D12=""),"Last","Check next row"),IF(C12<C11,"Out of order",IF(F11<0,"Overlap",IF(F11<$L$1,"Short buffer","OK")))))))) | H11: =IF(ISNUMBER(C11),ROUND(C11*1440,0),"") | I11: =IF(ISNUMBER(E11),ROUND(E11*1440,0),"")
E12: =IF(OR(NOT(ISNUMBER(C12)),NOT(ISNUMBER(D12))),"",C12+D12/1440) | F12: =IF(AND(ISNUMBER(E12),ISNUMBER(C13)),ROUND((C13-E12)*1440,0),"") | G12: =IF(AND(A12="",C12="",D12=""),"",IF(OR(NOT(ISNUMBER(C12)),NOT(ISNUMBER(D12))),"Check",IF(OR(C12<0,C12>=1,D12<=0,D12<>INT(D12),NOT(ISNUMBER($L$1))),"Check",IF(E12>=1,"Past midnight",IF(F12="",IF(AND(A13="",C13="",D13=""),"Last","Check next row"),IF(C13<C12,"Out of order",IF(F12<0,"Overlap",IF(F12<$L$1,"Short buffer","OK")))))))) | H12: =IF(ISNUMBER(C12),ROUND(C12*1440,0),"") | I12: =IF(ISNUMBER(E12),ROUND(E12*1440,0),"")

Sheet Slots
A1: Opening time | B1: 0.375
A2: Slot length (min) | B2: 30
A3: Closing time | B3: 0.77083333
A4: Slot start | B4: Slot end | C4: Appointments touching the slot | D4: Status | F4: Summary | G4: Value
A5: =IF(AND(IFERROR(AND(ISNUMBER($B$1),ISNUMBER($B$2),ISNUMBER($B$3),$B$2>0,$B$2=INT($B$2),$B$3>$B$1),FALSE),$B$1>=0,$B$1<1),ROUND($B$1*1440,0)/1440,"") | B5: =IF(ISNUMBER(A5),(ROUND(A5*1440,0)+$B$2)/1440,"") | C5: =IF(ISNUMBER(A5),COUNTIFS(Schedule!$H$2:$H$12,"<"&ROUND(B5*1440,0),Schedule!$I$2:$I$12,">"&ROUND(A5*1440,0)),"") | D5: =IF(C5="","",IF(C5=0,"Open",IF(C5=1,"Taken","Shared slot"))) | F5: Open slots | G5: =COUNTIF(D5:D52,"Open")
A6: =IF(ISNUMBER(A5),IF(AND(ROUND(A5*1440,0)+$B$2<1440,ROUND(A5*1440,0)+$B$2<ROUND($B$3*1440,0)),(ROUND(A5*1440,0)+$B$2)/1440,""),"") | B6: =IF(ISNUMBER(A6),(ROUND(A6*1440,0)+$B$2)/1440,"") | C6: =IF(ISNUMBER(A6),COUNTIFS(Schedule!$H$2:$H$12,"<"&ROUND(B6*1440,0),Schedule!$I$2:$I$12,">"&ROUND(A6*1440,0)),"") | D6: =IF(C6="","",IF(C6=0,"Open",IF(C6=1,"Taken","Shared slot"))) | F6: Taken slots | G6: =COUNTIF(D5:D52,"Taken")
A7: =IF(ISNUMBER(A6),IF(AND(ROUND(A6*1440,0)+$B$2<1440,ROUND(A6*1440,0)+$B$2<ROUND($B$3*1440,0)),(ROUND(A6*1440,0)+$B$2)/1440,""),"") | B7: =IF(ISNUMBER(A7),(ROUND(A7*1440,0)+$B$2)/1440,"") | C7: =IF(ISNUMBER(A7),COUNTIFS(Schedule!$H$2:$H$12,"<"&ROUND(B7*1440,0),Schedule!$I$2:$I$12,">"&ROUND(A7*1440,0)),"") | D7: =IF(C7="","",IF(C7=0,"Open",IF(C7=1,"Taken","Shared slot"))) | F7: Shared slots | G7: =COUNTIF(D5:D52,"Shared slot")
A8: =IF(ISNUMBER(A7),IF(AND(ROUND(A7*1440,0)+$B$2<1440,ROUND(A7*1440,0)+$B$2<ROUND($B$3*1440,0)),(ROUND(A7*1440,0)+$B$2)/1440,""),"") | B8: =IF(ISNUMBER(A8),(ROUND(A8*1440,0)+$B$2)/1440,"") | C8: =IF(ISNUMBER(A8),COUNTIFS(Schedule!$H$2:$H$12,"<"&ROUND(B8*1440,0),Schedule!$I$2:$I$12,">"&ROUND(A8*1440,0)),"") | D8: =IF(C8="","",IF(C8=0,"Open",IF(C8=1,"Taken","Shared slot")))
A9: =IF(ISNUMBER(A8),IF(AND(ROUND(A8*1440,0)+$B$2<1440,ROUND(A8*1440,0)+$B$2<ROUND($B$3*1440,0)),(ROUND(A8*1440,0)+$B$2)/1440,""),"") | B9: =IF(ISNUMBER(A9),(ROUND(A9*1440,0)+$B$2)/1440,"") | C9: =IF(ISNUMBER(A9),COUNTIFS(Schedule!$H$2:$H$12,"<"&ROUND(B9*1440,0),Schedule!$I$2:$I$12,">"&ROUND(A9*1440,0)),"") | D9: =IF(C9="","",IF(C9=0,"Open",IF(C9=1,"Taken","Shared slot")))
A10: =IF(ISNUMBER(A9),IF(AND(ROUND(A9*1440,0)+$B$2<1440,ROUND(A9*1440,0)+$B$2<ROUND($B$3*1440,0)),(ROUND(A9*1440,0)+$B$2)/1440,""),"") | B10: =IF(ISNUMBER(A10),(ROUND(A10*1440,0)+$B$2)/1440,"") | C10: =IF(ISNUMBER(A10),COUNTIFS(Schedule!$H$2:$H$12,"<"&ROUND(B10*1440,0),Schedule!$I$2:$I$12,">"&ROUND(A10*1440,0)),"") | D10: =IF(C10="","",IF(C10=0,"Open",IF(C10=1,"Taken","Shared slot")))
A11: =IF(ISNUMBER(A10),IF(AND(ROUND(A10*1440,0)+$B$2<1440,ROUND(A10*1440,0)+$B$2<ROUND($B$3*1440,0)),(ROUND(A10*1440,0)+$B$2)/1440,""),"") | B11: =IF(ISNUMBER(A11),(ROUND(A11*1440,0)+$B$2)/1440,"") | C11: =IF(ISNUMBER(A11),COUNTIFS(Schedule!$H$2:$H$12,"<"&ROUND(B11*1440,0),Schedule!$I$2:$I$12,">"&ROUND(A11*1440,0)),"") | D11: =IF(C11="","",IF(C11=0,"Open",IF(C11=1,"Taken","Shared slot")))
A12: =IF(ISNUMBER(A11),IF(AND(ROUND(A11*1440,0)+$B$2<1440,ROUND(A11*1440,0)+$B$2<ROUND($B$3*1440,0)),(ROUND(A11*1440,0)+$B$2)/1440,""),"") | B12: =IF(ISNUMBER(A12),(ROUND(A12*1440,0)+$B$2)/1440,"") | C12: =IF(ISNUMBER(A12),COUNTIFS(Schedule!$H$2:$H$12,"<"&ROUND(B12*1440,0),Schedule!$I$2:$I$12,">"&ROUND(A12*1440,0)),"") | D12: =IF(C12="","",IF(C12=0,"Open",IF(C12=1,"Taken","Shared slot")))
A13: =IF(ISNUMBER(A12),IF(AND(ROUND(A12*1440,0)+$B$2<1440,ROUND(A12*1440,0)+$B$2<ROUND($B$3*1440,0)),(ROUND(A12*1440,0)+$B$2)/1440,""),"") | B13: =IF(ISNUMBER(A13),(ROUND(A13*1440,0)+$B$2)/1440,"") | C13: =IF(ISNUMBER(A13),COUNTIFS(Schedule!$H$2:$H$12,"<"&ROUND(B13*1440,0),Schedule!$I$2:$I$12,">"&ROUND(A13*1440,0)),"") | D13: =IF(C13="","",IF(C13=0,"Open",IF(C13=1,"Taken","Shared slot")))
A14: =IF(ISNUMBER(A13),IF(AND(ROUND(A13*1440,0)+$B$2<1440,ROUND(A13*1440,0)+$B$2<ROUND($B$3*1440,0)),(ROUND(A13*1440,0)+$B$2)/1440,""),"") | B14: =IF(ISNUMBER(A14),(ROUND(A14*1440,0)+$B$2)/1440,"") | C14: =IF(ISNUMBER(A14),COUNTIFS(Schedule!$H$2:$H$12,"<"&ROUND(B14*1440,0),Schedule!$I$2:$I$12,">"&ROUND(A14*1440,0)),"") | D14: =IF(C14="","",IF(C14=0,"Open",IF(C14=1,"Taken","Shared slot")))
A15: =IF(ISNUMBER(A14),IF(AND(ROUND(A14*1440,0)+$B$2<1440,ROUND(A14*1440,0)+$B$2<ROUND($B$3*1440,0)),(ROUND(A14*1440,0)+$B$2)/1440,""),"") | B15: =IF(ISNUMBER(A15),(ROUND(A15*1440,0)+$B$2)/1440,"") | C15: =IF(ISNUMBER(A15),COUNTIFS(Schedule!$H$2:$H$12,"<"&ROUND(B15*1440,0),Schedule!$I$2:$I$12,">"&ROUND(A15*1440,0)),"") | D15: =IF(C15="","",IF(C15=0,"Open",IF(C15=1,"Taken","Shared slot")))
A16: =IF(ISNUMBER(A15),IF(AND(ROUND(A15*1440,0)+$B$2<1440,ROUND(A15*1440,0)+$B$2<ROUND($B$3*1440,0)),(ROUND(A15*1440,0)+$B$2)/1440,""),"") | B16: =IF(ISNUMBER(A16),(ROUND(A16*1440,0)+$B$2)/1440,"") | C16: =IF(ISNUMBER(A16),COUNTIFS(Schedule!$H$2:$H$12,"<"&ROUND(B16*1440,0),Schedule!$I$2:$I$12,">"&ROUND(A16*1440,0)),"") | D16: =IF(C16="","",IF(C16=0,"Open",IF(C16=1,"Taken","Shared slot")))
A17: =IF(ISNUMBER(A16),IF(AND(ROUND(A16*1440,0)+$B$2<1440,ROUND(A16*1440,0)+$B$2<ROUND($B$3*1440,0)),(ROUND(A16*1440,0)+$B$2)/1440,""),"") | B17: =IF(ISNUMBER(A17),(ROUND(A17*1440,0)+$B$2)/1440,"") | C17: =IF(ISNUMBER(A17),COUNTIFS(Schedule!$H$2:$H$12,"<"&ROUND(B17*1440,0),Schedule!$I$2:$I$12,">"&ROUND(A17*1440,0)),"") | D17: =IF(C17="","",IF(C17=0,"Open",IF(C17=1,"Taken","Shared slot")))
A18: =IF(ISNUMBER(A17),IF(AND(ROUND(A17*1440,0)+$B$2<1440,ROUND(A17*1440,0)+$B$2<ROUND($B$3*1440,0)),(ROUND(A17*1440,0)+$B$2)/1440,""),"") | B18: =IF(ISNUMBER(A18),(ROUND(A18*1440,0)+$B$2)/1440,"") | C18: =IF(ISNUMBER(A18),COUNTIFS(Schedule!$H$2:$H$12,"<"&ROUND(B18*1440,0),Schedule!$I$2:$I$12,">"&ROUND(A18*1440,0)),"") | D18: =IF(C18="","",IF(C18=0,"Open",IF(C18=1,"Taken","Shared slot")))
A19: =IF(ISNUMBER(A18),IF(AND(ROUND(A18*1440,0)+$B$2<1440,ROUND(A18*1440,0)+$B$2<ROUND($B$3*1440,0)),(ROUND(A18*1440,0)+$B$2)/1440,""),"") | B19: =IF(ISNUMBER(A19),(ROUND(A19*1440,0)+$B$2)/1440,"") | C19: =IF(ISNUMBER(A19),COUNTIFS(Schedule!$H$2:$H$12,"<"&ROUND(B19*1440,0),Schedule!$I$2:$I$12,">"&ROUND(A19*1440,0)),"") | D19: =IF(C19="","",IF(C19=0,"Open",IF(C19=1,"Taken","Shared slot")))
... A52: =IF(ISNUMBER(A51),IF(AND(ROUND(A51*1440,0)+$B$2<1440,ROUND(A51*1440,0)+$B$2<ROUND($B$3*1440,0)),(ROUND(A51*1440,0)+$B$2)/1440,""),"") | B52: =IF(ISNUMBER(A52),(ROUND(A52*1440,0)+$B$2)/1440,"") | C52: =IF(ISNUMBER(A52),COUNTIFS(Schedule!$H$2:$H$12,"<"&ROUND(B52*1440,0),Schedule!$I$2:$I$12,">"&ROUND(A52*1440,0)),"") | D52: =IF(C52="","",IF(C52=0,"Open",IF(C52=1,"Taken","Shared slot")))

Sheet How to use
A1: Tidy Tabs: Appointment Schedule With End Times, Gaps and Buffers
A3: 1. Schedule tab: type the client (A), service (B), start time (C) and length in whole minutes (D). They are yellow. Type times as 9:00 AM and list the day in start-time order, rows 2 to 12. L1 is the buffer you want between appointments, in minutes.
A4: 2. End time, E2 =C2+D2/1440. A day has 24 x 60 = 1,440 minutes, so minutes divided by 1440 is the part of a day to add. Format the result as a time.
A5: 3. Gap to next, F2 =ROUND((C3-E2)*1440,0): the next start minus this end, times 1440, rounded to whole minutes. The ROUND stops times stored as fractions of a day from showing 14.999999 instead of 15.
A6: 4. Status, G2: Short buffer when the gap is under L1, Overlap when it is negative, OK otherwise. Last is the final appointment. Past midnight means the end time is on the next day (the time shown wraps around); the sheet does not plan across days. Check means a start that is not a time of day, minutes that are not a whole number above 0, text, or a buffer in L1 that is not a number. Out of order means the next row starts earlier.
A7: 5. Totals, L2:L8: booked minutes, first start, last end, open minutes between (first start to last end minus booked). L8 shows OK when booked minutes plus the gaps equal the time from first start to last end. It says Fix rows first while a row is Overlap, Past midnight, Check or Out of order, and CHECK if a blank row sits in the middle of the list.
A8: 6. Columns H and I turn start and end into whole minutes of the day (9:00 AM is 540). The Slots tab compares those whole numbers so floating point does not move an appointment into the wrong slot.
A9: 7. Slots tab: type the opening time (B1), the slot length in whole minutes (B2) and the closing time (B3). A slot is Taken when one appointment starts before the slot ends and ends after the slot starts. Shared slot means two appointments touch the same slot (they can be back to back inside it). Open means none. Slots stop at the closing time; the table holds up to 48 slots.
A10: 8. Times and minutes only. No booking policy, deposit or pay rule.
A12: Clients, pets and times are fictional. Checked in LibreOffice Calc only; not opened in Excel or Google Sheets.
A13: Google Sheets: File > Import > Upload this .xlsx.
