Workbook

Sheet Orders
A1: Order ID | B1: Order date | C1: Ship-by date | D1: Shipped date | E1: Days late | F1: Status
A2: #2401 | B2: 46266 | C2: 46269 | D2: 46267 | E2: =IF(F2="Late",D2-C2,IF(F2="On time",0,"")) | F2: =IF(A2="","",IF(OR(NOT(ISNUMBER(B2)),NOT(ISNUMBER(C2))),"Check",IF(D2="","Not shipped",IF(NOT(ISNUMBER(D2)),"Check",IF(OR(D2<B2,C2<B2),"Check",IF(D2<=C2,"On time","Late"))))))
A3: #2402 | B3: 46267 | C3: 46270 | D3: 46269 | E3: =IF(F3="Late",D3-C3,IF(F3="On time",0,"")) | F3: =IF(A3="","",IF(OR(NOT(ISNUMBER(B3)),NOT(ISNUMBER(C3))),"Check",IF(D3="","Not shipped",IF(NOT(ISNUMBER(D3)),"Check",IF(OR(D3<B3,C3<B3),"Check",IF(D3<=C3,"On time","Late"))))))
A4: #2403 | B4: 46268 | C4: 46271 | D4: 46271 | E4: =IF(F4="Late",D4-C4,IF(F4="On time",0,"")) | F4: =IF(A4="","",IF(OR(NOT(ISNUMBER(B4)),NOT(ISNUMBER(C4))),"Check",IF(D4="","Not shipped",IF(NOT(ISNUMBER(D4)),"Check",IF(OR(D4<B4,C4<B4),"Check",IF(D4<=C4,"On time","Late"))))))
A5: #2404 | B5: 46269 | C5: 46272 | D5: 46272 | E5: =IF(F5="Late",D5-C5,IF(F5="On time",0,"")) | F5: =IF(A5="","",IF(OR(NOT(ISNUMBER(B5)),NOT(ISNUMBER(C5))),"Check",IF(D5="","Not shipped",IF(NOT(ISNUMBER(D5)),"Check",IF(OR(D5<B5,C5<B5),"Check",IF(D5<=C5,"On time","Late"))))))
A6: #2405 | B6: 46270 | C6: 46273 | D6: 46274 | E6: =IF(F6="Late",D6-C6,IF(F6="On time",0,"")) | F6: =IF(A6="","",IF(OR(NOT(ISNUMBER(B6)),NOT(ISNUMBER(C6))),"Check",IF(D6="","Not shipped",IF(NOT(ISNUMBER(D6)),"Check",IF(OR(D6<B6,C6<B6),"Check",IF(D6<=C6,"On time","Late"))))))
A7: #2406 | B7: 46271 | C7: 46274 | D7: 46273 | E7: =IF(F7="Late",D7-C7,IF(F7="On time",0,"")) | F7: =IF(A7="","",IF(OR(NOT(ISNUMBER(B7)),NOT(ISNUMBER(C7))),"Check",IF(D7="","Not shipped",IF(NOT(ISNUMBER(D7)),"Check",IF(OR(D7<B7,C7<B7),"Check",IF(D7<=C7,"On time","Late"))))))
A8: #2407 | B8: 46272 | C8: 46275 | D8: 46272 | E8: =IF(F8="Late",D8-C8,IF(F8="On time",0,"")) | F8: =IF(A8="","",IF(OR(NOT(ISNUMBER(B8)),NOT(ISNUMBER(C8))),"Check",IF(D8="","Not shipped",IF(NOT(ISNUMBER(D8)),"Check",IF(OR(D8<B8,C8<B8),"Check",IF(D8<=C8,"On time","Late"))))))
A9: #2408 | B9: 46273 | C9: 46276 | D9: 46276 | E9: =IF(F9="Late",D9-C9,IF(F9="On time",0,"")) | F9: =IF(A9="","",IF(OR(NOT(ISNUMBER(B9)),NOT(ISNUMBER(C9))),"Check",IF(D9="","Not shipped",IF(NOT(ISNUMBER(D9)),"Check",IF(OR(D9<B9,C9<B9),"Check",IF(D9<=C9,"On time","Late"))))))
A10: #2409 | B10: 46274 | C10: 46277 | D10: 46279 | E10: =IF(F10="Late",D10-C10,IF(F10="On time",0,"")) | F10: =IF(A10="","",IF(OR(NOT(ISNUMBER(B10)),NOT(ISNUMBER(C10))),"Check",IF(D10="","Not shipped",IF(NOT(ISNUMBER(D10)),"Check",IF(OR(D10<B10,C10<B10),"Check",IF(D10<=C10,"On time","Late"))))))
A11: #2410 | B11: 46275 | C11: 46278 | D11: 46277 | E11: =IF(F11="Late",D11-C11,IF(F11="On time",0,"")) | F11: =IF(A11="","",IF(OR(NOT(ISNUMBER(B11)),NOT(ISNUMBER(C11))),"Check",IF(D11="","Not shipped",IF(NOT(ISNUMBER(D11)),"Check",IF(OR(D11<B11,C11<B11),"Check",IF(D11<=C11,"On time","Late"))))))
A12: #2411 | B12: 46276 | C12: 46279 | D12: 46279 | E12: =IF(F12="Late",D12-C12,IF(F12="On time",0,"")) | F12: =IF(A12="","",IF(OR(NOT(ISNUMBER(B12)),NOT(ISNUMBER(C12))),"Check",IF(D12="","Not shipped",IF(NOT(ISNUMBER(D12)),"Check",IF(OR(D12<B12,C12<B12),"Check",IF(D12<=C12,"On time","Late"))))))
A13: #2412 | B13: 46277 | C13: 46280 | D13: 46278 | E13: =IF(F13="Late",D13-C13,IF(F13="On time",0,"")) | F13: =IF(A13="","",IF(OR(NOT(ISNUMBER(B13)),NOT(ISNUMBER(C13))),"Check",IF(D13="","Not shipped",IF(NOT(ISNUMBER(D13)),"Check",IF(OR(D13<B13,C13<B13),"Check",IF(D13<=C13,"On time","Late"))))))
... A29: #2428 | B29: 46293 | C29: 46296 | D29: 46296 | E29: =IF(F29="Late",D29-C29,IF(F29="On time",0,"")) | F29: =IF(A29="","",IF(OR(NOT(ISNUMBER(B29)),NOT(ISNUMBER(C29))),"Check",IF(D29="","Not shipped",IF(NOT(ISNUMBER(D29)),"Check",IF(OR(D29<B29,C29<B29),"Check",IF(D29<=C29,"On time","Late"))))))
A30: #2429 | B30: 46294 | C30: 46297 | E30: =IF(F30="Late",D30-C30,IF(F30="On time",0,"")) | F30: =IF(A30="","",IF(OR(NOT(ISNUMBER(B30)),NOT(ISNUMBER(C30))),"Check",IF(D30="","Not shipped",IF(NOT(ISNUMBER(D30)),"Check",IF(OR(D30<B30,C30<B30),"Check",IF(D30<=C30,"On time","Late"))))))
A31: #2430 | B31: 46295 | C31: 46298 | E31: =IF(F31="Late",D31-C31,IF(F31="On time",0,"")) | F31: =IF(A31="","",IF(OR(NOT(ISNUMBER(B31)),NOT(ISNUMBER(C31))),"Check",IF(D31="","Not shipped",IF(NOT(ISNUMBER(D31)),"Check",IF(OR(D31<B31,C31<B31),"Check",IF(D31<=C31,"On time","Late"))))))
E32: =IF(F32="Late",D32-C32,IF(F32="On time",0,"")) | F32: =IF(A32="","",IF(OR(NOT(ISNUMBER(B32)),NOT(ISNUMBER(C32))),"Check",IF(D32="","Not shipped",IF(NOT(ISNUMBER(D32)),"Check",IF(OR(D32<B32,C32<B32),"Check",IF(D32<=C32,"On time","Late"))))))
E33: =IF(F33="Late",D33-C33,IF(F33="On time",0,"")) | F33: =IF(A33="","",IF(OR(NOT(ISNUMBER(B33)),NOT(ISNUMBER(C33))),"Check",IF(D33="","Not shipped",IF(NOT(ISNUMBER(D33)),"Check",IF(OR(D33<B33,C33<B33),"Check",IF(D33<=C33,"On time","Late"))))))
E34: =IF(F34="Late",D34-C34,IF(F34="On time",0,"")) | F34: =IF(A34="","",IF(OR(NOT(ISNUMBER(B34)),NOT(ISNUMBER(C34))),"Check",IF(D34="","Not shipped",IF(NOT(ISNUMBER(D34)),"Check",IF(OR(D34<B34,C34<B34),"Check",IF(D34<=C34,"On time","Late"))))))
E35: =IF(F35="Late",D35-C35,IF(F35="On time",0,"")) | F35: =IF(A35="","",IF(OR(NOT(ISNUMBER(B35)),NOT(ISNUMBER(C35))),"Check",IF(D35="","Not shipped",IF(NOT(ISNUMBER(D35)),"Check",IF(OR(D35<B35,C35<B35),"Check",IF(D35<=C35,"On time","Late"))))))
E36: =IF(F36="Late",D36-C36,IF(F36="On time",0,"")) | F36: =IF(A36="","",IF(OR(NOT(ISNUMBER(B36)),NOT(ISNUMBER(C36))),"Check",IF(D36="","Not shipped",IF(NOT(ISNUMBER(D36)),"Check",IF(OR(D36<B36,C36<B36),"Check",IF(D36<=C36,"On time","Late"))))))
E37: =IF(F37="Late",D37-C37,IF(F37="On time",0,"")) | F37: =IF(A37="","",IF(OR(NOT(ISNUMBER(B37)),NOT(ISNUMBER(C37))),"Check",IF(D37="","Not shipped",IF(NOT(ISNUMBER(D37)),"Check",IF(OR(D37<B37,C37<B37),"Check",IF(D37<=C37,"On time","Late"))))))
E38: =IF(F38="Late",D38-C38,IF(F38="On time",0,"")) | F38: =IF(A38="","",IF(OR(NOT(ISNUMBER(B38)),NOT(ISNUMBER(C38))),"Check",IF(D38="","Not shipped",IF(NOT(ISNUMBER(D38)),"Check",IF(OR(D38<B38,C38<B38),"Check",IF(D38<=C38,"On time","Late"))))))
E39: =IF(F39="Late",D39-C39,IF(F39="On time",0,"")) | F39: =IF(A39="","",IF(OR(NOT(ISNUMBER(B39)),NOT(ISNUMBER(C39))),"Check",IF(D39="","Not shipped",IF(NOT(ISNUMBER(D39)),"Check",IF(OR(D39<B39,C39<B39),"Check",IF(D39<=C39,"On time","Late"))))))
E40: =IF(F40="Late",D40-C40,IF(F40="On time",0,"")) | F40: =IF(A40="","",IF(OR(NOT(ISNUMBER(B40)),NOT(ISNUMBER(C40))),"Check",IF(D40="","Not shipped",IF(NOT(ISNUMBER(D40)),"Check",IF(OR(D40<B40,C40<B40),"Check",IF(D40<=C40,"On time","Late"))))))
E41: =IF(F41="Late",D41-C41,IF(F41="On time",0,"")) | F41: =IF(A41="","",IF(OR(NOT(ISNUMBER(B41)),NOT(ISNUMBER(C41))),"Check",IF(D41="","Not shipped",IF(NOT(ISNUMBER(D41)),"Check",IF(OR(D41<B41,C41<B41),"Check",IF(D41<=C41,"On time","Late"))))))
E42: =IF(F42="Late",D42-C42,IF(F42="On time",0,"")) | F42: =IF(A42="","",IF(OR(NOT(ISNUMBER(B42)),NOT(ISNUMBER(C42))),"Check",IF(D42="","Not shipped",IF(NOT(ISNUMBER(D42)),"Check",IF(OR(D42<B42,C42<B42),"Check",IF(D42<=C42,"On time","Late"))))))
E43: =IF(F43="Late",D43-C43,IF(F43="On time",0,"")) | F43: =IF(A43="","",IF(OR(NOT(ISNUMBER(B43)),NOT(ISNUMBER(C43))),"Check",IF(D43="","Not shipped",IF(NOT(ISNUMBER(D43)),"Check",IF(OR(D43<B43,C43<B43),"Check",IF(D43<=C43,"On time","Late"))))))
... E200: =IF(F200="Late",D200-C200,IF(F200="On time",0,"")) | F200: =IF(A200="","",IF(OR(NOT(ISNUMBER(B200)),NOT(ISNUMBER(C200))),"Check",IF(D200="","Not shipped",IF(NOT(ISNUMBER(D200)),"Check",IF(OR(D200<B200,C200<B200),"Check",IF(D200<=C200,"On time","Late"))))))

Sheet Summary
A1: Shipping summary
A2: Orders listed | B2: =COUNTA(Orders!A2:A200)
A3: Orders with a shipped date | B3: =COUNT(Orders!D2:D200)
A4: Shipped on time (on or before ship-by) | B4: =COUNTIF(Orders!$F$2:$F$200,"On time")
A5: Shipped late | B5: =COUNTIF(Orders!$F$2:$F$200,"Late")
A6: Not shipped yet (left out of the rate) | B6: =COUNTIF(Orders!$F$2:$F$200,"Not shipped")
A7: Rows to check | B7: =COUNTIF(Orders!$F$2:$F$200,"Check")
A8: On-time shipping rate | B8: =IF(B4+B5=0,"",B4/(B4+B5))
A9: Average days late (late orders only) | B9: =IFERROR(AVERAGEIF(Orders!E2:E200,">0"),0)
A10: Most days late | B10: =MAX(Orders!E2:E200)
A11: Check: on time + late = shipped, no rows to check | B11: =IF(AND(B4+B5=B3,B7=0),"OK","CHECK")

Sheet How to use
A1: Tidy Tabs: On-Time Shipping Rate From Ship-By and Shipped Dates
A3: 1. Orders tab: paste or type Order ID, Order date, Ship-by date and Shipped date in A to D (yellow). Rows 2 to 200 have formulas ready. Leave Shipped date blank for orders not shipped yet.
A4: 2. Status F2 compares the dates: On time when Shipped date is on or before Ship-by date, Late when it is after, Not shipped when it is blank.
A5: 3. F2 shows Check when a date is typed as text, or when the shipped or ship-by date is before the order date. Check rows stay out of the counts.
A6: 4. Days late E2 is Shipped date minus Ship-by date for late orders and 0 for on-time orders. Late rows are colored.
A7: 5. Summary tab: B8 is the on-time rate, on time divided by (on time + late). Orders not shipped yet are left out. With no shipped orders the rate stays blank instead of #DIV/0!.
A8: 6. B9 is the average days late among late orders (0 when none are late) and B10 is the longest delay.
A9: 7. B11 shows OK when on time plus late equals the orders with a shipped date and no row needs checking.
A10: 8. Dates must be real dates. A date typed as text (usually left-aligned) shows Check. Times of day are not used.
A11: 9. Marketplaces set and measure their own shipping targets. Use their seller help pages for the official numbers; this sheet only compares your own dates.
A12: 10. The print area covers the first 40 orders. Change the print area to print more.
A14: Orders and dates are fictional. Checked in LibreOffice Calc only; not opened in Excel or Google Sheets.
A15: Google Sheets: File > Import > Upload this .xlsx.
