Workbook

Sheet Customers
A1: Fictional customers. Change the cutoffs on the Cutoffs tab; labels and dollars-to-next-level update.
A4: Customer | B4: City | C4: Lifetime spend | D4: Label | E4: To next label | F4: Label, nested IF | H4: Label | I4: Customers | J4: Spend
A5: Alma R. | B5: Denver | C5: 1240.5 | D5: =IF(C5="","",IF(Cutoffs!$B$4<>"OK","Check cutoffs",IF(OR(NOT(ISNUMBER(C5)),C5<0),"Check spend",_xlfn.IFS(C5>=Cutoffs!$B$3,"Gold",C5>=Cutoffs!$B$2,"Silver",TRUE,"Bronze")))) | E5: =IF(OR(D5="Silver",D5="Bronze"),ROUND(IF(D5="Silver",Cutoffs!$B$3,Cutoffs!$B$2)-C5,2),"") | F5: =IF(C5="","",IF(Cutoffs!$B$4<>"OK","Check cutoffs",IF(OR(NOT(ISNUMBER(C5)),C5<0),"Check spend",IF(C5>=Cutoffs!$B$3,"Gold",IF(C5>=Cutoffs!$B$2,"Silver","Bronze"))))) | H5: Gold | I5: =COUNTIF(D5:D104,H5) | J5: =SUMIF(D5:D104,H5,C5:C104)
A6: Ben T. | B6: Tulsa | C6: 85 | D6: =IF(C6="","",IF(Cutoffs!$B$4<>"OK","Check cutoffs",IF(OR(NOT(ISNUMBER(C6)),C6<0),"Check spend",_xlfn.IFS(C6>=Cutoffs!$B$3,"Gold",C6>=Cutoffs!$B$2,"Silver",TRUE,"Bronze")))) | E6: =IF(OR(D6="Silver",D6="Bronze"),ROUND(IF(D6="Silver",Cutoffs!$B$3,Cutoffs!$B$2)-C6,2),"") | F6: =IF(C6="","",IF(Cutoffs!$B$4<>"OK","Check cutoffs",IF(OR(NOT(ISNUMBER(C6)),C6<0),"Check spend",IF(C6>=Cutoffs!$B$3,"Gold",IF(C6>=Cutoffs!$B$2,"Silver","Bronze"))))) | H6: Silver | I6: =COUNTIF(D5:D104,H6) | J6: =SUMIF(D5:D104,H6,C5:C104)
A7: Cora L. | B7: Austin | C7: 500 | D7: =IF(C7="","",IF(Cutoffs!$B$4<>"OK","Check cutoffs",IF(OR(NOT(ISNUMBER(C7)),C7<0),"Check spend",_xlfn.IFS(C7>=Cutoffs!$B$3,"Gold",C7>=Cutoffs!$B$2,"Silver",TRUE,"Bronze")))) | E7: =IF(OR(D7="Silver",D7="Bronze"),ROUND(IF(D7="Silver",Cutoffs!$B$3,Cutoffs!$B$2)-C7,2),"") | F7: =IF(C7="","",IF(Cutoffs!$B$4<>"OK","Check cutoffs",IF(OR(NOT(ISNUMBER(C7)),C7<0),"Check spend",IF(C7>=Cutoffs!$B$3,"Gold",IF(C7>=Cutoffs!$B$2,"Silver","Bronze"))))) | H7: Bronze | I7: =COUNTIF(D5:D104,H7) | J7: =SUMIF(D5:D104,H7,C5:C104)
A8: Dev K. | B8: Boise | C8: 499.99 | D8: =IF(C8="","",IF(Cutoffs!$B$4<>"OK","Check cutoffs",IF(OR(NOT(ISNUMBER(C8)),C8<0),"Check spend",_xlfn.IFS(C8>=Cutoffs!$B$3,"Gold",C8>=Cutoffs!$B$2,"Silver",TRUE,"Bronze")))) | E8: =IF(OR(D8="Silver",D8="Bronze"),ROUND(IF(D8="Silver",Cutoffs!$B$3,Cutoffs!$B$2)-C8,2),"") | F8: =IF(C8="","",IF(Cutoffs!$B$4<>"OK","Check cutoffs",IF(OR(NOT(ISNUMBER(C8)),C8<0),"Check spend",IF(C8>=Cutoffs!$B$3,"Gold",IF(C8>=Cutoffs!$B$2,"Silver","Bronze"))))) | H8: Rows that need a look (Check ...) | I8: =COUNTIF(D5:D104,"Check*")
A9: Elena M. | B9: Reno | C9: 1000 | D9: =IF(C9="","",IF(Cutoffs!$B$4<>"OK","Check cutoffs",IF(OR(NOT(ISNUMBER(C9)),C9<0),"Check spend",_xlfn.IFS(C9>=Cutoffs!$B$3,"Gold",C9>=Cutoffs!$B$2,"Silver",TRUE,"Bronze")))) | E9: =IF(OR(D9="Silver",D9="Bronze"),ROUND(IF(D9="Silver",Cutoffs!$B$3,Cutoffs!$B$2)-C9,2),"") | F9: =IF(C9="","",IF(Cutoffs!$B$4<>"OK","Check cutoffs",IF(OR(NOT(ISNUMBER(C9)),C9<0),"Check spend",IF(C9>=Cutoffs!$B$3,"Gold",IF(C9>=Cutoffs!$B$2,"Silver","Bronze"))))) | H9: Customers with a spend entered | I9: =COUNTA(C5:C104)
A10: Felix O. | B10: Omaha | C10: 310.25 | D10: =IF(C10="","",IF(Cutoffs!$B$4<>"OK","Check cutoffs",IF(OR(NOT(ISNUMBER(C10)),C10<0),"Check spend",_xlfn.IFS(C10>=Cutoffs!$B$3,"Gold",C10>=Cutoffs!$B$2,"Silver",TRUE,"Bronze")))) | E10: =IF(OR(D10="Silver",D10="Bronze"),ROUND(IF(D10="Silver",Cutoffs!$B$3,Cutoffs!$B$2)-C10,2),"") | F10: =IF(C10="","",IF(Cutoffs!$B$4<>"OK","Check cutoffs",IF(OR(NOT(ISNUMBER(C10)),C10<0),"Check spend",IF(C10>=Cutoffs!$B$3,"Gold",IF(C10>=Cutoffs!$B$2,"Silver","Bronze"))))) | H10: Check: counts add up, IFS agrees with nested IF | I10: =IF(AND(Cutoffs!B4="OK",I5+I6+I7+I8=I9,SUMPRODUCT(--(D5:D104<>F5:F104))=0,COUNTA(C105:C500)=0),"OK","CHECK")
A11: Grace H. | B11: Mesa | C11: 2210 | D11: =IF(C11="","",IF(Cutoffs!$B$4<>"OK","Check cutoffs",IF(OR(NOT(ISNUMBER(C11)),C11<0),"Check spend",_xlfn.IFS(C11>=Cutoffs!$B$3,"Gold",C11>=Cutoffs!$B$2,"Silver",TRUE,"Bronze")))) | E11: =IF(OR(D11="Silver",D11="Bronze"),ROUND(IF(D11="Silver",Cutoffs!$B$3,Cutoffs!$B$2)-C11,2),"") | F11: =IF(C11="","",IF(Cutoffs!$B$4<>"OK","Check cutoffs",IF(OR(NOT(ISNUMBER(C11)),C11<0),"Check spend",IF(C11>=Cutoffs!$B$3,"Gold",IF(C11>=Cutoffs!$B$2,"Silver","Bronze")))))
A12: Hugo P. | B12: Provo | C12: 0 | D12: =IF(C12="","",IF(Cutoffs!$B$4<>"OK","Check cutoffs",IF(OR(NOT(ISNUMBER(C12)),C12<0),"Check spend",_xlfn.IFS(C12>=Cutoffs!$B$3,"Gold",C12>=Cutoffs!$B$2,"Silver",TRUE,"Bronze")))) | E12: =IF(OR(D12="Silver",D12="Bronze"),ROUND(IF(D12="Silver",Cutoffs!$B$3,Cutoffs!$B$2)-C12,2),"") | F12: =IF(C12="","",IF(Cutoffs!$B$4<>"OK","Check cutoffs",IF(OR(NOT(ISNUMBER(C12)),C12<0),"Check spend",IF(C12>=Cutoffs!$B$3,"Gold",IF(C12>=Cutoffs!$B$2,"Silver","Bronze")))))
A13: Iris W. | B13: Salem | C13: 640.75 | D13: =IF(C13="","",IF(Cutoffs!$B$4<>"OK","Check cutoffs",IF(OR(NOT(ISNUMBER(C13)),C13<0),"Check spend",_xlfn.IFS(C13>=Cutoffs!$B$3,"Gold",C13>=Cutoffs!$B$2,"Silver",TRUE,"Bronze")))) | E13: =IF(OR(D13="Silver",D13="Bronze"),ROUND(IF(D13="Silver",Cutoffs!$B$3,Cutoffs!$B$2)-C13,2),"") | F13: =IF(C13="","",IF(Cutoffs!$B$4<>"OK","Check cutoffs",IF(OR(NOT(ISNUMBER(C13)),C13<0),"Check spend",IF(C13>=Cutoffs!$B$3,"Gold",IF(C13>=Cutoffs!$B$2,"Silver","Bronze")))))
A14: Jonah B. | B14: Fargo | C14: 975.4 | D14: =IF(C14="","",IF(Cutoffs!$B$4<>"OK","Check cutoffs",IF(OR(NOT(ISNUMBER(C14)),C14<0),"Check spend",_xlfn.IFS(C14>=Cutoffs!$B$3,"Gold",C14>=Cutoffs!$B$2,"Silver",TRUE,"Bronze")))) | E14: =IF(OR(D14="Silver",D14="Bronze"),ROUND(IF(D14="Silver",Cutoffs!$B$3,Cutoffs!$B$2)-C14,2),"") | F14: =IF(C14="","",IF(Cutoffs!$B$4<>"OK","Check cutoffs",IF(OR(NOT(ISNUMBER(C14)),C14<0),"Check spend",IF(C14>=Cutoffs!$B$3,"Gold",IF(C14>=Cutoffs!$B$2,"Silver","Bronze")))))
A15: Kira S. | B15: Macon | C15: 45.5 | D15: =IF(C15="","",IF(Cutoffs!$B$4<>"OK","Check cutoffs",IF(OR(NOT(ISNUMBER(C15)),C15<0),"Check spend",_xlfn.IFS(C15>=Cutoffs!$B$3,"Gold",C15>=Cutoffs!$B$2,"Silver",TRUE,"Bronze")))) | E15: =IF(OR(D15="Silver",D15="Bronze"),ROUND(IF(D15="Silver",Cutoffs!$B$3,Cutoffs!$B$2)-C15,2),"") | F15: =IF(C15="","",IF(Cutoffs!$B$4<>"OK","Check cutoffs",IF(OR(NOT(ISNUMBER(C15)),C15<0),"Check spend",IF(C15>=Cutoffs!$B$3,"Gold",IF(C15>=Cutoffs!$B$2,"Silver","Bronze")))))
A16: Leo N. | B16: Dayton | C16: 1500 | D16: =IF(C16="","",IF(Cutoffs!$B$4<>"OK","Check cutoffs",IF(OR(NOT(ISNUMBER(C16)),C16<0),"Check spend",_xlfn.IFS(C16>=Cutoffs!$B$3,"Gold",C16>=Cutoffs!$B$2,"Silver",TRUE,"Bronze")))) | E16: =IF(OR(D16="Silver",D16="Bronze"),ROUND(IF(D16="Silver",Cutoffs!$B$3,Cutoffs!$B$2)-C16,2),"") | F16: =IF(C16="","",IF(Cutoffs!$B$4<>"OK","Check cutoffs",IF(OR(NOT(ISNUMBER(C16)),C16<0),"Check spend",IF(C16>=Cutoffs!$B$3,"Gold",IF(C16>=Cutoffs!$B$2,"Silver","Bronze")))))
A17: Maya C. | B17: Eugene | C17: 720 | D17: =IF(C17="","",IF(Cutoffs!$B$4<>"OK","Check cutoffs",IF(OR(NOT(ISNUMBER(C17)),C17<0),"Check spend",_xlfn.IFS(C17>=Cutoffs!$B$3,"Gold",C17>=Cutoffs!$B$2,"Silver",TRUE,"Bronze")))) | E17: =IF(OR(D17="Silver",D17="Bronze"),ROUND(IF(D17="Silver",Cutoffs!$B$3,Cutoffs!$B$2)-C17,2),"") | F17: =IF(C17="","",IF(Cutoffs!$B$4<>"OK","Check cutoffs",IF(OR(NOT(ISNUMBER(C17)),C17<0),"Check spend",IF(C17>=Cutoffs!$B$3,"Gold",IF(C17>=Cutoffs!$B$2,"Silver","Bronze")))))
A18: Nate D. | B18: Tampa | C18: 150 | D18: =IF(C18="","",IF(Cutoffs!$B$4<>"OK","Check cutoffs",IF(OR(NOT(ISNUMBER(C18)),C18<0),"Check spend",_xlfn.IFS(C18>=Cutoffs!$B$3,"Gold",C18>=Cutoffs!$B$2,"Silver",TRUE,"Bronze")))) | E18: =IF(OR(D18="Silver",D18="Bronze"),ROUND(IF(D18="Silver",Cutoffs!$B$3,Cutoffs!$B$2)-C18,2),"") | F18: =IF(C18="","",IF(Cutoffs!$B$4<>"OK","Check cutoffs",IF(OR(NOT(ISNUMBER(C18)),C18<0),"Check spend",IF(C18>=Cutoffs!$B$3,"Gold",IF(C18>=Cutoffs!$B$2,"Silver","Bronze")))))
A19: Opal F. | B19: Ogden | C19: 999.99 | D19: =IF(C19="","",IF(Cutoffs!$B$4<>"OK","Check cutoffs",IF(OR(NOT(ISNUMBER(C19)),C19<0),"Check spend",_xlfn.IFS(C19>=Cutoffs!$B$3,"Gold",C19>=Cutoffs!$B$2,"Silver",TRUE,"Bronze")))) | E19: =IF(OR(D19="Silver",D19="Bronze"),ROUND(IF(D19="Silver",Cutoffs!$B$3,Cutoffs!$B$2)-C19,2),"") | F19: =IF(C19="","",IF(Cutoffs!$B$4<>"OK","Check cutoffs",IF(OR(NOT(ISNUMBER(C19)),C19<0),"Check spend",IF(C19>=Cutoffs!$B$3,"Gold",IF(C19>=Cutoffs!$B$2,"Silver","Bronze")))))
A20: Priya G. | B20: Akron | C20: 410 | D20: =IF(C20="","",IF(Cutoffs!$B$4<>"OK","Check cutoffs",IF(OR(NOT(ISNUMBER(C20)),C20<0),"Check spend",_xlfn.IFS(C20>=Cutoffs!$B$3,"Gold",C20>=Cutoffs!$B$2,"Silver",TRUE,"Bronze")))) | E20: =IF(OR(D20="Silver",D20="Bronze"),ROUND(IF(D20="Silver",Cutoffs!$B$3,Cutoffs!$B$2)-C20,2),"") | F20: =IF(C20="","",IF(Cutoffs!$B$4<>"OK","Check cutoffs",IF(OR(NOT(ISNUMBER(C20)),C20<0),"Check spend",IF(C20>=Cutoffs!$B$3,"Gold",IF(C20>=Cutoffs!$B$2,"Silver","Bronze")))))
A21: Quinn J. | B21: Boise | C21: 1875.25 | D21: =IF(C21="","",IF(Cutoffs!$B$4<>"OK","Check cutoffs",IF(OR(NOT(ISNUMBER(C21)),C21<0),"Check spend",_xlfn.IFS(C21>=Cutoffs!$B$3,"Gold",C21>=Cutoffs!$B$2,"Silver",TRUE,"Bronze")))) | E21: =IF(OR(D21="Silver",D21="Bronze"),ROUND(IF(D21="Silver",Cutoffs!$B$3,Cutoffs!$B$2)-C21,2),"") | F21: =IF(C21="","",IF(Cutoffs!$B$4<>"OK","Check cutoffs",IF(OR(NOT(ISNUMBER(C21)),C21<0),"Check spend",IF(C21>=Cutoffs!$B$3,"Gold",IF(C21>=Cutoffs!$B$2,"Silver","Bronze")))))
A22: Rosa V. | B22: Laredo | C22: 260 | D22: =IF(C22="","",IF(Cutoffs!$B$4<>"OK","Check cutoffs",IF(OR(NOT(ISNUMBER(C22)),C22<0),"Check spend",_xlfn.IFS(C22>=Cutoffs!$B$3,"Gold",C22>=Cutoffs!$B$2,"Silver",TRUE,"Bronze")))) | E22: =IF(OR(D22="Silver",D22="Bronze"),ROUND(IF(D22="Silver",Cutoffs!$B$3,Cutoffs!$B$2)-C22,2),"") | F22: =IF(C22="","",IF(Cutoffs!$B$4<>"OK","Check cutoffs",IF(OR(NOT(ISNUMBER(C22)),C22<0),"Check spend",IF(C22>=Cutoffs!$B$3,"Gold",IF(C22>=Cutoffs!$B$2,"Silver","Bronze")))))
... A29: Yara Q. | B29: Biloxi | C29: 75.25 | D29: =IF(C29="","",IF(Cutoffs!$B$4<>"OK","Check cutoffs",IF(OR(NOT(ISNUMBER(C29)),C29<0),"Check spend",_xlfn.IFS(C29>=Cutoffs!$B$3,"Gold",C29>=Cutoffs!$B$2,"Silver",TRUE,"Bronze")))) | E29: =IF(OR(D29="Silver",D29="Bronze"),ROUND(IF(D29="Silver",Cutoffs!$B$3,Cutoffs!$B$2)-C29,2),"") | F29: =IF(C29="","",IF(Cutoffs!$B$4<>"OK","Check cutoffs",IF(OR(NOT(ISNUMBER(C29)),C29<0),"Check spend",IF(C29>=Cutoffs!$B$3,"Gold",IF(C29>=Cutoffs!$B$2,"Silver","Bronze")))))
D30: =IF(C30="","",IF(Cutoffs!$B$4<>"OK","Check cutoffs",IF(OR(NOT(ISNUMBER(C30)),C30<0),"Check spend",_xlfn.IFS(C30>=Cutoffs!$B$3,"Gold",C30>=Cutoffs!$B$2,"Silver",TRUE,"Bronze")))) | E30: =IF(OR(D30="Silver",D30="Bronze"),ROUND(IF(D30="Silver",Cutoffs!$B$3,Cutoffs!$B$2)-C30,2),"") | F30: =IF(C30="","",IF(Cutoffs!$B$4<>"OK","Check cutoffs",IF(OR(NOT(ISNUMBER(C30)),C30<0),"Check spend",IF(C30>=Cutoffs!$B$3,"Gold",IF(C30>=Cutoffs!$B$2,"Silver","Bronze")))))
D31: =IF(C31="","",IF(Cutoffs!$B$4<>"OK","Check cutoffs",IF(OR(NOT(ISNUMBER(C31)),C31<0),"Check spend",_xlfn.IFS(C31>=Cutoffs!$B$3,"Gold",C31>=Cutoffs!$B$2,"Silver",TRUE,"Bronze")))) | E31: =IF(OR(D31="Silver",D31="Bronze"),ROUND(IF(D31="Silver",Cutoffs!$B$3,Cutoffs!$B$2)-C31,2),"") | F31: =IF(C31="","",IF(Cutoffs!$B$4<>"OK","Check cutoffs",IF(OR(NOT(ISNUMBER(C31)),C31<0),"Check spend",IF(C31>=Cutoffs!$B$3,"Gold",IF(C31>=Cutoffs!$B$2,"Silver","Bronze")))))
D32: =IF(C32="","",IF(Cutoffs!$B$4<>"OK","Check cutoffs",IF(OR(NOT(ISNUMBER(C32)),C32<0),"Check spend",_xlfn.IFS(C32>=Cutoffs!$B$3,"Gold",C32>=Cutoffs!$B$2,"Silver",TRUE,"Bronze")))) | E32: =IF(OR(D32="Silver",D32="Bronze"),ROUND(IF(D32="Silver",Cutoffs!$B$3,Cutoffs!$B$2)-C32,2),"") | F32: =IF(C32="","",IF(Cutoffs!$B$4<>"OK","Check cutoffs",IF(OR(NOT(ISNUMBER(C32)),C32<0),"Check spend",IF(C32>=Cutoffs!$B$3,"Gold",IF(C32>=Cutoffs!$B$2,"Silver","Bronze")))))
D33: =IF(C33="","",IF(Cutoffs!$B$4<>"OK","Check cutoffs",IF(OR(NOT(ISNUMBER(C33)),C33<0),"Check spend",_xlfn.IFS(C33>=Cutoffs!$B$3,"Gold",C33>=Cutoffs!$B$2,"Silver",TRUE,"Bronze")))) | E33: =IF(OR(D33="Silver",D33="Bronze"),ROUND(IF(D33="Silver",Cutoffs!$B$3,Cutoffs!$B$2)-C33,2),"") | F33: =IF(C33="","",IF(Cutoffs!$B$4<>"OK","Check cutoffs",IF(OR(NOT(ISNUMBER(C33)),C33<0),"Check spend",IF(C33>=Cutoffs!$B$3,"Gold",IF(C33>=Cutoffs!$B$2,"Silver","Bronze")))))
D34: =IF(C34="","",IF(Cutoffs!$B$4<>"OK","Check cutoffs",IF(OR(NOT(ISNUMBER(C34)),C34<0),"Check spend",_xlfn.IFS(C34>=Cutoffs!$B$3,"Gold",C34>=Cutoffs!$B$2,"Silver",TRUE,"Bronze")))) | E34: =IF(OR(D34="Silver",D34="Bronze"),ROUND(IF(D34="Silver",Cutoffs!$B$3,Cutoffs!$B$2)-C34,2),"") | F34: =IF(C34="","",IF(Cutoffs!$B$4<>"OK","Check cutoffs",IF(OR(NOT(ISNUMBER(C34)),C34<0),"Check spend",IF(C34>=Cutoffs!$B$3,"Gold",IF(C34>=Cutoffs!$B$2,"Silver","Bronze")))))
D35: =IF(C35="","",IF(Cutoffs!$B$4<>"OK","Check cutoffs",IF(OR(NOT(ISNUMBER(C35)),C35<0),"Check spend",_xlfn.IFS(C35>=Cutoffs!$B$3,"Gold",C35>=Cutoffs!$B$2,"Silver",TRUE,"Bronze")))) | E35: =IF(OR(D35="Silver",D35="Bronze"),ROUND(IF(D35="Silver",Cutoffs!$B$3,Cutoffs!$B$2)-C35,2),"") | F35: =IF(C35="","",IF(Cutoffs!$B$4<>"OK","Check cutoffs",IF(OR(NOT(ISNUMBER(C35)),C35<0),"Check spend",IF(C35>=Cutoffs!$B$3,"Gold",IF(C35>=Cutoffs!$B$2,"Silver","Bronze")))))
D36: =IF(C36="","",IF(Cutoffs!$B$4<>"OK","Check cutoffs",IF(OR(NOT(ISNUMBER(C36)),C36<0),"Check spend",_xlfn.IFS(C36>=Cutoffs!$B$3,"Gold",C36>=Cutoffs!$B$2,"Silver",TRUE,"Bronze")))) | E36: =IF(OR(D36="Silver",D36="Bronze"),ROUND(IF(D36="Silver",Cutoffs!$B$3,Cutoffs!$B$2)-C36,2),"") | F36: =IF(C36="","",IF(Cutoffs!$B$4<>"OK","Check cutoffs",IF(OR(NOT(ISNUMBER(C36)),C36<0),"Check spend",IF(C36>=Cutoffs!$B$3,"Gold",IF(C36>=Cutoffs!$B$2,"Silver","Bronze")))))
D37: =IF(C37="","",IF(Cutoffs!$B$4<>"OK","Check cutoffs",IF(OR(NOT(ISNUMBER(C37)),C37<0),"Check spend",_xlfn.IFS(C37>=Cutoffs!$B$3,"Gold",C37>=Cutoffs!$B$2,"Silver",TRUE,"Bronze")))) | E37: =IF(OR(D37="Silver",D37="Bronze"),ROUND(IF(D37="Silver",Cutoffs!$B$3,Cutoffs!$B$2)-C37,2),"") | F37: =IF(C37="","",IF(Cutoffs!$B$4<>"OK","Check cutoffs",IF(OR(NOT(ISNUMBER(C37)),C37<0),"Check spend",IF(C37>=Cutoffs!$B$3,"Gold",IF(C37>=Cutoffs!$B$2,"Silver","Bronze")))))
D38: =IF(C38="","",IF(Cutoffs!$B$4<>"OK","Check cutoffs",IF(OR(NOT(ISNUMBER(C38)),C38<0),"Check spend",_xlfn.IFS(C38>=Cutoffs!$B$3,"Gold",C38>=Cutoffs!$B$2,"Silver",TRUE,"Bronze")))) | E38: =IF(OR(D38="Silver",D38="Bronze"),ROUND(IF(D38="Silver",Cutoffs!$B$3,Cutoffs!$B$2)-C38,2),"") | F38: =IF(C38="","",IF(Cutoffs!$B$4<>"OK","Check cutoffs",IF(OR(NOT(ISNUMBER(C38)),C38<0),"Check spend",IF(C38>=Cutoffs!$B$3,"Gold",IF(C38>=Cutoffs!$B$2,"Silver","Bronze")))))
D39: =IF(C39="","",IF(Cutoffs!$B$4<>"OK","Check cutoffs",IF(OR(NOT(ISNUMBER(C39)),C39<0),"Check spend",_xlfn.IFS(C39>=Cutoffs!$B$3,"Gold",C39>=Cutoffs!$B$2,"Silver",TRUE,"Bronze")))) | E39: =IF(OR(D39="Silver",D39="Bronze"),ROUND(IF(D39="Silver",Cutoffs!$B$3,Cutoffs!$B$2)-C39,2),"") | F39: =IF(C39="","",IF(Cutoffs!$B$4<>"OK","Check cutoffs",IF(OR(NOT(ISNUMBER(C39)),C39<0),"Check spend",IF(C39>=Cutoffs!$B$3,"Gold",IF(C39>=Cutoffs!$B$2,"Silver","Bronze")))))
D40: =IF(C40="","",IF(Cutoffs!$B$4<>"OK","Check cutoffs",IF(OR(NOT(ISNUMBER(C40)),C40<0),"Check spend",_xlfn.IFS(C40>=Cutoffs!$B$3,"Gold",C40>=Cutoffs!$B$2,"Silver",TRUE,"Bronze")))) | E40: =IF(OR(D40="Silver",D40="Bronze"),ROUND(IF(D40="Silver",Cutoffs!$B$3,Cutoffs!$B$2)-C40,2),"") | F40: =IF(C40="","",IF(Cutoffs!$B$4<>"OK","Check cutoffs",IF(OR(NOT(ISNUMBER(C40)),C40<0),"Check spend",IF(C40>=Cutoffs!$B$3,"Gold",IF(C40>=Cutoffs!$B$2,"Silver","Bronze")))))
D41: =IF(C41="","",IF(Cutoffs!$B$4<>"OK","Check cutoffs",IF(OR(NOT(ISNUMBER(C41)),C41<0),"Check spend",_xlfn.IFS(C41>=Cutoffs!$B$3,"Gold",C41>=Cutoffs!$B$2,"Silver",TRUE,"Bronze")))) | E41: =IF(OR(D41="Silver",D41="Bronze"),ROUND(IF(D41="Silver",Cutoffs!$B$3,Cutoffs!$B$2)-C41,2),"") | F41: =IF(C41="","",IF(Cutoffs!$B$4<>"OK","Check cutoffs",IF(OR(NOT(ISNUMBER(C41)),C41<0),"Check spend",IF(C41>=Cutoffs!$B$3,"Gold",IF(C41>=Cutoffs!$B$2,"Silver","Bronze")))))
... D104: =IF(C104="","",IF(Cutoffs!$B$4<>"OK","Check cutoffs",IF(OR(NOT(ISNUMBER(C104)),C104<0),"Check spend",_xlfn.IFS(C104>=Cutoffs!$B$3,"Gold",C104>=Cutoffs!$B$2,"Silver",TRUE,"Bronze")))) | E104: =IF(OR(D104="Silver",D104="Bronze"),ROUND(IF(D104="Silver",Cutoffs!$B$3,Cutoffs!$B$2)-C104,2),"") | F104: =IF(C104="","",IF(Cutoffs!$B$4<>"OK","Check cutoffs",IF(OR(NOT(ISNUMBER(C104)),C104<0),"Check spend",IF(C104>=Cutoffs!$B$3,"Gold",IF(C104>=Cutoffs!$B$2,"Silver","Bronze")))))

Sheet Cutoffs
A1: Label | B1: Lifetime spend from
A2: Silver | B2: 500
A3: Gold | B3: 1000
A4: Cutoff check | B4: =IF(AND(ISNUMBER(B2),ISNUMBER(B3)),IF(AND(B2>0,B2<B3),"OK","Silver must be above 0 and below Gold"),"Type a number in each yellow cell")
A6: Bronze is anyone below the Silver cutoff. Exactly on a cutoff gets the higher label.

Sheet How to use
A1: Tidy Tabs: Label Customers Bronze, Silver or Gold by Spend
A3: 1. Cutoffs tab: type the Silver cutoff in B2 and the Gold cutoff in B3 (yellow). The sample is Silver from $500.00 and Gold from $1,000.00. B4 shows OK when both are numbers and Silver is above 0 and below Gold.
A4: 2. Customers tab: type the customer, city and lifetime spend in A5:C104 (yellow, 100 rows; the sample is 25 fictional customers).
A5: 3. Label, D5: =IFS(C5>=Cutoffs!$B$3,"Gold",C5>=Cutoffs!$B$2,"Silver",TRUE,"Bronze"). IFS goes down the pairs and uses the first one that is true, so the biggest cutoff goes first. The last pair, TRUE, is a catch-all: without it, a spend below Silver gives #N/A because no test is true. The cell also shows Check cutoffs or Check spend (text or a negative number) instead of a wrong label.
A6: 4. Exactly on a cutoff gets the higher label: $500.00 is Silver, $1,000.00 is Gold, $499.99 stays Bronze.
A7: 5. To next label, E5: =IF(OR(D5="Silver",D5="Bronze"),ROUND(IF(D5="Silver",Cutoffs!$B$3,Cutoffs!$B$2)-C5,2),""). It shows how many more dollars reach the next label; Gold shows nothing.
A8: 6. Label, nested IF, F5: =IF(C5>=Cutoffs!$B$3,"Gold",IF(C5>=Cutoffs!$B$2,"Silver","Bronze")) (with the same checks). Same answer without IFS, for a version of Excel that does not have IFS. The summary check compares the two columns.
A9: 7. Summary, H4:J10: customers and spend per label with =COUNTIF and =SUMIF, the rows that need a look, and the customers with a spend entered. I10 shows OK when the label counts add up to the customers, the IFS and nested IF labels agree, the cutoffs are valid and nothing is typed below row 104.
A10: 8. These are labels only. They do not say what a customer should get or be owed.
A12: Customers and amounts are fictional. Checked in LibreOffice Calc only; not opened in Excel or Google Sheets.
A13: Google Sheets: File > Import > Upload this .xlsx.
