Workbook

Sheet Products
A1: Fictional shop. As-of date, look-back days and the warning level are on the Settings tab. Days left is rounded down.
A4: SKU | B4: Product | C4: On hand | D4: Sold in window | E4: Average per day | F4: Days left | G4: Runs out about | H4: Status
A5: TEE-S | B5: Logo tee, small | C5: 16 | D5: =IF(A5="","",IF(Settings!$B$4<>"OK","",SUMIFS(Sales!$C$5:$C$204,Sales!$B$5:$B$204,A5,Sales!$A$5:$A$204,">"&Settings!$B$1-Settings!$B$2,Sales!$A$5:$A$204,"<="&Settings!$B$1))) | E5: =IF(A5="","",IF(ISNUMBER(D5),ROUND(D5/Settings!$B$2,2),"")) | F5: =IF(A5="","",IF(OR(NOT(ISNUMBER(C5)),C5<0),"Check on hand",IF(NOT(ISNUMBER(E5)),"",IF(E5=0,"No recent sales",INT(C5/E5))))) | G5: =IF(ISNUMBER(F5),Settings!$B$1+F5,"") | H5: =IF(A5="","",IF(Settings!$B$4<>"OK","Check settings",IF(F5="Check on hand","Check on hand",IF(C5=0,"Out of stock",IF(F5="No recent sales","No recent sales",IF(F5<Settings!$B$3,"Order soon","OK")))))) | J5: Products counted | K5: =COUNTA(A5:A44)
A6: TEE-M | B6: Logo tee, medium | C6: 30 | D6: =IF(A6="","",IF(Settings!$B$4<>"OK","",SUMIFS(Sales!$C$5:$C$204,Sales!$B$5:$B$204,A6,Sales!$A$5:$A$204,">"&Settings!$B$1-Settings!$B$2,Sales!$A$5:$A$204,"<="&Settings!$B$1))) | E6: =IF(A6="","",IF(ISNUMBER(D6),ROUND(D6/Settings!$B$2,2),"")) | F6: =IF(A6="","",IF(OR(NOT(ISNUMBER(C6)),C6<0),"Check on hand",IF(NOT(ISNUMBER(E6)),"",IF(E6=0,"No recent sales",INT(C6/E6))))) | G6: =IF(ISNUMBER(F6),Settings!$B$1+F6,"") | H6: =IF(A6="","",IF(Settings!$B$4<>"OK","Check settings",IF(F6="Check on hand","Check on hand",IF(C6=0,"Out of stock",IF(F6="No recent sales","No recent sales",IF(F6<Settings!$B$3,"Order soon","OK")))))) | J6: Order soon | K6: =COUNTIF(H5:H44,"Order soon")
A7: TEE-L | B7: Logo tee, large | C7: 0 | D7: =IF(A7="","",IF(Settings!$B$4<>"OK","",SUMIFS(Sales!$C$5:$C$204,Sales!$B$5:$B$204,A7,Sales!$A$5:$A$204,">"&Settings!$B$1-Settings!$B$2,Sales!$A$5:$A$204,"<="&Settings!$B$1))) | E7: =IF(A7="","",IF(ISNUMBER(D7),ROUND(D7/Settings!$B$2,2),"")) | F7: =IF(A7="","",IF(OR(NOT(ISNUMBER(C7)),C7<0),"Check on hand",IF(NOT(ISNUMBER(E7)),"",IF(E7=0,"No recent sales",INT(C7/E7))))) | G7: =IF(ISNUMBER(F7),Settings!$B$1+F7,"") | H7: =IF(A7="","",IF(Settings!$B$4<>"OK","Check settings",IF(F7="Check on hand","Check on hand",IF(C7=0,"Out of stock",IF(F7="No recent sales","No recent sales",IF(F7<Settings!$B$3,"Order soon","OK")))))) | J7: Out of stock | K7: =COUNTIF(H5:H44,"Out of stock")
A8: MUG-01 | B8: Enamel mug | C8: 24 | D8: =IF(A8="","",IF(Settings!$B$4<>"OK","",SUMIFS(Sales!$C$5:$C$204,Sales!$B$5:$B$204,A8,Sales!$A$5:$A$204,">"&Settings!$B$1-Settings!$B$2,Sales!$A$5:$A$204,"<="&Settings!$B$1))) | E8: =IF(A8="","",IF(ISNUMBER(D8),ROUND(D8/Settings!$B$2,2),"")) | F8: =IF(A8="","",IF(OR(NOT(ISNUMBER(C8)),C8<0),"Check on hand",IF(NOT(ISNUMBER(E8)),"",IF(E8=0,"No recent sales",INT(C8/E8))))) | G8: =IF(ISNUMBER(F8),Settings!$B$1+F8,"") | H8: =IF(A8="","",IF(Settings!$B$4<>"OK","Check settings",IF(F8="Check on hand","Check on hand",IF(C8=0,"Out of stock",IF(F8="No recent sales","No recent sales",IF(F8<Settings!$B$3,"Order soon","OK")))))) | J8: No recent sales | K8: =COUNTIF(H5:H44,"No recent sales")
A9: STK-10 | B9: Sticker pack | C9: 240 | D9: =IF(A9="","",IF(Settings!$B$4<>"OK","",SUMIFS(Sales!$C$5:$C$204,Sales!$B$5:$B$204,A9,Sales!$A$5:$A$204,">"&Settings!$B$1-Settings!$B$2,Sales!$A$5:$A$204,"<="&Settings!$B$1))) | E9: =IF(A9="","",IF(ISNUMBER(D9),ROUND(D9/Settings!$B$2,2),"")) | F9: =IF(A9="","",IF(OR(NOT(ISNUMBER(C9)),C9<0),"Check on hand",IF(NOT(ISNUMBER(E9)),"",IF(E9=0,"No recent sales",INT(C9/E9))))) | G9: =IF(ISNUMBER(F9),Settings!$B$1+F9,"") | H9: =IF(A9="","",IF(Settings!$B$4<>"OK","Check settings",IF(F9="Check on hand","Check on hand",IF(C9=0,"Out of stock",IF(F9="No recent sales","No recent sales",IF(F9<Settings!$B$3,"Order soon","OK")))))) | J9: Fewest days left | K9: =IF(COUNT(F5:F44)=0,"n/a",MIN(F5:F44))
A10: TOT-02 | B10: Canvas tote bag | C10: 9 | D10: =IF(A10="","",IF(Settings!$B$4<>"OK","",SUMIFS(Sales!$C$5:$C$204,Sales!$B$5:$B$204,A10,Sales!$A$5:$A$204,">"&Settings!$B$1-Settings!$B$2,Sales!$A$5:$A$204,"<="&Settings!$B$1))) | E10: =IF(A10="","",IF(ISNUMBER(D10),ROUND(D10/Settings!$B$2,2),"")) | F10: =IF(A10="","",IF(OR(NOT(ISNUMBER(C10)),C10<0),"Check on hand",IF(NOT(ISNUMBER(E10)),"",IF(E10=0,"No recent sales",INT(C10/E10))))) | G10: =IF(ISNUMBER(F10),Settings!$B$1+F10,"") | H10: =IF(A10="","",IF(Settings!$B$4<>"OK","Check settings",IF(F10="Check on hand","Check on hand",IF(C10=0,"Out of stock",IF(F10="No recent sales","No recent sales",IF(F10<Settings!$B$3,"Order soon","OK")))))) | J10: Product with the fewest days left | K10: =IF(COUNT(F5:F44)=0,"n/a",INDEX(B5:B44,MATCH(MIN(F5:F44),F5:F44,0)))
A11: CAP-01 | B11: Embroidered cap | C11: 60 | D11: =IF(A11="","",IF(Settings!$B$4<>"OK","",SUMIFS(Sales!$C$5:$C$204,Sales!$B$5:$B$204,A11,Sales!$A$5:$A$204,">"&Settings!$B$1-Settings!$B$2,Sales!$A$5:$A$204,"<="&Settings!$B$1))) | E11: =IF(A11="","",IF(ISNUMBER(D11),ROUND(D11/Settings!$B$2,2),"")) | F11: =IF(A11="","",IF(OR(NOT(ISNUMBER(C11)),C11<0),"Check on hand",IF(NOT(ISNUMBER(E11)),"",IF(E11=0,"No recent sales",INT(C11/E11))))) | G11: =IF(ISNUMBER(F11),Settings!$B$1+F11,"") | H11: =IF(A11="","",IF(Settings!$B$4<>"OK","Check settings",IF(F11="Check on hand","Check on hand",IF(C11=0,"Out of stock",IF(F11="No recent sales","No recent sales",IF(F11<Settings!$B$3,"Order soon","OK")))))) | J11: Units sold in the window, all of the Sales tab | K11: =IF(Settings!$B$4<>"OK","",SUMIFS(Sales!$C$5:$C$204,Sales!$A$5:$A$204,">"&Settings!$B$1-Settings!$B$2,Sales!$A$5:$A$204,"<="&Settings!$B$1))
A12: PIN-05 | B12: Enamel pin | C12: 42 | D12: =IF(A12="","",IF(Settings!$B$4<>"OK","",SUMIFS(Sales!$C$5:$C$204,Sales!$B$5:$B$204,A12,Sales!$A$5:$A$204,">"&Settings!$B$1-Settings!$B$2,Sales!$A$5:$A$204,"<="&Settings!$B$1))) | E12: =IF(A12="","",IF(ISNUMBER(D12),ROUND(D12/Settings!$B$2,2),"")) | F12: =IF(A12="","",IF(OR(NOT(ISNUMBER(C12)),C12<0),"Check on hand",IF(NOT(ISNUMBER(E12)),"",IF(E12=0,"No recent sales",INT(C12/E12))))) | G12: =IF(ISNUMBER(F12),Settings!$B$1+F12,"") | H12: =IF(A12="","",IF(Settings!$B$4<>"OK","Check settings",IF(F12="Check on hand","Check on hand",IF(C12=0,"Out of stock",IF(F12="No recent sales","No recent sales",IF(F12<Settings!$B$3,"Order soon","OK")))))) | J12: Units in the window for a SKU not in Products | K12: =IF(K11="","",ROUND(K11-SUM(D5:D44),2))
A13: PRT-810 | B13: Art print, 8 x 10 in | C13: 21 | D13: =IF(A13="","",IF(Settings!$B$4<>"OK","",SUMIFS(Sales!$C$5:$C$204,Sales!$B$5:$B$204,A13,Sales!$A$5:$A$204,">"&Settings!$B$1-Settings!$B$2,Sales!$A$5:$A$204,"<="&Settings!$B$1))) | E13: =IF(A13="","",IF(ISNUMBER(D13),ROUND(D13/Settings!$B$2,2),"")) | F13: =IF(A13="","",IF(OR(NOT(ISNUMBER(C13)),C13<0),"Check on hand",IF(NOT(ISNUMBER(E13)),"",IF(E13=0,"No recent sales",INT(C13/E13))))) | G13: =IF(ISNUMBER(F13),Settings!$B$1+F13,"") | H13: =IF(A13="","",IF(Settings!$B$4<>"OK","Check settings",IF(F13="Check on hand","Check on hand",IF(C13=0,"Out of stock",IF(F13="No recent sales","No recent sales",IF(F13<Settings!$B$3,"Order soon","OK")))))) | J13: Sales rows to fix (bad date, qty or blank SKU) | K13: =SUMPRODUCT(((Sales!$A$5:$A$204<>"")+(Sales!$B$5:$B$204<>"")+(Sales!$C$5:$C$204<>"")>0)*(1-ISNUMBER(Sales!$A$5:$A$204)*ISNUMBER(Sales!$C$5:$C$204)*(Sales!$B$5:$B$204<>"")))
A14: NTB-01 | B14: Pocket notebook | C14: 21 | D14: =IF(A14="","",IF(Settings!$B$4<>"OK","",SUMIFS(Sales!$C$5:$C$204,Sales!$B$5:$B$204,A14,Sales!$A$5:$A$204,">"&Settings!$B$1-Settings!$B$2,Sales!$A$5:$A$204,"<="&Settings!$B$1))) | E14: =IF(A14="","",IF(ISNUMBER(D14),ROUND(D14/Settings!$B$2,2),"")) | F14: =IF(A14="","",IF(OR(NOT(ISNUMBER(C14)),C14<0),"Check on hand",IF(NOT(ISNUMBER(E14)),"",IF(E14=0,"No recent sales",INT(C14/E14))))) | G14: =IF(ISNUMBER(F14),Settings!$B$1+F14,"") | H14: =IF(A14="","",IF(Settings!$B$4<>"OK","Check settings",IF(F14="Check on hand","Check on hand",IF(C14=0,"Out of stock",IF(F14="No recent sales","No recent sales",IF(F14<Settings!$B$3,"Order soon","OK")))))) | J14: SKUs listed twice in Products | K14: =SUMPRODUCT((A5:A44<>"")*(COUNTIF(A5:A44,A5:A44)>1))
A15: CND-08 | B15: Soy candle, 8 oz | C15: 12 | D15: =IF(A15="","",IF(Settings!$B$4<>"OK","",SUMIFS(Sales!$C$5:$C$204,Sales!$B$5:$B$204,A15,Sales!$A$5:$A$204,">"&Settings!$B$1-Settings!$B$2,Sales!$A$5:$A$204,"<="&Settings!$B$1))) | E15: =IF(A15="","",IF(ISNUMBER(D15),ROUND(D15/Settings!$B$2,2),"")) | F15: =IF(A15="","",IF(OR(NOT(ISNUMBER(C15)),C15<0),"Check on hand",IF(NOT(ISNUMBER(E15)),"",IF(E15=0,"No recent sales",INT(C15/E15))))) | G15: =IF(ISNUMBER(F15),Settings!$B$1+F15,"") | H15: =IF(A15="","",IF(Settings!$B$4<>"OK","Check settings",IF(F15="Check on hand","Check on hand",IF(C15=0,"Out of stock",IF(F15="No recent sales","No recent sales",IF(F15<Settings!$B$3,"Order soon","OK")))))) | J15: Check: window units match the products, no bad sales rows, no repeated SKU | K15: =IF(Settings!$B$4<>"OK","CHECK",IF(AND(K12=0,K13=0,K14=0,COUNTA(A45:A500)=0,COUNTA(Sales!A205:C500)=0),"OK","CHECK"))
A16: GFT-SET | B16: Gift set box | C16: 3 | D16: =IF(A16="","",IF(Settings!$B$4<>"OK","",SUMIFS(Sales!$C$5:$C$204,Sales!$B$5:$B$204,A16,Sales!$A$5:$A$204,">"&Settings!$B$1-Settings!$B$2,Sales!$A$5:$A$204,"<="&Settings!$B$1))) | E16: =IF(A16="","",IF(ISNUMBER(D16),ROUND(D16/Settings!$B$2,2),"")) | F16: =IF(A16="","",IF(OR(NOT(ISNUMBER(C16)),C16<0),"Check on hand",IF(NOT(ISNUMBER(E16)),"",IF(E16=0,"No recent sales",INT(C16/E16))))) | G16: =IF(ISNUMBER(F16),Settings!$B$1+F16,"") | H16: =IF(A16="","",IF(Settings!$B$4<>"OK","Check settings",IF(F16="Check on hand","Check on hand",IF(C16=0,"Out of stock",IF(F16="No recent sales","No recent sales",IF(F16<Settings!$B$3,"Order soon","OK"))))))
D17: =IF(A17="","",IF(Settings!$B$4<>"OK","",SUMIFS(Sales!$C$5:$C$204,Sales!$B$5:$B$204,A17,Sales!$A$5:$A$204,">"&Settings!$B$1-Settings!$B$2,Sales!$A$5:$A$204,"<="&Settings!$B$1))) | E17: =IF(A17="","",IF(ISNUMBER(D17),ROUND(D17/Settings!$B$2,2),"")) | F17: =IF(A17="","",IF(OR(NOT(ISNUMBER(C17)),C17<0),"Check on hand",IF(NOT(ISNUMBER(E17)),"",IF(E17=0,"No recent sales",INT(C17/E17))))) | G17: =IF(ISNUMBER(F17),Settings!$B$1+F17,"") | H17: =IF(A17="","",IF(Settings!$B$4<>"OK","Check settings",IF(F17="Check on hand","Check on hand",IF(C17=0,"Out of stock",IF(F17="No recent sales","No recent sales",IF(F17<Settings!$B$3,"Order soon","OK"))))))
D18: =IF(A18="","",IF(Settings!$B$4<>"OK","",SUMIFS(Sales!$C$5:$C$204,Sales!$B$5:$B$204,A18,Sales!$A$5:$A$204,">"&Settings!$B$1-Settings!$B$2,Sales!$A$5:$A$204,"<="&Settings!$B$1))) | E18: =IF(A18="","",IF(ISNUMBER(D18),ROUND(D18/Settings!$B$2,2),"")) | F18: =IF(A18="","",IF(OR(NOT(ISNUMBER(C18)),C18<0),"Check on hand",IF(NOT(ISNUMBER(E18)),"",IF(E18=0,"No recent sales",INT(C18/E18))))) | G18: =IF(ISNUMBER(F18),Settings!$B$1+F18,"") | H18: =IF(A18="","",IF(Settings!$B$4<>"OK","Check settings",IF(F18="Check on hand","Check on hand",IF(C18=0,"Out of stock",IF(F18="No recent sales","No recent sales",IF(F18<Settings!$B$3,"Order soon","OK"))))))
D19: =IF(A19="","",IF(Settings!$B$4<>"OK","",SUMIFS(Sales!$C$5:$C$204,Sales!$B$5:$B$204,A19,Sales!$A$5:$A$204,">"&Settings!$B$1-Settings!$B$2,Sales!$A$5:$A$204,"<="&Settings!$B$1))) | E19: =IF(A19="","",IF(ISNUMBER(D19),ROUND(D19/Settings!$B$2,2),"")) | F19: =IF(A19="","",IF(OR(NOT(ISNUMBER(C19)),C19<0),"Check on hand",IF(NOT(ISNUMBER(E19)),"",IF(E19=0,"No recent sales",INT(C19/E19))))) | G19: =IF(ISNUMBER(F19),Settings!$B$1+F19,"") | H19: =IF(A19="","",IF(Settings!$B$4<>"OK","Check settings",IF(F19="Check on hand","Check on hand",IF(C19=0,"Out of stock",IF(F19="No recent sales","No recent sales",IF(F19<Settings!$B$3,"Order soon","OK"))))))
D20: =IF(A20="","",IF(Settings!$B$4<>"OK","",SUMIFS(Sales!$C$5:$C$204,Sales!$B$5:$B$204,A20,Sales!$A$5:$A$204,">"&Settings!$B$1-Settings!$B$2,Sales!$A$5:$A$204,"<="&Settings!$B$1))) | E20: =IF(A20="","",IF(ISNUMBER(D20),ROUND(D20/Settings!$B$2,2),"")) | F20: =IF(A20="","",IF(OR(NOT(ISNUMBER(C20)),C20<0),"Check on hand",IF(NOT(ISNUMBER(E20)),"",IF(E20=0,"No recent sales",INT(C20/E20))))) | G20: =IF(ISNUMBER(F20),Settings!$B$1+F20,"") | H20: =IF(A20="","",IF(Settings!$B$4<>"OK","Check settings",IF(F20="Check on hand","Check on hand",IF(C20=0,"Out of stock",IF(F20="No recent sales","No recent sales",IF(F20<Settings!$B$3,"Order soon","OK"))))))
D21: =IF(A21="","",IF(Settings!$B$4<>"OK","",SUMIFS(Sales!$C$5:$C$204,Sales!$B$5:$B$204,A21,Sales!$A$5:$A$204,">"&Settings!$B$1-Settings!$B$2,Sales!$A$5:$A$204,"<="&Settings!$B$1))) | E21: =IF(A21="","",IF(ISNUMBER(D21),ROUND(D21/Settings!$B$2,2),"")) | F21: =IF(A21="","",IF(OR(NOT(ISNUMBER(C21)),C21<0),"Check on hand",IF(NOT(ISNUMBER(E21)),"",IF(E21=0,"No recent sales",INT(C21/E21))))) | G21: =IF(ISNUMBER(F21),Settings!$B$1+F21,"") | H21: =IF(A21="","",IF(Settings!$B$4<>"OK","Check settings",IF(F21="Check on hand","Check on hand",IF(C21=0,"Out of stock",IF(F21="No recent sales","No recent sales",IF(F21<Settings!$B$3,"Order soon","OK"))))))
D22: =IF(A22="","",IF(Settings!$B$4<>"OK","",SUMIFS(Sales!$C$5:$C$204,Sales!$B$5:$B$204,A22,Sales!$A$5:$A$204,">"&Settings!$B$1-Settings!$B$2,Sales!$A$5:$A$204,"<="&Settings!$B$1))) | E22: =IF(A22="","",IF(ISNUMBER(D22),ROUND(D22/Settings!$B$2,2),"")) | F22: =IF(A22="","",IF(OR(NOT(ISNUMBER(C22)),C22<0),"Check on hand",IF(NOT(ISNUMBER(E22)),"",IF(E22=0,"No recent sales",INT(C22/E22))))) | G22: =IF(ISNUMBER(F22),Settings!$B$1+F22,"") | H22: =IF(A22="","",IF(Settings!$B$4<>"OK","Check settings",IF(F22="Check on hand","Check on hand",IF(C22=0,"Out of stock",IF(F22="No recent sales","No recent sales",IF(F22<Settings!$B$3,"Order soon","OK"))))))
D23: =IF(A23="","",IF(Settings!$B$4<>"OK","",SUMIFS(Sales!$C$5:$C$204,Sales!$B$5:$B$204,A23,Sales!$A$5:$A$204,">"&Settings!$B$1-Settings!$B$2,Sales!$A$5:$A$204,"<="&Settings!$B$1))) | E23: =IF(A23="","",IF(ISNUMBER(D23),ROUND(D23/Settings!$B$2,2),"")) | F23: =IF(A23="","",IF(OR(NOT(ISNUMBER(C23)),C23<0),"Check on hand",IF(NOT(ISNUMBER(E23)),"",IF(E23=0,"No recent sales",INT(C23/E23))))) | G23: =IF(ISNUMBER(F23),Settings!$B$1+F23,"") | H23: =IF(A23="","",IF(Settings!$B$4<>"OK","Check settings",IF(F23="Check on hand","Check on hand",IF(C23=0,"Out of stock",IF(F23="No recent sales","No recent sales",IF(F23<Settings!$B$3,"Order soon","OK"))))))
D24: =IF(A24="","",IF(Settings!$B$4<>"OK","",SUMIFS(Sales!$C$5:$C$204,Sales!$B$5:$B$204,A24,Sales!$A$5:$A$204,">"&Settings!$B$1-Settings!$B$2,Sales!$A$5:$A$204,"<="&Settings!$B$1))) | E24: =IF(A24="","",IF(ISNUMBER(D24),ROUND(D24/Settings!$B$2,2),"")) | F24: =IF(A24="","",IF(OR(NOT(ISNUMBER(C24)),C24<0),"Check on hand",IF(NOT(ISNUMBER(E24)),"",IF(E24=0,"No recent sales",INT(C24/E24))))) | G24: =IF(ISNUMBER(F24),Settings!$B$1+F24,"") | H24: =IF(A24="","",IF(Settings!$B$4<>"OK","Check settings",IF(F24="Check on hand","Check on hand",IF(C24=0,"Out of stock",IF(F24="No recent sales","No recent sales",IF(F24<Settings!$B$3,"Order soon","OK"))))))
D25: =IF(A25="","",IF(Settings!$B$4<>"OK","",SUMIFS(Sales!$C$5:$C$204,Sales!$B$5:$B$204,A25,Sales!$A$5:$A$204,">"&Settings!$B$1-Settings!$B$2,Sales!$A$5:$A$204,"<="&Settings!$B$1))) | E25: =IF(A25="","",IF(ISNUMBER(D25),ROUND(D25/Settings!$B$2,2),"")) | F25: =IF(A25="","",IF(OR(NOT(ISNUMBER(C25)),C25<0),"Check on hand",IF(NOT(ISNUMBER(E25)),"",IF(E25=0,"No recent sales",INT(C25/E25))))) | G25: =IF(ISNUMBER(F25),Settings!$B$1+F25,"") | H25: =IF(A25="","",IF(Settings!$B$4<>"OK","Check settings",IF(F25="Check on hand","Check on hand",IF(C25=0,"Out of stock",IF(F25="No recent sales","No recent sales",IF(F25<Settings!$B$3,"Order soon","OK"))))))
D26: =IF(A26="","",IF(Settings!$B$4<>"OK","",SUMIFS(Sales!$C$5:$C$204,Sales!$B$5:$B$204,A26,Sales!$A$5:$A$204,">"&Settings!$B$1-Settings!$B$2,Sales!$A$5:$A$204,"<="&Settings!$B$1))) | E26: =IF(A26="","",IF(ISNUMBER(D26),ROUND(D26/Settings!$B$2,2),"")) | F26: =IF(A26="","",IF(OR(NOT(ISNUMBER(C26)),C26<0),"Check on hand",IF(NOT(ISNUMBER(E26)),"",IF(E26=0,"No recent sales",INT(C26/E26))))) | G26: =IF(ISNUMBER(F26),Settings!$B$1+F26,"") | H26: =IF(A26="","",IF(Settings!$B$4<>"OK","Check settings",IF(F26="Check on hand","Check on hand",IF(C26=0,"Out of stock",IF(F26="No recent sales","No recent sales",IF(F26<Settings!$B$3,"Order soon","OK"))))))
D27: =IF(A27="","",IF(Settings!$B$4<>"OK","",SUMIFS(Sales!$C$5:$C$204,Sales!$B$5:$B$204,A27,Sales!$A$5:$A$204,">"&Settings!$B$1-Settings!$B$2,Sales!$A$5:$A$204,"<="&Settings!$B$1))) | E27: =IF(A27="","",IF(ISNUMBER(D27),ROUND(D27/Settings!$B$2,2),"")) | F27: =IF(A27="","",IF(OR(NOT(ISNUMBER(C27)),C27<0),"Check on hand",IF(NOT(ISNUMBER(E27)),"",IF(E27=0,"No recent sales",INT(C27/E27))))) | G27: =IF(ISNUMBER(F27),Settings!$B$1+F27,"") | H27: =IF(A27="","",IF(Settings!$B$4<>"OK","Check settings",IF(F27="Check on hand","Check on hand",IF(C27=0,"Out of stock",IF(F27="No recent sales","No recent sales",IF(F27<Settings!$B$3,"Order soon","OK"))))))
D28: =IF(A28="","",IF(Settings!$B$4<>"OK","",SUMIFS(Sales!$C$5:$C$204,Sales!$B$5:$B$204,A28,Sales!$A$5:$A$204,">"&Settings!$B$1-Settings!$B$2,Sales!$A$5:$A$204,"<="&Settings!$B$1))) | E28: =IF(A28="","",IF(ISNUMBER(D28),ROUND(D28/Settings!$B$2,2),"")) | F28: =IF(A28="","",IF(OR(NOT(ISNUMBER(C28)),C28<0),"Check on hand",IF(NOT(ISNUMBER(E28)),"",IF(E28=0,"No recent sales",INT(C28/E28))))) | G28: =IF(ISNUMBER(F28),Settings!$B$1+F28,"") | H28: =IF(A28="","",IF(Settings!$B$4<>"OK","Check settings",IF(F28="Check on hand","Check on hand",IF(C28=0,"Out of stock",IF(F28="No recent sales","No recent sales",IF(F28<Settings!$B$3,"Order soon","OK"))))))
... D44: =IF(A44="","",IF(Settings!$B$4<>"OK","",SUMIFS(Sales!$C$5:$C$204,Sales!$B$5:$B$204,A44,Sales!$A$5:$A$204,">"&Settings!$B$1-Settings!$B$2,Sales!$A$5:$A$204,"<="&Settings!$B$1))) | E44: =IF(A44="","",IF(ISNUMBER(D44),ROUND(D44/Settings!$B$2,2),"")) | F44: =IF(A44="","",IF(OR(NOT(ISNUMBER(C44)),C44<0),"Check on hand",IF(NOT(ISNUMBER(E44)),"",IF(E44=0,"No recent sales",INT(C44/E44))))) | G44: =IF(ISNUMBER(F44),Settings!$B$1+F44,"") | H44: =IF(A44="","",IF(Settings!$B$4<>"OK","Check settings",IF(F44="Check on hand","Check on hand",IF(C44=0,"Out of stock",IF(F44="No recent sales","No recent sales",IF(F44<Settings!$B$3,"Order soon","OK"))))))

Sheet Sales
A1: Fictional sales log. One row per sale: date, SKU, units. Keep SKUs spelled as in Products. The look-back window is set on the Settings tab.
A4: Date | B4: SKU | C4: Qty sold
A5: 46285 | B5: CND-08 | C5: 3
A6: 46286 | B6: NTB-01 | C6: 3
A7: 46288 | B7: TEE-S | C7: 2
A8: 46290 | B8: TOT-02 | C8: 2
A9: 46291 | B9: CND-08 | C9: 1
A10: 46291 | B10: MUG-01 | C10: 3
A11: 46292 | B11: CAP-01 | C11: 2
A12: 46293 | B12: GFT-SET | C12: 1
A13: 46294 | B13: PIN-05 | C13: 4
A14: 46295 | B14: CND-08 | C14: 2
A15: 46295 | B15: STK-10 | C15: 8
A16: 46296 | B16: TEE-M | C16: 5
... A64: 46325 | B64: TEE-S | C64: 1

Sheet Settings
A1: As-of date | B1: 46326
A2: Days of sales to look back | B2: 30
A3: Warn when days left is below | B3: 21
A4: Settings check | B4: =IF(AND(ISNUMBER(B1),ISNUMBER(B2),ISNUMBER(B3)),IF(AND(B2>=1,B2<=90,B2=INT(B2),B3>=0),"OK","Look-back: whole number 1 to 90. Warning: 0 or more"),"Type a date and two numbers in the yellow cells")
A6: The as-of date is typed on purpose, so the results do not change when the file is opened later.
A7: The window counts sales after (as-of date minus look-back days) up to and including the as-of date.

Sheet How to use
A1: Tidy Tabs: Days of Stock Left From Recent Sales
A3: 1. Settings tab: type the as-of date in B1 (yellow, 10/31/2026), the days of sales to look back in B2 (30, whole number 1 to 90) and the warning level in B3 (21). B4 shows OK when all three are valid.
A4: 2. Sales tab: one row per sale in A5:C204 (yellow): date, SKU, quantity. The sample is 60 fictional rows from 09/20/2026 to 10/30/2026; only the ones in the window count.
A5: 3. Products tab: SKU, product and on hand in A5:C44 (yellow). The sample has 12 fictional products.
A6: 4. Sold in window, D5: =SUMIFS(Sales!$C$5:$C$204,Sales!$B$5:$B$204,A5,Sales!$A$5:$A$204,">"&Settings!$B$1-Settings!$B$2,Sales!$A$5:$A$204,"<="&Settings!$B$1). With 30 days and an as-of date of 10/31/2026 the window is 10/02/2026 to 10/31/2026; a sale on 10/01/2026 is left out.
A7: 5. Average per day, E5: =ROUND(D5/Settings!$B$2,2). Days left, F5: =INT(C5/E5), rounded down, using the rounded average in E. No sales in the window shows No recent sales. Runs out about, G5: as-of date plus days left.
A8: 6. Status, H5: Out of stock when on hand is 0, Order soon when days left is below the warning level (exactly 21 stays OK), No recent sales, otherwise OK.
A9: 7. Summary, J5:K15: counts, the product with the fewest days left, sales rows to fix, and a CHECK in K15. CHECK shows when the units in the window do not match the Products tab (a SKU missing from Products, a typo or a trailing space), a sales row has a text date or quantity, a SKU is listed twice, or data sits below the table.
A10: 8. This is a simple average of the last few weeks. It ignores seasons, sales that come in bursts and how long a restock takes. It is arithmetic on your own numbers, not a forecast.
A12: SKUs, products and quantities are fictional. Checked in LibreOffice Calc only; not opened in Excel or Google Sheets.
A13: Google Sheets: File > Import > Upload this .xlsx.
