Workbook

Sheet Sales
A1: Sale date | B1: Amount | C1: Quarter
A2: 46011 | B2: 90 | C2: =YEAR(A2)&" Q"&ROUNDUP(MONTH(A2)/3,0)
A3: 46037 | B3: 120 | C3: =YEAR(A3)&" Q"&ROUNDUP(MONTH(A3)/3,0)
A4: 46056 | B4: 85.5 | C4: =YEAR(A4)&" Q"&ROUNDUP(MONTH(A4)/3,0)
A5: 46112 | B5: 200 | C5: =YEAR(A5)&" Q"&ROUNDUP(MONTH(A5)/3,0)
A6: 46113 | B6: 150 | C6: =YEAR(A6)&" Q"&ROUNDUP(MONTH(A6)/3,0)
A7: 46130 | B7: 95.25 | C7: =YEAR(A7)&" Q"&ROUNDUP(MONTH(A7)/3,0)
A8: 46151 | B8: 310 | C8: =YEAR(A8)&" Q"&ROUNDUP(MONTH(A8)/3,0)
A9: 46203 | B9: 75 | C9: =YEAR(A9)&" Q"&ROUNDUP(MONTH(A9)/3,0)
A10: 46204 | B10: 220 | C10: =YEAR(A10)&" Q"&ROUNDUP(MONTH(A10)/3,0)
A11: 46225 | B11: 60.5 | C11: =YEAR(A11)&" Q"&ROUNDUP(MONTH(A11)/3,0)
A12: 46248 | B12: 180 | C12: =YEAR(A12)&" Q"&ROUNDUP(MONTH(A12)/3,0)
A13: 46295 | B13: 140 | C13: =YEAR(A13)&" Q"&ROUNDUP(MONTH(A13)/3,0)
... A17: 46387 | B17: 300 | C17: =YEAR(A17)&" Q"&ROUNDUP(MONTH(A17)/3,0)

Sheet By quarter
A1: Quarter | B1: Quarter starts | C1: Total (helper column) | D1: Orders | E1: Total (date range) | F1: Same?
A2: =YEAR(B2)&" Q"&ROUNDUP(MONTH(B2)/3,0) | B2: 45931 | C2: =SUMIFS(Sales!$B$2:$B$200,Sales!$C$2:$C$200,A2) | D2: =COUNTIFS(Sales!$C$2:$C$200,A2) | E2: =SUMIFS(Sales!$B$2:$B$200,Sales!$A$2:$A$200,">="&B2,Sales!$A$2:$A$200,"<"&EDATE(B2,3)) | F2: =IF(ROUND(C2-E2,2)=0,"Yes","CHECK")
A3: =YEAR(B3)&" Q"&ROUNDUP(MONTH(B3)/3,0) | B3: 46023 | C3: =SUMIFS(Sales!$B$2:$B$200,Sales!$C$2:$C$200,A3) | D3: =COUNTIFS(Sales!$C$2:$C$200,A3) | E3: =SUMIFS(Sales!$B$2:$B$200,Sales!$A$2:$A$200,">="&B3,Sales!$A$2:$A$200,"<"&EDATE(B3,3)) | F3: =IF(ROUND(C3-E3,2)=0,"Yes","CHECK")
A4: =YEAR(B4)&" Q"&ROUNDUP(MONTH(B4)/3,0) | B4: 46113 | C4: =SUMIFS(Sales!$B$2:$B$200,Sales!$C$2:$C$200,A4) | D4: =COUNTIFS(Sales!$C$2:$C$200,A4) | E4: =SUMIFS(Sales!$B$2:$B$200,Sales!$A$2:$A$200,">="&B4,Sales!$A$2:$A$200,"<"&EDATE(B4,3)) | F4: =IF(ROUND(C4-E4,2)=0,"Yes","CHECK")
A5: =YEAR(B5)&" Q"&ROUNDUP(MONTH(B5)/3,0) | B5: 46204 | C5: =SUMIFS(Sales!$B$2:$B$200,Sales!$C$2:$C$200,A5) | D5: =COUNTIFS(Sales!$C$2:$C$200,A5) | E5: =SUMIFS(Sales!$B$2:$B$200,Sales!$A$2:$A$200,">="&B5,Sales!$A$2:$A$200,"<"&EDATE(B5,3)) | F5: =IF(ROUND(C5-E5,2)=0,"Yes","CHECK")
A6: =YEAR(B6)&" Q"&ROUNDUP(MONTH(B6)/3,0) | B6: 46296 | C6: =SUMIFS(Sales!$B$2:$B$200,Sales!$C$2:$C$200,A6) | D6: =COUNTIFS(Sales!$C$2:$C$200,A6) | E6: =SUMIFS(Sales!$B$2:$B$200,Sales!$A$2:$A$200,">="&B6,Sales!$A$2:$A$200,"<"&EDATE(B6,3)) | F6: =IF(ROUND(C6-E6,2)=0,"Yes","CHECK")
A7: All quarters | C7: =SUM(C2:C6) | D7: =SUM(D2:D6) | E7: =SUM(E2:E6)
A8: All sales on Sales tab | C8: =SUM(Sales!B2:B200) | D8: =COUNT(Sales!B2:B200)

Sheet How to use
A1: Tidy Tabs: Total Sales by Quarter
A3: 1. Sales tab: type the sale date in A (a real date, not text) and the amount in B. Column C is a formula: fill it down.
A4: 2. C2: =YEAR(A2)&" Q"&ROUNDUP(MONTH(A2)/3,0). ROUNDUP(MONTH/3,0) turns months 1 to 3 into 1, 4 to 6 into 2, 7 to 9 into 3 and 10 to 12 into 4. The year is added so 2025 Q4 and 2026 Q4 stay separate.
A5: 3. By quarter tab, C2: =SUMIFS(Sales!$B$2:$B$200,Sales!$C$2:$C$200,A2) adds every sale with that quarter label. D counts the orders with COUNTIFS.
A6: 4. E2 gets the same total without a helper column, by date range: =SUMIFS(amounts,dates,">="&B2,dates,"<"&EDATE(B2,3)). B2 is the first day of the quarter. F says Yes when both agree.
A7: 5. Row 7 adds the quarters and row 8 adds the whole Sales tab. If they differ, a date is outside the quarters listed or is stored as text.
A8: 6. Quarters here are calendar quarters (January to March is Q1). If your business year starts in another month, this sheet does not apply as is.
A9: 7. 03/31 and 04/01 fall in different quarters, and 12/31 is in Q4. Both methods handle the boundary days.
A11: Sales and amounts are fictional. Checked in LibreOffice Calc only; not opened in Excel or Google Sheets.
A12: Google Sheets: File > Import > Upload this .xlsx.
