Workbook

Sheet Expenses
A1: Date | B1: Bank description | C1: Amount | D1: Category | F1: Category total | G1: Amount
A2: 46266 | B2: SHELL OIL 57442 MANCHESTER NH | C2: 48.2 | D2: =IF(B2="","",IFERROR(INDEX(Keywords!$B$2:$B$40,MATCH(1,INDEX((Keywords!$A$2:$A$40<>"")*(Keywords!$B$2:$B$40<>"")*ISNUMBER(SEARCH(Keywords!$A$2:$A$40,B2)),0),0)),"Review")) | F2: Fuel | G2: =SUMIF($D$2:$D$200,F2,$C$2:$C$200)
A3: 46267 | B3: USPS PO 0245 BOSTON MA 02108 | C3: 18.65 | D3: =IF(B3="","",IFERROR(INDEX(Keywords!$B$2:$B$40,MATCH(1,INDEX((Keywords!$A$2:$A$40<>"")*(Keywords!$B$2:$B$40<>"")*ISNUMBER(SEARCH(Keywords!$A$2:$A$40,B3)),0),0)),"Review")) | F3: Postage | G3: =SUMIF($D$2:$D$200,F3,$C$2:$C$200)
A4: 46268 | B4: ETSY INC FEES BROOKLYN NY | C4: 12.4 | D4: =IF(B4="","",IFERROR(INDEX(Keywords!$B$2:$B$40,MATCH(1,INDEX((Keywords!$A$2:$A$40<>"")*(Keywords!$B$2:$B$40<>"")*ISNUMBER(SEARCH(Keywords!$A$2:$A$40,B4)),0),0)),"Review")) | F4: Fees | G4: =SUMIF($D$2:$D$200,F4,$C$2:$C$200)
A5: 46269 | B5: STAPLES 0118 NASHUA NH 03060 | C5: 36.99 | D5: =IF(B5="","",IFERROR(INDEX(Keywords!$B$2:$B$40,MATCH(1,INDEX((Keywords!$A$2:$A$40<>"")*(Keywords!$B$2:$B$40<>"")*ISNUMBER(SEARCH(Keywords!$A$2:$A$40,B5)),0),0)),"Review")) | F5: Supplies | G5: =SUMIF($D$2:$D$200,F5,$C$2:$C$200)
A6: 46270 | B6: Adobe Systems 800-833-6687 CA | C6: 22.99 | D6: =IF(B6="","",IFERROR(INDEX(Keywords!$B$2:$B$40,MATCH(1,INDEX((Keywords!$A$2:$A$40<>"")*(Keywords!$B$2:$B$40<>"")*ISNUMBER(SEARCH(Keywords!$A$2:$A$40,B6)),0),0)),"Review")) | F6: Software | G6: =SUMIF($D$2:$D$200,F6,$C$2:$C$200)
A7: 46273 | B7: EXXONMOBIL 4471 PORTLAND ME 04101 | C7: 41.35 | D7: =IF(B7="","",IFERROR(INDEX(Keywords!$B$2:$B$40,MATCH(1,INDEX((Keywords!$A$2:$A$40<>"")*(Keywords!$B$2:$B$40<>"")*ISNUMBER(SEARCH(Keywords!$A$2:$A$40,B7)),0),0)),"Review")) | F7: Review | G7: =SUMIF($D$2:$D$200,F7,$C$2:$C$200)
A8: 46274 | B8: SQ *JOES DINER 02108 BOSTON MA | C8: 14.5 | D8: =IF(B8="","",IFERROR(INDEX(Keywords!$B$2:$B$40,MATCH(1,INDEX((Keywords!$A$2:$A$40<>"")*(Keywords!$B$2:$B$40<>"")*ISNUMBER(SEARCH(Keywords!$A$2:$A$40,B8)),0),0)),"Review")) | F8: Total of all amounts | G8: =SUM(C2:C200)
A9: 46275 | B9: ULINE *SHIP SUPPLIES 800-295-5510 WI | C9: 87.12 | D9: =IF(B9="","",IFERROR(INDEX(Keywords!$B$2:$B$40,MATCH(1,INDEX((Keywords!$A$2:$A$40<>"")*(Keywords!$B$2:$B$40<>"")*ISNUMBER(SEARCH(Keywords!$A$2:$A$40,B9)),0),0)),"Review")) | F9: Lines marked Review | G9: =COUNTIF(D2:D200,"Review")
A10: 46276 | B10: USPS PO 1187 CONCORD NH 03301 | C10: 9.85 | D10: =IF(B10="","",IFERROR(INDEX(Keywords!$B$2:$B$40,MATCH(1,INDEX((Keywords!$A$2:$A$40<>"")*(Keywords!$B$2:$B$40<>"")*ISNUMBER(SEARCH(Keywords!$A$2:$A$40,B10)),0),0)),"Review")) | F10: Check: category totals add up to the total | G10: =IF(AND(ROUND(SUM(G2:G7)-G8,2)=0,COUNTA(C2:C200)=COUNT(C2:C200),SUMPRODUCT((B2:B200="")*(C2:C200<>""))=0),"OK","CHECK")
A11: 46277 | B11: PAYPAL *FEE TRANSFER 402-935-7733 | C11: 6.18 | D11: =IF(B11="","",IFERROR(INDEX(Keywords!$B$2:$B$40,MATCH(1,INDEX((Keywords!$A$2:$A$40<>"")*(Keywords!$B$2:$B$40<>"")*ISNUMBER(SEARCH(Keywords!$A$2:$A$40,B11)),0),0)),"Review"))
A12: 46280 | B12: shell oil 12009 PORTSMOUTH NH | C12: 52.6 | D12: =IF(B12="","",IFERROR(INDEX(Keywords!$B$2:$B$40,MATCH(1,INDEX((Keywords!$A$2:$A$40<>"")*(Keywords!$B$2:$B$40<>"")*ISNUMBER(SEARCH(Keywords!$A$2:$A$40,B12)),0),0)),"Review"))
A13: 46281 | B13: ZOOM.US 888-799-9666 CA | C13: 15.99 | D13: =IF(B13="","",IFERROR(INDEX(Keywords!$B$2:$B$40,MATCH(1,INDEX((Keywords!$A$2:$A$40<>"")*(Keywords!$B$2:$B$40<>"")*ISNUMBER(SEARCH(Keywords!$A$2:$A$40,B13)),0),0)),"Review"))
A14: 46282 | B14: STAMPS.COM POSTAGE 800-782-6724 | C14: 40 | D14: =IF(B14="","",IFERROR(INDEX(Keywords!$B$2:$B$40,MATCH(1,INDEX((Keywords!$A$2:$A$40<>"")*(Keywords!$B$2:$B$40<>"")*ISNUMBER(SEARCH(Keywords!$A$2:$A$40,B14)),0),0)),"Review"))
A15: 46283 | B15: OFFICE DEPOT #2211 WORCESTER MA 01608 | C15: 29.47 | D15: =IF(B15="","",IFERROR(INDEX(Keywords!$B$2:$B$40,MATCH(1,INDEX((Keywords!$A$2:$A$40<>"")*(Keywords!$B$2:$B$40<>"")*ISNUMBER(SEARCH(Keywords!$A$2:$A$40,B15)),0),0)),"Review"))
A16: 46284 | B16: MARKET BOOTH DEPOSIT ACH | C16: 75 | D16: =IF(B16="","",IFERROR(INDEX(Keywords!$B$2:$B$40,MATCH(1,INDEX((Keywords!$A$2:$A$40<>"")*(Keywords!$B$2:$B$40<>"")*ISNUMBER(SEARCH(Keywords!$A$2:$A$40,B16)),0),0)),"Review"))
A17: 46287 | B17: ETSY INC LISTING FEE BROOKLYN NY | C17: 4.8 | D17: =IF(B17="","",IFERROR(INDEX(Keywords!$B$2:$B$40,MATCH(1,INDEX((Keywords!$A$2:$A$40<>"")*(Keywords!$B$2:$B$40<>"")*ISNUMBER(SEARCH(Keywords!$A$2:$A$40,B17)),0),0)),"Review"))
A18: 46288 | B18: SHELL OIL 57442 MANCHESTER NH | C18: 44.1 | D18: =IF(B18="","",IFERROR(INDEX(Keywords!$B$2:$B$40,MATCH(1,INDEX((Keywords!$A$2:$A$40<>"")*(Keywords!$B$2:$B$40<>"")*ISNUMBER(SEARCH(Keywords!$A$2:$A$40,B18)),0),0)),"Review"))
A19: 46289 | B19: QUICKBOOKS *INTUIT 888-246-8648 CA | C19: 30 | D19: =IF(B19="","",IFERROR(INDEX(Keywords!$B$2:$B$40,MATCH(1,INDEX((Keywords!$A$2:$A$40<>"")*(Keywords!$B$2:$B$40<>"")*ISNUMBER(SEARCH(Keywords!$A$2:$A$40,B19)),0),0)),"Review"))
A20: 46290 | B20: USPS PO 0245 BOSTON MA 02108 | C20: 5.4 | D20: =IF(B20="","",IFERROR(INDEX(Keywords!$B$2:$B$40,MATCH(1,INDEX((Keywords!$A$2:$A$40<>"")*(Keywords!$B$2:$B$40<>"")*ISNUMBER(SEARCH(Keywords!$A$2:$A$40,B20)),0),0)),"Review"))
A21: 46291 | B21: Staples Inc 0118 NASHUA NH | C21: 18.2 | D21: =IF(B21="","",IFERROR(INDEX(Keywords!$B$2:$B$40,MATCH(1,INDEX((Keywords!$A$2:$A$40<>"")*(Keywords!$B$2:$B$40<>"")*ISNUMBER(SEARCH(Keywords!$A$2:$A$40,B21)),0),0)),"Review"))
A22: 46294 | B22: CHECK 1042 | C22: 120 | D22: =IF(B22="","",IFERROR(INDEX(Keywords!$B$2:$B$40,MATCH(1,INDEX((Keywords!$A$2:$A$40<>"")*(Keywords!$B$2:$B$40<>"")*ISNUMBER(SEARCH(Keywords!$A$2:$A$40,B22)),0),0)),"Review"))
... A26: 46295 | B26: DUNKIN #3349 SALEM NH 03079 | C26: 8.45 | D26: =IF(B26="","",IFERROR(INDEX(Keywords!$B$2:$B$40,MATCH(1,INDEX((Keywords!$A$2:$A$40<>"")*(Keywords!$B$2:$B$40<>"")*ISNUMBER(SEARCH(Keywords!$A$2:$A$40,B26)),0),0)),"Review"))
D27: =IF(B27="","",IFERROR(INDEX(Keywords!$B$2:$B$40,MATCH(1,INDEX((Keywords!$A$2:$A$40<>"")*(Keywords!$B$2:$B$40<>"")*ISNUMBER(SEARCH(Keywords!$A$2:$A$40,B27)),0),0)),"Review"))
D28: =IF(B28="","",IFERROR(INDEX(Keywords!$B$2:$B$40,MATCH(1,INDEX((Keywords!$A$2:$A$40<>"")*(Keywords!$B$2:$B$40<>"")*ISNUMBER(SEARCH(Keywords!$A$2:$A$40,B28)),0),0)),"Review"))
D29: =IF(B29="","",IFERROR(INDEX(Keywords!$B$2:$B$40,MATCH(1,INDEX((Keywords!$A$2:$A$40<>"")*(Keywords!$B$2:$B$40<>"")*ISNUMBER(SEARCH(Keywords!$A$2:$A$40,B29)),0),0)),"Review"))
D30: =IF(B30="","",IFERROR(INDEX(Keywords!$B$2:$B$40,MATCH(1,INDEX((Keywords!$A$2:$A$40<>"")*(Keywords!$B$2:$B$40<>"")*ISNUMBER(SEARCH(Keywords!$A$2:$A$40,B30)),0),0)),"Review"))
D31: =IF(B31="","",IFERROR(INDEX(Keywords!$B$2:$B$40,MATCH(1,INDEX((Keywords!$A$2:$A$40<>"")*(Keywords!$B$2:$B$40<>"")*ISNUMBER(SEARCH(Keywords!$A$2:$A$40,B31)),0),0)),"Review"))
D32: =IF(B32="","",IFERROR(INDEX(Keywords!$B$2:$B$40,MATCH(1,INDEX((Keywords!$A$2:$A$40<>"")*(Keywords!$B$2:$B$40<>"")*ISNUMBER(SEARCH(Keywords!$A$2:$A$40,B32)),0),0)),"Review"))
D33: =IF(B33="","",IFERROR(INDEX(Keywords!$B$2:$B$40,MATCH(1,INDEX((Keywords!$A$2:$A$40<>"")*(Keywords!$B$2:$B$40<>"")*ISNUMBER(SEARCH(Keywords!$A$2:$A$40,B33)),0),0)),"Review"))
D34: =IF(B34="","",IFERROR(INDEX(Keywords!$B$2:$B$40,MATCH(1,INDEX((Keywords!$A$2:$A$40<>"")*(Keywords!$B$2:$B$40<>"")*ISNUMBER(SEARCH(Keywords!$A$2:$A$40,B34)),0),0)),"Review"))
D35: =IF(B35="","",IFERROR(INDEX(Keywords!$B$2:$B$40,MATCH(1,INDEX((Keywords!$A$2:$A$40<>"")*(Keywords!$B$2:$B$40<>"")*ISNUMBER(SEARCH(Keywords!$A$2:$A$40,B35)),0),0)),"Review"))
D36: =IF(B36="","",IFERROR(INDEX(Keywords!$B$2:$B$40,MATCH(1,INDEX((Keywords!$A$2:$A$40<>"")*(Keywords!$B$2:$B$40<>"")*ISNUMBER(SEARCH(Keywords!$A$2:$A$40,B36)),0),0)),"Review"))
D37: =IF(B37="","",IFERROR(INDEX(Keywords!$B$2:$B$40,MATCH(1,INDEX((Keywords!$A$2:$A$40<>"")*(Keywords!$B$2:$B$40<>"")*ISNUMBER(SEARCH(Keywords!$A$2:$A$40,B37)),0),0)),"Review"))
D38: =IF(B38="","",IFERROR(INDEX(Keywords!$B$2:$B$40,MATCH(1,INDEX((Keywords!$A$2:$A$40<>"")*(Keywords!$B$2:$B$40<>"")*ISNUMBER(SEARCH(Keywords!$A$2:$A$40,B38)),0),0)),"Review"))
... D200: =IF(B200="","",IFERROR(INDEX(Keywords!$B$2:$B$40,MATCH(1,INDEX((Keywords!$A$2:$A$40<>"")*(Keywords!$B$2:$B$40<>"")*ISNUMBER(SEARCH(Keywords!$A$2:$A$40,B200)),0),0)),"Review"))

Sheet Keywords
A1: Keyword (part of the description) | B1: Category
A2: shell | B2: Fuel
A3: exxon | B3: Fuel
A4: usps | B4: Postage
A5: stamps.com | B5: Postage
A6: etsy | B6: Fees
A7: paypal | B7: Fees
A8: staples | B8: Supplies
A9: uline | B9: Supplies
A10: office depot | B10: Supplies
A11: adobe | B11: Software
A12: zoom | B12: Software
A13: quickbooks | B13: Software

Sheet How to use
A1: Tidy Tabs: Auto-Categorize Expenses From Bank Descriptions
A3: 1. Keywords tab: type a word that appears in the bank description (A) and the category you want (B). Rows 2 to 40 are read. Yellow. The sample has 12 keywords. Categories are your own choice; the sheet does not say what is deductible.
A4: 2. Expenses tab: paste the date, bank description and amount in A:C (rows 2 to 200). Yellow. The sample is 25 fictional lines.
A5: 3. Category, D2: =IF(B2="","",IFERROR(INDEX(Keywords!$B$2:$B$40,MATCH(1,INDEX((Keywords!$A$2:$A$40<>"")*(Keywords!$B$2:$B$40<>"")*ISNUMBER(SEARCH(Keywords!$A$2:$A$40,B2)),0),0)),"Review")). SEARCH ignores capital letters. The first keyword in the table that is found in the description wins, so put the more specific keyword higher up. A line with no matching keyword shows Review (red).
A6: 4. The two <>"" tests keep an empty keyword row from matching. Without them, a blank keyword cell is not handled the same way in every app (in LibreOffice the unguarded lookup returned #N/A for every line). A keyword row with no category is skipped.
A7: 5. SEARCH treats * and ? in a keyword as wildcards (and ~ cancels a wildcard; in LibreOffice a keyword of * matched every description). Avoid those characters in keywords.
A8: 6. Category totals, F2:G7: SUMIF on column D. Type your category names in F2:F6 (yellow); if you add a new category in Keywords, add it here too. G10 shows OK when the category totals add up to the total in G8.
A9: 7. Bank descriptions are fictional. Checked in LibreOffice Calc only; not opened in Excel or Google Sheets.
A10: Google Sheets: File > Import > Upload this .xlsx.
