Workbook

Sheet Orders
A1: Order date | B1: Customer | C1: Amount
A2: 45783 | B2: Nate Dunn | C2: 63.91
A3: 45910 | B3: Maya Cole | C3: 55.1
A4: 45914 | B4: Maya Cole | C4: 74.41
A5: 45936 | B5: Maya Cole | C5: 177.32
A6: 45938 | B6: Maya Cole | C6: 40.81
A7: 46015 | B7: Nate Dunn | C7: 162.52
A8: 46017 | B8: Hugo Park | C8: 132.65
A9: 46024 | B9: Kira Stone | C9: 95.02
A10: 46034 | B10: Hugo Park | C10: 128.73
A11: 46045 | B11: Jonah Bell | C11: 53.9
A12: 46054 | B12: Felix Ode | C12: 138.11
A13: 46078 | B13: Maya Cole | C13: 38.1
... A41: 46322 | B41: Alma Reyes | C41: 173.01

Sheet Customers
A1: Fictional customers. As-of date and the days cutoff are on the Settings tab. Status uses: days since last order greater than the cutoff = Lapsed.
A4: Customer | B4: Last order | C4: Days since | D4: Status | E4: Lifetime spend
A5: Alma Reyes | B5: =IF(A5="","",IF(COUNTIFS(Orders!$B$2:$B$200,A5,Orders!$A$2:$A$200,">0")=0,"No orders",_xlfn.MAXIFS(Orders!$A$2:$A$200,Orders!$B$2:$B$200,A5))) | C5: =IF(AND(ISNUMBER(B5),ISNUMBER(Settings!$B$1)),Settings!$B$1-B5,"") | D5: =IF(A5="","",IF(Settings!$B$3<>"OK","Check settings",IF(NOT(ISNUMBER(C5)),"No orders",IF(C5>Settings!$B$2,"Lapsed","Active")))) | E5: =IF(A5="","",SUMIF(Orders!$B$2:$B$200,A5,Orders!$C$2:$C$200)) | G5: Customers listed | H5: =COUNTA(A5:A54)
A6: Ben Tran | B6: =IF(A6="","",IF(COUNTIFS(Orders!$B$2:$B$200,A6,Orders!$A$2:$A$200,">0")=0,"No orders",_xlfn.MAXIFS(Orders!$A$2:$A$200,Orders!$B$2:$B$200,A6))) | C6: =IF(AND(ISNUMBER(B6),ISNUMBER(Settings!$B$1)),Settings!$B$1-B6,"") | D6: =IF(A6="","",IF(Settings!$B$3<>"OK","Check settings",IF(NOT(ISNUMBER(C6)),"No orders",IF(C6>Settings!$B$2,"Lapsed","Active")))) | E6: =IF(A6="","",SUMIF(Orders!$B$2:$B$200,A6,Orders!$C$2:$C$200)) | G6: Active | H6: =COUNTIF(D5:D54,"Active")
A7: Cora Lind | B7: =IF(A7="","",IF(COUNTIFS(Orders!$B$2:$B$200,A7,Orders!$A$2:$A$200,">0")=0,"No orders",_xlfn.MAXIFS(Orders!$A$2:$A$200,Orders!$B$2:$B$200,A7))) | C7: =IF(AND(ISNUMBER(B7),ISNUMBER(Settings!$B$1)),Settings!$B$1-B7,"") | D7: =IF(A7="","",IF(Settings!$B$3<>"OK","Check settings",IF(NOT(ISNUMBER(C7)),"No orders",IF(C7>Settings!$B$2,"Lapsed","Active")))) | E7: =IF(A7="","",SUMIF(Orders!$B$2:$B$200,A7,Orders!$C$2:$C$200)) | G7: Lapsed | H7: =COUNTIF(D5:D54,"Lapsed")
A8: Dev Kapoor | B8: =IF(A8="","",IF(COUNTIFS(Orders!$B$2:$B$200,A8,Orders!$A$2:$A$200,">0")=0,"No orders",_xlfn.MAXIFS(Orders!$A$2:$A$200,Orders!$B$2:$B$200,A8))) | C8: =IF(AND(ISNUMBER(B8),ISNUMBER(Settings!$B$1)),Settings!$B$1-B8,"") | D8: =IF(A8="","",IF(Settings!$B$3<>"OK","Check settings",IF(NOT(ISNUMBER(C8)),"No orders",IF(C8>Settings!$B$2,"Lapsed","Active")))) | E8: =IF(A8="","",SUMIF(Orders!$B$2:$B$200,A8,Orders!$C$2:$C$200)) | G8: No orders | H8: =COUNTIF(D5:D54,"No orders")
A9: Elena Marsh | B9: =IF(A9="","",IF(COUNTIFS(Orders!$B$2:$B$200,A9,Orders!$A$2:$A$200,">0")=0,"No orders",_xlfn.MAXIFS(Orders!$A$2:$A$200,Orders!$B$2:$B$200,A9))) | C9: =IF(AND(ISNUMBER(B9),ISNUMBER(Settings!$B$1)),Settings!$B$1-B9,"") | D9: =IF(A9="","",IF(Settings!$B$3<>"OK","Check settings",IF(NOT(ISNUMBER(C9)),"No orders",IF(C9>Settings!$B$2,"Lapsed","Active")))) | E9: =IF(A9="","",SUMIF(Orders!$B$2:$B$200,A9,Orders!$C$2:$C$200)) | G9: Lifetime spend of the lapsed customers | H9: =SUMIF(D5:D54,"Lapsed",E5:E54)
A10: Felix Ode | B10: =IF(A10="","",IF(COUNTIFS(Orders!$B$2:$B$200,A10,Orders!$A$2:$A$200,">0")=0,"No orders",_xlfn.MAXIFS(Orders!$A$2:$A$200,Orders!$B$2:$B$200,A10))) | C10: =IF(AND(ISNUMBER(B10),ISNUMBER(Settings!$B$1)),Settings!$B$1-B10,"") | D10: =IF(A10="","",IF(Settings!$B$3<>"OK","Check settings",IF(NOT(ISNUMBER(C10)),"No orders",IF(C10>Settings!$B$2,"Lapsed","Active")))) | E10: =IF(A10="","",SUMIF(Orders!$B$2:$B$200,A10,Orders!$C$2:$C$200)) | G10: Orders for a name not in the Customers list | H10: =SUMPRODUCT(--(Orders!$B$2:$B$200<>""),--(COUNTIF(A5:A54,Orders!$B$2:$B$200)=0))
A11: Grace Hale | B11: =IF(A11="","",IF(COUNTIFS(Orders!$B$2:$B$200,A11,Orders!$A$2:$A$200,">0")=0,"No orders",_xlfn.MAXIFS(Orders!$A$2:$A$200,Orders!$B$2:$B$200,A11))) | C11: =IF(AND(ISNUMBER(B11),ISNUMBER(Settings!$B$1)),Settings!$B$1-B11,"") | D11: =IF(A11="","",IF(Settings!$B$3<>"OK","Check settings",IF(NOT(ISNUMBER(C11)),"No orders",IF(C11>Settings!$B$2,"Lapsed","Active")))) | E11: =IF(A11="","",SUMIF(Orders!$B$2:$B$200,A11,Orders!$C$2:$C$200)) | G11: Orders dated after the as-of date | H11: =COUNTIF(Orders!$A$2:$A$200,">"&Settings!B1)
A12: Hugo Park | B12: =IF(A12="","",IF(COUNTIFS(Orders!$B$2:$B$200,A12,Orders!$A$2:$A$200,">0")=0,"No orders",_xlfn.MAXIFS(Orders!$A$2:$A$200,Orders!$B$2:$B$200,A12))) | C12: =IF(AND(ISNUMBER(B12),ISNUMBER(Settings!$B$1)),Settings!$B$1-B12,"") | D12: =IF(A12="","",IF(Settings!$B$3<>"OK","Check settings",IF(NOT(ISNUMBER(C12)),"No orders",IF(C12>Settings!$B$2,"Lapsed","Active")))) | E12: =IF(A12="","",SUMIF(Orders!$B$2:$B$200,A12,Orders!$C$2:$C$200)) | G12: Check: Active + Lapsed + No orders = customers, every order has a listed customer | H12: =IF(AND(Settings!B3="OK",H6+H7+H8=H5,H10=0,SUMPRODUCT((A5:A54<>"")*(COUNTIF(A5:A54,A5:A54)>1))=0,COUNTA(A55:A500)=0),"OK","CHECK")
A13: Iris Wong | B13: =IF(A13="","",IF(COUNTIFS(Orders!$B$2:$B$200,A13,Orders!$A$2:$A$200,">0")=0,"No orders",_xlfn.MAXIFS(Orders!$A$2:$A$200,Orders!$B$2:$B$200,A13))) | C13: =IF(AND(ISNUMBER(B13),ISNUMBER(Settings!$B$1)),Settings!$B$1-B13,"") | D13: =IF(A13="","",IF(Settings!$B$3<>"OK","Check settings",IF(NOT(ISNUMBER(C13)),"No orders",IF(C13>Settings!$B$2,"Lapsed","Active")))) | E13: =IF(A13="","",SUMIF(Orders!$B$2:$B$200,A13,Orders!$C$2:$C$200))
A14: Jonah Bell | B14: =IF(A14="","",IF(COUNTIFS(Orders!$B$2:$B$200,A14,Orders!$A$2:$A$200,">0")=0,"No orders",_xlfn.MAXIFS(Orders!$A$2:$A$200,Orders!$B$2:$B$200,A14))) | C14: =IF(AND(ISNUMBER(B14),ISNUMBER(Settings!$B$1)),Settings!$B$1-B14,"") | D14: =IF(A14="","",IF(Settings!$B$3<>"OK","Check settings",IF(NOT(ISNUMBER(C14)),"No orders",IF(C14>Settings!$B$2,"Lapsed","Active")))) | E14: =IF(A14="","",SUMIF(Orders!$B$2:$B$200,A14,Orders!$C$2:$C$200))
A15: Kira Stone | B15: =IF(A15="","",IF(COUNTIFS(Orders!$B$2:$B$200,A15,Orders!$A$2:$A$200,">0")=0,"No orders",_xlfn.MAXIFS(Orders!$A$2:$A$200,Orders!$B$2:$B$200,A15))) | C15: =IF(AND(ISNUMBER(B15),ISNUMBER(Settings!$B$1)),Settings!$B$1-B15,"") | D15: =IF(A15="","",IF(Settings!$B$3<>"OK","Check settings",IF(NOT(ISNUMBER(C15)),"No orders",IF(C15>Settings!$B$2,"Lapsed","Active")))) | E15: =IF(A15="","",SUMIF(Orders!$B$2:$B$200,A15,Orders!$C$2:$C$200))
A16: Leo Navarro | B16: =IF(A16="","",IF(COUNTIFS(Orders!$B$2:$B$200,A16,Orders!$A$2:$A$200,">0")=0,"No orders",_xlfn.MAXIFS(Orders!$A$2:$A$200,Orders!$B$2:$B$200,A16))) | C16: =IF(AND(ISNUMBER(B16),ISNUMBER(Settings!$B$1)),Settings!$B$1-B16,"") | D16: =IF(A16="","",IF(Settings!$B$3<>"OK","Check settings",IF(NOT(ISNUMBER(C16)),"No orders",IF(C16>Settings!$B$2,"Lapsed","Active")))) | E16: =IF(A16="","",SUMIF(Orders!$B$2:$B$200,A16,Orders!$C$2:$C$200))
A17: Maya Cole | B17: =IF(A17="","",IF(COUNTIFS(Orders!$B$2:$B$200,A17,Orders!$A$2:$A$200,">0")=0,"No orders",_xlfn.MAXIFS(Orders!$A$2:$A$200,Orders!$B$2:$B$200,A17))) | C17: =IF(AND(ISNUMBER(B17),ISNUMBER(Settings!$B$1)),Settings!$B$1-B17,"") | D17: =IF(A17="","",IF(Settings!$B$3<>"OK","Check settings",IF(NOT(ISNUMBER(C17)),"No orders",IF(C17>Settings!$B$2,"Lapsed","Active")))) | E17: =IF(A17="","",SUMIF(Orders!$B$2:$B$200,A17,Orders!$C$2:$C$200))
A18: Nate Dunn | B18: =IF(A18="","",IF(COUNTIFS(Orders!$B$2:$B$200,A18,Orders!$A$2:$A$200,">0")=0,"No orders",_xlfn.MAXIFS(Orders!$A$2:$A$200,Orders!$B$2:$B$200,A18))) | C18: =IF(AND(ISNUMBER(B18),ISNUMBER(Settings!$B$1)),Settings!$B$1-B18,"") | D18: =IF(A18="","",IF(Settings!$B$3<>"OK","Check settings",IF(NOT(ISNUMBER(C18)),"No orders",IF(C18>Settings!$B$2,"Lapsed","Active")))) | E18: =IF(A18="","",SUMIF(Orders!$B$2:$B$200,A18,Orders!$C$2:$C$200))
A19: Opal Frost | B19: =IF(A19="","",IF(COUNTIFS(Orders!$B$2:$B$200,A19,Orders!$A$2:$A$200,">0")=0,"No orders",_xlfn.MAXIFS(Orders!$A$2:$A$200,Orders!$B$2:$B$200,A19))) | C19: =IF(AND(ISNUMBER(B19),ISNUMBER(Settings!$B$1)),Settings!$B$1-B19,"") | D19: =IF(A19="","",IF(Settings!$B$3<>"OK","Check settings",IF(NOT(ISNUMBER(C19)),"No orders",IF(C19>Settings!$B$2,"Lapsed","Active")))) | E19: =IF(A19="","",SUMIF(Orders!$B$2:$B$200,A19,Orders!$C$2:$C$200))
B20: =IF(A20="","",IF(COUNTIFS(Orders!$B$2:$B$200,A20,Orders!$A$2:$A$200,">0")=0,"No orders",_xlfn.MAXIFS(Orders!$A$2:$A$200,Orders!$B$2:$B$200,A20))) | C20: =IF(AND(ISNUMBER(B20),ISNUMBER(Settings!$B$1)),Settings!$B$1-B20,"") | D20: =IF(A20="","",IF(Settings!$B$3<>"OK","Check settings",IF(NOT(ISNUMBER(C20)),"No orders",IF(C20>Settings!$B$2,"Lapsed","Active")))) | E20: =IF(A20="","",SUMIF(Orders!$B$2:$B$200,A20,Orders!$C$2:$C$200))
B21: =IF(A21="","",IF(COUNTIFS(Orders!$B$2:$B$200,A21,Orders!$A$2:$A$200,">0")=0,"No orders",_xlfn.MAXIFS(Orders!$A$2:$A$200,Orders!$B$2:$B$200,A21))) | C21: =IF(AND(ISNUMBER(B21),ISNUMBER(Settings!$B$1)),Settings!$B$1-B21,"") | D21: =IF(A21="","",IF(Settings!$B$3<>"OK","Check settings",IF(NOT(ISNUMBER(C21)),"No orders",IF(C21>Settings!$B$2,"Lapsed","Active")))) | E21: =IF(A21="","",SUMIF(Orders!$B$2:$B$200,A21,Orders!$C$2:$C$200))
B22: =IF(A22="","",IF(COUNTIFS(Orders!$B$2:$B$200,A22,Orders!$A$2:$A$200,">0")=0,"No orders",_xlfn.MAXIFS(Orders!$A$2:$A$200,Orders!$B$2:$B$200,A22))) | C22: =IF(AND(ISNUMBER(B22),ISNUMBER(Settings!$B$1)),Settings!$B$1-B22,"") | D22: =IF(A22="","",IF(Settings!$B$3<>"OK","Check settings",IF(NOT(ISNUMBER(C22)),"No orders",IF(C22>Settings!$B$2,"Lapsed","Active")))) | E22: =IF(A22="","",SUMIF(Orders!$B$2:$B$200,A22,Orders!$C$2:$C$200))
B23: =IF(A23="","",IF(COUNTIFS(Orders!$B$2:$B$200,A23,Orders!$A$2:$A$200,">0")=0,"No orders",_xlfn.MAXIFS(Orders!$A$2:$A$200,Orders!$B$2:$B$200,A23))) | C23: =IF(AND(ISNUMBER(B23),ISNUMBER(Settings!$B$1)),Settings!$B$1-B23,"") | D23: =IF(A23="","",IF(Settings!$B$3<>"OK","Check settings",IF(NOT(ISNUMBER(C23)),"No orders",IF(C23>Settings!$B$2,"Lapsed","Active")))) | E23: =IF(A23="","",SUMIF(Orders!$B$2:$B$200,A23,Orders!$C$2:$C$200))
B24: =IF(A24="","",IF(COUNTIFS(Orders!$B$2:$B$200,A24,Orders!$A$2:$A$200,">0")=0,"No orders",_xlfn.MAXIFS(Orders!$A$2:$A$200,Orders!$B$2:$B$200,A24))) | C24: =IF(AND(ISNUMBER(B24),ISNUMBER(Settings!$B$1)),Settings!$B$1-B24,"") | D24: =IF(A24="","",IF(Settings!$B$3<>"OK","Check settings",IF(NOT(ISNUMBER(C24)),"No orders",IF(C24>Settings!$B$2,"Lapsed","Active")))) | E24: =IF(A24="","",SUMIF(Orders!$B$2:$B$200,A24,Orders!$C$2:$C$200))
B25: =IF(A25="","",IF(COUNTIFS(Orders!$B$2:$B$200,A25,Orders!$A$2:$A$200,">0")=0,"No orders",_xlfn.MAXIFS(Orders!$A$2:$A$200,Orders!$B$2:$B$200,A25))) | C25: =IF(AND(ISNUMBER(B25),ISNUMBER(Settings!$B$1)),Settings!$B$1-B25,"") | D25: =IF(A25="","",IF(Settings!$B$3<>"OK","Check settings",IF(NOT(ISNUMBER(C25)),"No orders",IF(C25>Settings!$B$2,"Lapsed","Active")))) | E25: =IF(A25="","",SUMIF(Orders!$B$2:$B$200,A25,Orders!$C$2:$C$200))
B26: =IF(A26="","",IF(COUNTIFS(Orders!$B$2:$B$200,A26,Orders!$A$2:$A$200,">0")=0,"No orders",_xlfn.MAXIFS(Orders!$A$2:$A$200,Orders!$B$2:$B$200,A26))) | C26: =IF(AND(ISNUMBER(B26),ISNUMBER(Settings!$B$1)),Settings!$B$1-B26,"") | D26: =IF(A26="","",IF(Settings!$B$3<>"OK","Check settings",IF(NOT(ISNUMBER(C26)),"No orders",IF(C26>Settings!$B$2,"Lapsed","Active")))) | E26: =IF(A26="","",SUMIF(Orders!$B$2:$B$200,A26,Orders!$C$2:$C$200))
B27: =IF(A27="","",IF(COUNTIFS(Orders!$B$2:$B$200,A27,Orders!$A$2:$A$200,">0")=0,"No orders",_xlfn.MAXIFS(Orders!$A$2:$A$200,Orders!$B$2:$B$200,A27))) | C27: =IF(AND(ISNUMBER(B27),ISNUMBER(Settings!$B$1)),Settings!$B$1-B27,"") | D27: =IF(A27="","",IF(Settings!$B$3<>"OK","Check settings",IF(NOT(ISNUMBER(C27)),"No orders",IF(C27>Settings!$B$2,"Lapsed","Active")))) | E27: =IF(A27="","",SUMIF(Orders!$B$2:$B$200,A27,Orders!$C$2:$C$200))
B28: =IF(A28="","",IF(COUNTIFS(Orders!$B$2:$B$200,A28,Orders!$A$2:$A$200,">0")=0,"No orders",_xlfn.MAXIFS(Orders!$A$2:$A$200,Orders!$B$2:$B$200,A28))) | C28: =IF(AND(ISNUMBER(B28),ISNUMBER(Settings!$B$1)),Settings!$B$1-B28,"") | D28: =IF(A28="","",IF(Settings!$B$3<>"OK","Check settings",IF(NOT(ISNUMBER(C28)),"No orders",IF(C28>Settings!$B$2,"Lapsed","Active")))) | E28: =IF(A28="","",SUMIF(Orders!$B$2:$B$200,A28,Orders!$C$2:$C$200))
B29: =IF(A29="","",IF(COUNTIFS(Orders!$B$2:$B$200,A29,Orders!$A$2:$A$200,">0")=0,"No orders",_xlfn.MAXIFS(Orders!$A$2:$A$200,Orders!$B$2:$B$200,A29))) | C29: =IF(AND(ISNUMBER(B29),ISNUMBER(Settings!$B$1)),Settings!$B$1-B29,"") | D29: =IF(A29="","",IF(Settings!$B$3<>"OK","Check settings",IF(NOT(ISNUMBER(C29)),"No orders",IF(C29>Settings!$B$2,"Lapsed","Active")))) | E29: =IF(A29="","",SUMIF(Orders!$B$2:$B$200,A29,Orders!$C$2:$C$200))
B30: =IF(A30="","",IF(COUNTIFS(Orders!$B$2:$B$200,A30,Orders!$A$2:$A$200,">0")=0,"No orders",_xlfn.MAXIFS(Orders!$A$2:$A$200,Orders!$B$2:$B$200,A30))) | C30: =IF(AND(ISNUMBER(B30),ISNUMBER(Settings!$B$1)),Settings!$B$1-B30,"") | D30: =IF(A30="","",IF(Settings!$B$3<>"OK","Check settings",IF(NOT(ISNUMBER(C30)),"No orders",IF(C30>Settings!$B$2,"Lapsed","Active")))) | E30: =IF(A30="","",SUMIF(Orders!$B$2:$B$200,A30,Orders!$C$2:$C$200))
B31: =IF(A31="","",IF(COUNTIFS(Orders!$B$2:$B$200,A31,Orders!$A$2:$A$200,">0")=0,"No orders",_xlfn.MAXIFS(Orders!$A$2:$A$200,Orders!$B$2:$B$200,A31))) | C31: =IF(AND(ISNUMBER(B31),ISNUMBER(Settings!$B$1)),Settings!$B$1-B31,"") | D31: =IF(A31="","",IF(Settings!$B$3<>"OK","Check settings",IF(NOT(ISNUMBER(C31)),"No orders",IF(C31>Settings!$B$2,"Lapsed","Active")))) | E31: =IF(A31="","",SUMIF(Orders!$B$2:$B$200,A31,Orders!$C$2:$C$200))
... B54: =IF(A54="","",IF(COUNTIFS(Orders!$B$2:$B$200,A54,Orders!$A$2:$A$200,">0")=0,"No orders",_xlfn.MAXIFS(Orders!$A$2:$A$200,Orders!$B$2:$B$200,A54))) | C54: =IF(AND(ISNUMBER(B54),ISNUMBER(Settings!$B$1)),Settings!$B$1-B54,"") | D54: =IF(A54="","",IF(Settings!$B$3<>"OK","Check settings",IF(NOT(ISNUMBER(C54)),"No orders",IF(C54>Settings!$B$2,"Lapsed","Active")))) | E54: =IF(A54="","",SUMIF(Orders!$B$2:$B$200,A54,Orders!$C$2:$C$200))

Sheet Settings
A1: As-of date | B1: 46325
A2: Days without an order | B2: 90
A3: Settings check | B3: =IF(AND(ISNUMBER(B1),ISNUMBER(B2)),IF(AND(B2>=0,B2=INT(B2)),"OK","Days must be a whole number, 0 or more"),"Type a date and a number in the yellow cells")
A5: The as-of date is typed on purpose, so the results do not change when the file is opened later.

Sheet How to use
A1: Tidy Tabs: Flag Customers Who Have Not Ordered in 90 Days
A3: 1. Settings tab: type the as-of date in B1 (yellow, 10/30/2026) and the number of days in B2 (yellow, 90). B3 shows OK when B1 is a date and B2 is a whole number, 0 or more.
A4: 2. Orders tab: one row per order in A2:C200 (yellow): date, customer, amount. The sample is 40 fictional orders. Customers tab: type the customer names in A5:A54 (yellow); the sample has 15 fictional names.
A5: 3. Last order, B5: =IF(COUNTIFS(Orders!$B$2:$B$200,A5,Orders!$A$2:$A$200,">0")=0,"No orders",MAXIFS(Orders!$A$2:$A$200,Orders!$B$2:$B$200,A5)). MAXIFS needs Excel 2019 or newer; the file stores it as _xlfn.MAXIFS. It is not tested in Excel here. The COUNTIFS part stops a customer with no dated orders from showing 0 (a date of 12/30/1899). An order whose date is typed as text is ignored.
A6: 4. Days since, C5: =IF(ISNUMBER(B5),Settings!$B$1-B5,""). Status, D5: Lapsed when the days since are more than the cutoff, Active when they are not, No orders when there is no order. Exactly 90 days is still Active; 91 is Lapsed.
A7: 5. Lifetime spend, E5: =SUMIF(Orders!$B$2:$B$200,A5,Orders!$C$2:$C$200).
A8: 6. Summary, G5:H12: customers, Active, Lapsed, No orders, the lifetime spend of the lapsed customers, orders whose customer name is not in the list (a different spelling or a trailing space), and orders dated after the as-of date (those give a negative days since, which stays Active). H12 shows OK when the three statuses add up to the customers, every order name is in the list, no name is listed twice, the settings are valid and nothing is typed below row 54.
A9: 7. To make the answer change every day, type =TODAY() in Settings B1. The flags then move each day and a file you saved last month will show different statuses when you open it.
A10: 8. These are only labels from dates. They do not say whether or how to contact anyone.
A12: Customers, dates and amounts are fictional. Checked in LibreOffice Calc only; not opened in Excel or Google Sheets.
A13: Google Sheets: File > Import > Upload this .xlsx.
