Workbook

Sheet Entries
A1: Type or paste entries in A5:B34. Each row is one entry, so a name typed twice has two chances.
A2: RAND picks new numbers every time anything changes. Copy C5:D34, then Paste special > Values only, to freeze a draw.
A4: Name | B4: City | C4: Random number | D4: Draw order | E4: Result
A5: Alma | B5: Denver | C5: =IF(A5="","",RAND()) | D5: =IF(A5="","",RANK(C5,$C$5:$C$34)+COUNTIF($C$5:C5,C5)-1) | E5: =IF(D5="","",IF(D5<=Winners!$F$2,"Winner",""))
A6: Ben | B6: Tulsa | C6: =IF(A6="","",RAND()) | D6: =IF(A6="","",RANK(C6,$C$5:$C$34)+COUNTIF($C$5:C6,C6)-1) | E6: =IF(D6="","",IF(D6<=Winners!$F$2,"Winner",""))
A7: Cora | B7: Austin | C7: =IF(A7="","",RAND()) | D7: =IF(A7="","",RANK(C7,$C$5:$C$34)+COUNTIF($C$5:C7,C7)-1) | E7: =IF(D7="","",IF(D7<=Winners!$F$2,"Winner",""))
A8: Dev | B8: Boise | C8: =IF(A8="","",RAND()) | D8: =IF(A8="","",RANK(C8,$C$5:$C$34)+COUNTIF($C$5:C8,C8)-1) | E8: =IF(D8="","",IF(D8<=Winners!$F$2,"Winner",""))
A9: Elena | B9: Reno | C9: =IF(A9="","",RAND()) | D9: =IF(A9="","",RANK(C9,$C$5:$C$34)+COUNTIF($C$5:C9,C9)-1) | E9: =IF(D9="","",IF(D9<=Winners!$F$2,"Winner",""))
A10: Felix | B10: Omaha | C10: =IF(A10="","",RAND()) | D10: =IF(A10="","",RANK(C10,$C$5:$C$34)+COUNTIF($C$5:C10,C10)-1) | E10: =IF(D10="","",IF(D10<=Winners!$F$2,"Winner",""))
A11: Grace | B11: Mesa | C11: =IF(A11="","",RAND()) | D11: =IF(A11="","",RANK(C11,$C$5:$C$34)+COUNTIF($C$5:C11,C11)-1) | E11: =IF(D11="","",IF(D11<=Winners!$F$2,"Winner",""))
A12: Hugo | B12: Provo | C12: =IF(A12="","",RAND()) | D12: =IF(A12="","",RANK(C12,$C$5:$C$34)+COUNTIF($C$5:C12,C12)-1) | E12: =IF(D12="","",IF(D12<=Winners!$F$2,"Winner",""))
A13: Iris | B13: Salem | C13: =IF(A13="","",RAND()) | D13: =IF(A13="","",RANK(C13,$C$5:$C$34)+COUNTIF($C$5:C13,C13)-1) | E13: =IF(D13="","",IF(D13<=Winners!$F$2,"Winner",""))
A14: Jonah | B14: Fargo | C14: =IF(A14="","",RAND()) | D14: =IF(A14="","",RANK(C14,$C$5:$C$34)+COUNTIF($C$5:C14,C14)-1) | E14: =IF(D14="","",IF(D14<=Winners!$F$2,"Winner",""))
A15: Kira | B15: Macon | C15: =IF(A15="","",RAND()) | D15: =IF(A15="","",RANK(C15,$C$5:$C$34)+COUNTIF($C$5:C15,C15)-1) | E15: =IF(D15="","",IF(D15<=Winners!$F$2,"Winner",""))
A16: Leo | B16: Dayton | C16: =IF(A16="","",RAND()) | D16: =IF(A16="","",RANK(C16,$C$5:$C$34)+COUNTIF($C$5:C16,C16)-1) | E16: =IF(D16="","",IF(D16<=Winners!$F$2,"Winner",""))
... A34: Dante | B34: Salem | C34: =IF(A34="","",RAND()) | D34: =IF(A34="","",RANK(C34,$C$5:$C$34)+COUNTIF($C$5:C34,C34)-1) | E34: =IF(D34="","",IF(D34<=Winners!$F$2,"Winner",""))

Sheet Winners
A1: Number of winners (1 to 10) | B1: 3 | E1: Entries counted | F1: =COUNTA(Entries!$A$5:$A$34)
A2: Winners check | B2: =IF(ISNUMBER(B1),IF(AND(B1>=1,B1<=10,B1=INT(B1)),IF(F1=0,"Add names on the Entries tab",IF(B1>F1,"Fewer entries ("&F1&") than winners: all of them win","OK")),"Winners must be a whole number from 1 to 10"),"Winners must be a number") | E2: Winners to draw | F2: =IF(ISNUMBER(B1),IF(AND(B1>=1,B1<=10,B1=INT(B1)),MIN(B1,F1),0),0)
E3: Winners listed | F3: =SUMPRODUCT(--(B5:B14<>""))
A4: No. | B4: Winner | C4: City | E4: Rows marked Winner on Entries | F4: =COUNTIF(Entries!$E$5:$E$34,"Winner")
A5: =IF(ROWS(A$5:A5)<=$F$2,ROWS(A$5:A5),"") | B5: =IF(A5="","",INDEX(Entries!$A$5:$A$34,MATCH(A5,Entries!$D$5:$D$34,0))&"") | C5: =IF(A5="","",INDEX(Entries!$B$5:$B$34,MATCH(A5,Entries!$D$5:$D$34,0))&"") | E5: Check: no repeats, all in the list, right count | F5: =IF(AND(F1>=1,F2>=1,F3=F2,F4=F2,MAX(Entries!$D$5:$D$34)=F1,COUNT(Entries!$D$5:$D$34)=F1,SUMPRODUCT((Entries!$D$5:$D$34<>"")*(COUNTIF(Entries!$D$5:$D$34,Entries!$D$5:$D$34)>1))=0,SUMPRODUCT(--(B5:B14<>""),--(COUNTIF(Entries!$A$5:$A$34,B5:B14)>0))=F3,COUNTA(Entries!A35:A500)=0),"OK","CHECK")
A6: =IF(ROWS(A$5:A6)<=$F$2,ROWS(A$5:A6),"") | B6: =IF(A6="","",INDEX(Entries!$A$5:$A$34,MATCH(A6,Entries!$D$5:$D$34,0))&"") | C6: =IF(A6="","",INDEX(Entries!$B$5:$B$34,MATCH(A6,Entries!$D$5:$D$34,0))&"")
A7: =IF(ROWS(A$5:A7)<=$F$2,ROWS(A$5:A7),"") | B7: =IF(A7="","",INDEX(Entries!$A$5:$A$34,MATCH(A7,Entries!$D$5:$D$34,0))&"") | C7: =IF(A7="","",INDEX(Entries!$B$5:$B$34,MATCH(A7,Entries!$D$5:$D$34,0))&"")
A8: =IF(ROWS(A$5:A8)<=$F$2,ROWS(A$5:A8),"") | B8: =IF(A8="","",INDEX(Entries!$A$5:$A$34,MATCH(A8,Entries!$D$5:$D$34,0))&"") | C8: =IF(A8="","",INDEX(Entries!$B$5:$B$34,MATCH(A8,Entries!$D$5:$D$34,0))&"")
A9: =IF(ROWS(A$5:A9)<=$F$2,ROWS(A$5:A9),"") | B9: =IF(A9="","",INDEX(Entries!$A$5:$A$34,MATCH(A9,Entries!$D$5:$D$34,0))&"") | C9: =IF(A9="","",INDEX(Entries!$B$5:$B$34,MATCH(A9,Entries!$D$5:$D$34,0))&"")
A10: =IF(ROWS(A$5:A10)<=$F$2,ROWS(A$5:A10),"") | B10: =IF(A10="","",INDEX(Entries!$A$5:$A$34,MATCH(A10,Entries!$D$5:$D$34,0))&"") | C10: =IF(A10="","",INDEX(Entries!$B$5:$B$34,MATCH(A10,Entries!$D$5:$D$34,0))&"")
A11: =IF(ROWS(A$5:A11)<=$F$2,ROWS(A$5:A11),"") | B11: =IF(A11="","",INDEX(Entries!$A$5:$A$34,MATCH(A11,Entries!$D$5:$D$34,0))&"") | C11: =IF(A11="","",INDEX(Entries!$B$5:$B$34,MATCH(A11,Entries!$D$5:$D$34,0))&"")
A12: =IF(ROWS(A$5:A12)<=$F$2,ROWS(A$5:A12),"") | B12: =IF(A12="","",INDEX(Entries!$A$5:$A$34,MATCH(A12,Entries!$D$5:$D$34,0))&"") | C12: =IF(A12="","",INDEX(Entries!$B$5:$B$34,MATCH(A12,Entries!$D$5:$D$34,0))&"")
A13: =IF(ROWS(A$5:A13)<=$F$2,ROWS(A$5:A13),"") | B13: =IF(A13="","",INDEX(Entries!$A$5:$A$34,MATCH(A13,Entries!$D$5:$D$34,0))&"") | C13: =IF(A13="","",INDEX(Entries!$B$5:$B$34,MATCH(A13,Entries!$D$5:$D$34,0))&"")
A14: =IF(ROWS(A$5:A14)<=$F$2,ROWS(A$5:A14),"") | B14: =IF(A14="","",INDEX(Entries!$A$5:$A$34,MATCH(A14,Entries!$D$5:$D$34,0))&"") | C14: =IF(A14="","",INDEX(Entries!$B$5:$B$34,MATCH(A14,Entries!$D$5:$D$34,0))&"")

Sheet How to use
A1: Tidy Tabs: Pick Random Giveaway Winners With No Repeats
A3: 1. Entries tab: type the name and city of each entry in A5:B34 (yellow, 30 rows; the sample is 30 fictional names). Each row is one entry. Winners tab: type how many winners to draw in B1 (yellow, 1 to 10, the sample is 3).
A4: 2. Random number, C5: =IF(A5="","",RAND()). RAND gives a new number between 0 and 1 every time the sheet recalculates, which is whenever you edit a cell or open the file. So the draw changes on every edit and the winners on this file differ each time it opens.
A5: 3. Draw order, D5: =IF(A5="","",RANK(C5,$C$5:$C$34)+COUNTIF($C$5:C5,C5)-1). RANK puts the biggest random number first. Adding COUNTIF($C$5:C5,C5)-1 breaks a tie, so every filled row gets its own order number 1, 2, 3 ... up to the number of entries, with none repeated.
A6: 4. Winners, Winners!B5: =IF(A5="","",INDEX(Entries!$A$5:$A$34,MATCH(A5,Entries!$D$5:$D$34,0))&""). The winners are the rows whose draw order is 1, 2, 3 and so on up to the number you asked for. A row can win only once. Winning rows turn green on the Entries tab.
A7: 5. To freeze a draw: select Entries C5:D34, Copy, then Paste special > Values only (Google Sheets: Edit > Paste special > Values only). The numbers stay put and the winners stop changing. Do this before you share the result or edit anything.
A8: 6. If the winners number is larger than the entries, B2 says so and every entry is listed. A blank row in the list is skipped. Two entries with the same name are two rows, so both can win (or only one).
A9: 7. Check, Winners!F5: shows OK when the draw order is 1 to N with no repeats, the number of winners listed equals the number asked for (or the entries, if fewer), every winner is in the list and nothing is typed below row 34.
A10: 8. RAND is pseudo-random and has no audit trail. This sheet does not say how to run a giveaway, what rules apply or how to announce results.
A12: Names and cities are fictional. Checked in LibreOffice Calc only; not opened in Excel or Google Sheets.
A13: Google Sheets: File > Import > Upload this .xlsx.
