Workbook

Sheet Report
A1: Vendor | B1: Product | C1: Amount
A2: Pine Hollow Candles | B2: Cedar candle | C2: 54
B3: Balsam candle | C3: 48
B4: Wick refill pack | C4: 18.5
A5: Salt Marsh Soap | B5: Sea salt bar | C5: 30
B6: Oat bar | C6: 27.5
B7: Gift set | C7: 66
B8: Soap dish | C8: 21
A9: Willow & Wick | B9: Birch candle | C9: 40
B10: Match box | C10: 12
A11: Bramble Jam Co. | B11: Blackberry jam | C11: 36
B12: Peach jam | C12: 33
B13: Jam sampler | C13: 45
A14: Sunny Creek Pottery | B14: Mug | C14: 64
B15: Bowl | C15: 52
B16: Vase | C16: 85

Sheet Filled
A1: Vendor (fill down) | B1: Vendor (fill down, spaces too) | C1: Product | D1: Amount | F1: Vendor (type names) | G1: Total on Report | H1: Total, fill down | I1: Total, spaces too
A2: =IF(AND(Report!A2="",Report!B2="",Report!C2=""),"",IF(Report!A2="","",Report!A2)) | B2: =IF(AND(Report!A2="",Report!B2="",Report!C2=""),"",TRIM(Report!A2)) | C2: =IF(Report!B2="","",Report!B2) | D2: =IF(Report!C2="","",Report!C2) | F2: Pine Hollow Candles | G2: =IF(F2="","",SUMIFS(Report!$C$2:$C$60,Report!$A$2:$A$60,F2)) | H2: =IF(F2="","",SUMIFS($D$2:$D$60,$A$2:$A$60,F2)) | I2: =IF(F2="","",SUMIFS($D$2:$D$60,$B$2:$B$60,F2))
A3: =IF(AND(Report!A3="",Report!B3="",Report!C3=""),"",IF(Report!A3="",A2,Report!A3)) | B3: =IF(AND(Report!A3="",Report!B3="",Report!C3=""),"",IF(TRIM(Report!A3)="",B2,TRIM(Report!A3))) | C3: =IF(Report!B3="","",Report!B3) | D3: =IF(Report!C3="","",Report!C3) | F3: Salt Marsh Soap | G3: =IF(F3="","",SUMIFS(Report!$C$2:$C$60,Report!$A$2:$A$60,F3)) | H3: =IF(F3="","",SUMIFS($D$2:$D$60,$A$2:$A$60,F3)) | I3: =IF(F3="","",SUMIFS($D$2:$D$60,$B$2:$B$60,F3))
A4: =IF(AND(Report!A4="",Report!B4="",Report!C4=""),"",IF(Report!A4="",A3,Report!A4)) | B4: =IF(AND(Report!A4="",Report!B4="",Report!C4=""),"",IF(TRIM(Report!A4)="",B3,TRIM(Report!A4))) | C4: =IF(Report!B4="","",Report!B4) | D4: =IF(Report!C4="","",Report!C4) | F4: Willow & Wick | G4: =IF(F4="","",SUMIFS(Report!$C$2:$C$60,Report!$A$2:$A$60,F4)) | H4: =IF(F4="","",SUMIFS($D$2:$D$60,$A$2:$A$60,F4)) | I4: =IF(F4="","",SUMIFS($D$2:$D$60,$B$2:$B$60,F4))
A5: =IF(AND(Report!A5="",Report!B5="",Report!C5=""),"",IF(Report!A5="",A4,Report!A5)) | B5: =IF(AND(Report!A5="",Report!B5="",Report!C5=""),"",IF(TRIM(Report!A5)="",B4,TRIM(Report!A5))) | C5: =IF(Report!B5="","",Report!B5) | D5: =IF(Report!C5="","",Report!C5) | F5: Bramble Jam Co. | G5: =IF(F5="","",SUMIFS(Report!$C$2:$C$60,Report!$A$2:$A$60,F5)) | H5: =IF(F5="","",SUMIFS($D$2:$D$60,$A$2:$A$60,F5)) | I5: =IF(F5="","",SUMIFS($D$2:$D$60,$B$2:$B$60,F5))
A6: =IF(AND(Report!A6="",Report!B6="",Report!C6=""),"",IF(Report!A6="",A5,Report!A6)) | B6: =IF(AND(Report!A6="",Report!B6="",Report!C6=""),"",IF(TRIM(Report!A6)="",B5,TRIM(Report!A6))) | C6: =IF(Report!B6="","",Report!B6) | D6: =IF(Report!C6="","",Report!C6) | F6: Sunny Creek Pottery | G6: =IF(F6="","",SUMIFS(Report!$C$2:$C$60,Report!$A$2:$A$60,F6)) | H6: =IF(F6="","",SUMIFS($D$2:$D$60,$A$2:$A$60,F6)) | I6: =IF(F6="","",SUMIFS($D$2:$D$60,$B$2:$B$60,F6))
A7: =IF(AND(Report!A7="",Report!B7="",Report!C7=""),"",IF(Report!A7="",A6,Report!A7)) | B7: =IF(AND(Report!A7="",Report!B7="",Report!C7=""),"",IF(TRIM(Report!A7)="",B6,TRIM(Report!A7))) | C7: =IF(Report!B7="","",Report!B7) | D7: =IF(Report!C7="","",Report!C7) | G7: =IF(F7="","",SUMIFS(Report!$C$2:$C$60,Report!$A$2:$A$60,F7)) | H7: =IF(F7="","",SUMIFS($D$2:$D$60,$A$2:$A$60,F7)) | I7: =IF(F7="","",SUMIFS($D$2:$D$60,$B$2:$B$60,F7))
A8: =IF(AND(Report!A8="",Report!B8="",Report!C8=""),"",IF(Report!A8="",A7,Report!A8)) | B8: =IF(AND(Report!A8="",Report!B8="",Report!C8=""),"",IF(TRIM(Report!A8)="",B7,TRIM(Report!A8))) | C8: =IF(Report!B8="","",Report!B8) | D8: =IF(Report!C8="","",Report!C8) | G8: =IF(F8="","",SUMIFS(Report!$C$2:$C$60,Report!$A$2:$A$60,F8)) | H8: =IF(F8="","",SUMIFS($D$2:$D$60,$A$2:$A$60,F8)) | I8: =IF(F8="","",SUMIFS($D$2:$D$60,$B$2:$B$60,F8))
A9: =IF(AND(Report!A9="",Report!B9="",Report!C9=""),"",IF(Report!A9="",A8,Report!A9)) | B9: =IF(AND(Report!A9="",Report!B9="",Report!C9=""),"",IF(TRIM(Report!A9)="",B8,TRIM(Report!A9))) | C9: =IF(Report!B9="","",Report!B9) | D9: =IF(Report!C9="","",Report!C9) | F9: Checks
A10: =IF(AND(Report!A10="",Report!B10="",Report!C10=""),"",IF(Report!A10="",A9,Report!A10)) | B10: =IF(AND(Report!A10="",Report!B10="",Report!C10=""),"",IF(TRIM(Report!A10)="",B9,TRIM(Report!A10))) | C10: =IF(Report!B10="","",Report!B10) | D10: =IF(Report!C10="","",Report!C10) | F10: Rows with a product or amount | I10: =SUMPRODUCT(--(((Report!$B$2:$B$60<>"")+(Report!$C$2:$C$60<>""))>0))
A11: =IF(AND(Report!A11="",Report!B11="",Report!C11=""),"",IF(Report!A11="",A10,Report!A11)) | B11: =IF(AND(Report!A11="",Report!B11="",Report!C11=""),"",IF(TRIM(Report!A11)="",B10,TRIM(Report!A11))) | C11: =IF(Report!B11="","",Report!B11) | D11: =IF(Report!C11="","",Report!C11) | F11: Rows still blank in the vendor column (fill down) | I11: =SUMPRODUCT(--(((Report!$B$2:$B$60<>"")+(Report!$C$2:$C$60<>""))>0),--($A$2:$A$60=""))
A12: =IF(AND(Report!A12="",Report!B12="",Report!C12=""),"",IF(Report!A12="",A11,Report!A12)) | B12: =IF(AND(Report!A12="",Report!B12="",Report!C12=""),"",IF(TRIM(Report!A12)="",B11,TRIM(Report!A12))) | C12: =IF(Report!B12="","",Report!B12) | D12: =IF(Report!C12="","",Report!C12) | F12: Rows still blank (spaces too) | I12: =SUMPRODUCT(--(((Report!$B$2:$B$60<>"")+(Report!$C$2:$C$60<>""))>0),--($B$2:$B$60=""))
A13: =IF(AND(Report!A13="",Report!B13="",Report!C13=""),"",IF(Report!A13="",A12,Report!A13)) | B13: =IF(AND(Report!A13="",Report!B13="",Report!C13=""),"",IF(TRIM(Report!A13)="",B12,TRIM(Report!A13))) | C13: =IF(Report!B13="","",Report!B13) | D13: =IF(Report!C13="","",Report!C13) | F13: Total on Report | I13: =SUM(Report!C2:C60)
A14: =IF(AND(Report!A14="",Report!B14="",Report!C14=""),"",IF(Report!A14="",A13,Report!A14)) | B14: =IF(AND(Report!A14="",Report!B14="",Report!C14=""),"",IF(TRIM(Report!A14)="",B13,TRIM(Report!A14))) | C14: =IF(Report!B14="","",Report!B14) | D14: =IF(Report!C14="","",Report!C14) | F14: Total on Filled | I14: =SUM(D2:D60)
A15: =IF(AND(Report!A15="",Report!B15="",Report!C15=""),"",IF(Report!A15="",A14,Report!A15)) | B15: =IF(AND(Report!A15="",Report!B15="",Report!C15=""),"",IF(TRIM(Report!A15)="",B14,TRIM(Report!A15))) | C15: =IF(Report!B15="","",Report!B15) | D15: =IF(Report!C15="","",Report!C15) | F15: Check: no blanks left, totals equal | I15: =IF(AND(I11=0,I12=0,ABS(I13-I14)<0.005),"OK","CHECK")
A16: =IF(AND(Report!A16="",Report!B16="",Report!C16=""),"",IF(Report!A16="",A15,Report!A16)) | B16: =IF(AND(Report!A16="",Report!B16="",Report!C16=""),"",IF(TRIM(Report!A16)="",B15,TRIM(Report!A16))) | C16: =IF(Report!B16="","",Report!B16) | D16: =IF(Report!C16="","",Report!C16)
A17: =IF(AND(Report!A17="",Report!B17="",Report!C17=""),"",IF(Report!A17="",A16,Report!A17)) | B17: =IF(AND(Report!A17="",Report!B17="",Report!C17=""),"",IF(TRIM(Report!A17)="",B16,TRIM(Report!A17))) | C17: =IF(Report!B17="","",Report!B17) | D17: =IF(Report!C17="","",Report!C17)
A18: =IF(AND(Report!A18="",Report!B18="",Report!C18=""),"",IF(Report!A18="",A17,Report!A18)) | B18: =IF(AND(Report!A18="",Report!B18="",Report!C18=""),"",IF(TRIM(Report!A18)="",B17,TRIM(Report!A18))) | C18: =IF(Report!B18="","",Report!B18) | D18: =IF(Report!C18="","",Report!C18)
A19: =IF(AND(Report!A19="",Report!B19="",Report!C19=""),"",IF(Report!A19="",A18,Report!A19)) | B19: =IF(AND(Report!A19="",Report!B19="",Report!C19=""),"",IF(TRIM(Report!A19)="",B18,TRIM(Report!A19))) | C19: =IF(Report!B19="","",Report!B19) | D19: =IF(Report!C19="","",Report!C19)
A20: =IF(AND(Report!A20="",Report!B20="",Report!C20=""),"",IF(Report!A20="",A19,Report!A20)) | B20: =IF(AND(Report!A20="",Report!B20="",Report!C20=""),"",IF(TRIM(Report!A20)="",B19,TRIM(Report!A20))) | C20: =IF(Report!B20="","",Report!B20) | D20: =IF(Report!C20="","",Report!C20)
A21: =IF(AND(Report!A21="",Report!B21="",Report!C21=""),"",IF(Report!A21="",A20,Report!A21)) | B21: =IF(AND(Report!A21="",Report!B21="",Report!C21=""),"",IF(TRIM(Report!A21)="",B20,TRIM(Report!A21))) | C21: =IF(Report!B21="","",Report!B21) | D21: =IF(Report!C21="","",Report!C21)
A22: =IF(AND(Report!A22="",Report!B22="",Report!C22=""),"",IF(Report!A22="",A21,Report!A22)) | B22: =IF(AND(Report!A22="",Report!B22="",Report!C22=""),"",IF(TRIM(Report!A22)="",B21,TRIM(Report!A22))) | C22: =IF(Report!B22="","",Report!B22) | D22: =IF(Report!C22="","",Report!C22)
A23: =IF(AND(Report!A23="",Report!B23="",Report!C23=""),"",IF(Report!A23="",A22,Report!A23)) | B23: =IF(AND(Report!A23="",Report!B23="",Report!C23=""),"",IF(TRIM(Report!A23)="",B22,TRIM(Report!A23))) | C23: =IF(Report!B23="","",Report!B23) | D23: =IF(Report!C23="","",Report!C23)
A24: =IF(AND(Report!A24="",Report!B24="",Report!C24=""),"",IF(Report!A24="",A23,Report!A24)) | B24: =IF(AND(Report!A24="",Report!B24="",Report!C24=""),"",IF(TRIM(Report!A24)="",B23,TRIM(Report!A24))) | C24: =IF(Report!B24="","",Report!B24) | D24: =IF(Report!C24="","",Report!C24)
A25: =IF(AND(Report!A25="",Report!B25="",Report!C25=""),"",IF(Report!A25="",A24,Report!A25)) | B25: =IF(AND(Report!A25="",Report!B25="",Report!C25=""),"",IF(TRIM(Report!A25)="",B24,TRIM(Report!A25))) | C25: =IF(Report!B25="","",Report!B25) | D25: =IF(Report!C25="","",Report!C25)
A26: =IF(AND(Report!A26="",Report!B26="",Report!C26=""),"",IF(Report!A26="",A25,Report!A26)) | B26: =IF(AND(Report!A26="",Report!B26="",Report!C26=""),"",IF(TRIM(Report!A26)="",B25,TRIM(Report!A26))) | C26: =IF(Report!B26="","",Report!B26) | D26: =IF(Report!C26="","",Report!C26)
A27: =IF(AND(Report!A27="",Report!B27="",Report!C27=""),"",IF(Report!A27="",A26,Report!A27)) | B27: =IF(AND(Report!A27="",Report!B27="",Report!C27=""),"",IF(TRIM(Report!A27)="",B26,TRIM(Report!A27))) | C27: =IF(Report!B27="","",Report!B27) | D27: =IF(Report!C27="","",Report!C27)
... A60: =IF(AND(Report!A60="",Report!B60="",Report!C60=""),"",IF(Report!A60="",A59,Report!A60)) | B60: =IF(AND(Report!A60="",Report!B60="",Report!C60=""),"",IF(TRIM(Report!A60)="",B59,TRIM(Report!A60))) | C60: =IF(Report!B60="","",Report!B60) | D60: =IF(Report!C60="","",Report!C60)

Sheet How to use
A1: Tidy Tabs: Fill Blank Cells With the Value Above
A3: 1. Report tab: paste or type the report in A to C (yellow). Vendor is typed on the first row of each group only, like many exports.
A4: 2. Filled tab, column A: =IF(Report!A3="",A2,Report!A3) takes the vendor from the row above when the Report cell is blank. The first row is =IF(Report!A2="","",Report!A2) because there is no row above it (a bare =Report!A2 would show 0 for an empty cell).
A5: 3. Column B does the same but treats a cell that holds only a space as blank, and trims stray spaces: =IF(TRIM(Report!A3)="",B2,TRIM(Report!A3)).
A6: 4. Both columns return blank for a row where the vendor, product and amount are all empty. A fully blank row ends a group: the next row needs its own vendor name.
A7: 5. A blank in the very first data row stays blank. Fix it on the Report tab.
A8: 6. Columns F to I: type vendor names in F (yellow). G is the total on the Report tab (the blank-labeled rows count for nobody), H and I are the totals from the filled columns.
A9: 7. I15 shows OK when no used row is blank in either filled column and the amount totals are equal.
A10: 8. To keep the result and drop the formulas: select Filled!A2:D60, Copy, then Paste Special > Values only.
A11: 9. Menu route in Excel, no formulas: select the range, Home > Find & Select > Go To Special > Blanks, type = and the cell above, then press Ctrl+Enter. The steps are from Microsoft help and were not run by us.
A12: 10. The Filled tab reads Report rows 2 to 60. Copy the formula row down for more.
A14: Vendors, products and amounts are fictional. Checked in LibreOffice Calc only; not opened in Excel or Google Sheets.
A15: Google Sheets: File > Import > Upload this .xlsx.
