Workbook

Sheet Addresses
A1: Name | B1: Street | C1: City | D1: State | E1: ZIP
A2: Maya Alvarez | B2: 14 Beacon Row | C2: Boston | D2: MA | E2: 02108
A3: Tom Brennan | B3: 220 Willow Ave, Apt 3 | C3: Hoboken | D3: NJ | E3: 07030
A4: Priya Shah | B4: 9 Orchard Lane | C4: Portland | D4: ME | E4: 04101
A5: Jordan Lee | B5: 1800 Maple Street | C5: Austin | D5: TX | E5: 78701
A6: Dana Whitfield | B6: 75 Harbor View Road | C6: Providence | D6: RI | E6: 02903
A7: Carlos Ortega | B7: 412 Elm Court | C7: Tucson | D7: AZ | E7: 85701
A8: Ellen Park | B8: 33 Mill Street | C8: Burlington | D8: VT | E8: 05401
A9: Sam Okafor | B9: 6 Cedar Hollow Drive | C9: Madison | D9: WI | E9: 53703
A10: Rosa Delgado | B10: 501 Pine Street | C10: Seattle | D10: WA | E10: 98101
A11: Ben Kowalski | B11: 88 River Road | C11: Pittsburgh | D11: PA | E11: 15222
A12: Hannah Cho | B12: 27 Lakeshore Boulevard, Suite 12 | C12: Chicago | D12: IL | E12: 60601
... A19: Victor Reyes | B19: 905 Canal Street | C19: New Orleans | D19: LA | E19: 70130

Sheet Labels
A1: =IFERROR(IF(INDEX(Addresses!$A$2:$A$19,((ROW()-1)*3+COLUMN()))&INDEX(Addresses!$B$2:$B$19,((ROW()-1)*3+COLUMN()))&INDEX(Addresses!$C$2:$C$19,((ROW()-1)*3+COLUMN()))="","",INDEX(Addresses!$A$2:$A$19,((ROW()-1)*3+COLUMN()))&CHAR(10)&INDEX(Addresses!$B$2:$B$19,((ROW()-1)*3+COLUMN()))&CHAR(10)&INDEX(Addresses!$C$2:$C$19,((ROW()-1)*3+COLUMN()))&", "&INDEX(Addresses!$D$2:$D$19,((ROW()-1)*3+COLUMN()))&" "&INDEX(Addresses!$E$2:$E$19,((ROW()-1)*3+COLUMN()))),"") | B1: =IFERROR(IF(INDEX(Addresses!$A$2:$A$19,((ROW()-1)*3+COLUMN()))&INDEX(Addresses!$B$2:$B$19,((ROW()-1)*3+COLUMN()))&INDEX(Addresses!$C$2:$C$19,((ROW()-1)*3+COLUMN()))="","",INDEX(Addresses!$A$2:$A$19,((ROW()-1)*3+COLUMN()))&CHAR(10)&INDEX(Addresses!$B$2:$B$19,((ROW()-1)*3+COLUMN()))&CHAR(10)&INDEX(Addresses!$C$2:$C$19,((ROW()-1)*3+COLUMN()))&", "&INDEX(Addresses!$D$2:$D$19,((ROW()-1)*3+COLUMN()))&" "&INDEX(Addresses!$E$2:$E$19,((ROW()-1)*3+COLUMN()))),"") | C1: =IFERROR(IF(INDEX(Addresses!$A$2:$A$19,((ROW()-1)*3+COLUMN()))&INDEX(Addresses!$B$2:$B$19,((ROW()-1)*3+COLUMN()))&INDEX(Addresses!$C$2:$C$19,((ROW()-1)*3+COLUMN()))="","",INDEX(Addresses!$A$2:$A$19,((ROW()-1)*3+COLUMN()))&CHAR(10)&INDEX(Addresses!$B$2:$B$19,((ROW()-1)*3+COLUMN()))&CHAR(10)&INDEX(Addresses!$C$2:$C$19,((ROW()-1)*3+COLUMN()))&", "&INDEX(Addresses!$D$2:$D$19,((ROW()-1)*3+COLUMN()))&" "&INDEX(Addresses!$E$2:$E$19,((ROW()-1)*3+COLUMN()))),"") | E1: Counts and check (not printed)
A2: =IFERROR(IF(INDEX(Addresses!$A$2:$A$19,((ROW()-1)*3+COLUMN()))&INDEX(Addresses!$B$2:$B$19,((ROW()-1)*3+COLUMN()))&INDEX(Addresses!$C$2:$C$19,((ROW()-1)*3+COLUMN()))="","",INDEX(Addresses!$A$2:$A$19,((ROW()-1)*3+COLUMN()))&CHAR(10)&INDEX(Addresses!$B$2:$B$19,((ROW()-1)*3+COLUMN()))&CHAR(10)&INDEX(Addresses!$C$2:$C$19,((ROW()-1)*3+COLUMN()))&", "&INDEX(Addresses!$D$2:$D$19,((ROW()-1)*3+COLUMN()))&" "&INDEX(Addresses!$E$2:$E$19,((ROW()-1)*3+COLUMN()))),"") | B2: =IFERROR(IF(INDEX(Addresses!$A$2:$A$19,((ROW()-1)*3+COLUMN()))&INDEX(Addresses!$B$2:$B$19,((ROW()-1)*3+COLUMN()))&INDEX(Addresses!$C$2:$C$19,((ROW()-1)*3+COLUMN()))="","",INDEX(Addresses!$A$2:$A$19,((ROW()-1)*3+COLUMN()))&CHAR(10)&INDEX(Addresses!$B$2:$B$19,((ROW()-1)*3+COLUMN()))&CHAR(10)&INDEX(Addresses!$C$2:$C$19,((ROW()-1)*3+COLUMN()))&", "&INDEX(Addresses!$D$2:$D$19,((ROW()-1)*3+COLUMN()))&" "&INDEX(Addresses!$E$2:$E$19,((ROW()-1)*3+COLUMN()))),"") | C2: =IFERROR(IF(INDEX(Addresses!$A$2:$A$19,((ROW()-1)*3+COLUMN()))&INDEX(Addresses!$B$2:$B$19,((ROW()-1)*3+COLUMN()))&INDEX(Addresses!$C$2:$C$19,((ROW()-1)*3+COLUMN()))="","",INDEX(Addresses!$A$2:$A$19,((ROW()-1)*3+COLUMN()))&CHAR(10)&INDEX(Addresses!$B$2:$B$19,((ROW()-1)*3+COLUMN()))&CHAR(10)&INDEX(Addresses!$C$2:$C$19,((ROW()-1)*3+COLUMN()))&", "&INDEX(Addresses!$D$2:$D$19,((ROW()-1)*3+COLUMN()))&" "&INDEX(Addresses!$E$2:$E$19,((ROW()-1)*3+COLUMN()))),"") | E2: Addresses listed (rows 2 to 19) | F2: =SUMPRODUCT(--(Addresses!A2:A19&Addresses!B2:B19&Addresses!C2:C19<>""))
A3: =IFERROR(IF(INDEX(Addresses!$A$2:$A$19,((ROW()-1)*3+COLUMN()))&INDEX(Addresses!$B$2:$B$19,((ROW()-1)*3+COLUMN()))&INDEX(Addresses!$C$2:$C$19,((ROW()-1)*3+COLUMN()))="","",INDEX(Addresses!$A$2:$A$19,((ROW()-1)*3+COLUMN()))&CHAR(10)&INDEX(Addresses!$B$2:$B$19,((ROW()-1)*3+COLUMN()))&CHAR(10)&INDEX(Addresses!$C$2:$C$19,((ROW()-1)*3+COLUMN()))&", "&INDEX(Addresses!$D$2:$D$19,((ROW()-1)*3+COLUMN()))&" "&INDEX(Addresses!$E$2:$E$19,((ROW()-1)*3+COLUMN()))),"") | B3: =IFERROR(IF(INDEX(Addresses!$A$2:$A$19,((ROW()-1)*3+COLUMN()))&INDEX(Addresses!$B$2:$B$19,((ROW()-1)*3+COLUMN()))&INDEX(Addresses!$C$2:$C$19,((ROW()-1)*3+COLUMN()))="","",INDEX(Addresses!$A$2:$A$19,((ROW()-1)*3+COLUMN()))&CHAR(10)&INDEX(Addresses!$B$2:$B$19,((ROW()-1)*3+COLUMN()))&CHAR(10)&INDEX(Addresses!$C$2:$C$19,((ROW()-1)*3+COLUMN()))&", "&INDEX(Addresses!$D$2:$D$19,((ROW()-1)*3+COLUMN()))&" "&INDEX(Addresses!$E$2:$E$19,((ROW()-1)*3+COLUMN()))),"") | C3: =IFERROR(IF(INDEX(Addresses!$A$2:$A$19,((ROW()-1)*3+COLUMN()))&INDEX(Addresses!$B$2:$B$19,((ROW()-1)*3+COLUMN()))&INDEX(Addresses!$C$2:$C$19,((ROW()-1)*3+COLUMN()))="","",INDEX(Addresses!$A$2:$A$19,((ROW()-1)*3+COLUMN()))&CHAR(10)&INDEX(Addresses!$B$2:$B$19,((ROW()-1)*3+COLUMN()))&CHAR(10)&INDEX(Addresses!$C$2:$C$19,((ROW()-1)*3+COLUMN()))&", "&INDEX(Addresses!$D$2:$D$19,((ROW()-1)*3+COLUMN()))&" "&INDEX(Addresses!$E$2:$E$19,((ROW()-1)*3+COLUMN()))),"") | E3: Label cells filled | F3: =COUNTIF(A1:C6,"?*")
A4: =IFERROR(IF(INDEX(Addresses!$A$2:$A$19,((ROW()-1)*3+COLUMN()))&INDEX(Addresses!$B$2:$B$19,((ROW()-1)*3+COLUMN()))&INDEX(Addresses!$C$2:$C$19,((ROW()-1)*3+COLUMN()))="","",INDEX(Addresses!$A$2:$A$19,((ROW()-1)*3+COLUMN()))&CHAR(10)&INDEX(Addresses!$B$2:$B$19,((ROW()-1)*3+COLUMN()))&CHAR(10)&INDEX(Addresses!$C$2:$C$19,((ROW()-1)*3+COLUMN()))&", "&INDEX(Addresses!$D$2:$D$19,((ROW()-1)*3+COLUMN()))&" "&INDEX(Addresses!$E$2:$E$19,((ROW()-1)*3+COLUMN()))),"") | B4: =IFERROR(IF(INDEX(Addresses!$A$2:$A$19,((ROW()-1)*3+COLUMN()))&INDEX(Addresses!$B$2:$B$19,((ROW()-1)*3+COLUMN()))&INDEX(Addresses!$C$2:$C$19,((ROW()-1)*3+COLUMN()))="","",INDEX(Addresses!$A$2:$A$19,((ROW()-1)*3+COLUMN()))&CHAR(10)&INDEX(Addresses!$B$2:$B$19,((ROW()-1)*3+COLUMN()))&CHAR(10)&INDEX(Addresses!$C$2:$C$19,((ROW()-1)*3+COLUMN()))&", "&INDEX(Addresses!$D$2:$D$19,((ROW()-1)*3+COLUMN()))&" "&INDEX(Addresses!$E$2:$E$19,((ROW()-1)*3+COLUMN()))),"") | C4: =IFERROR(IF(INDEX(Addresses!$A$2:$A$19,((ROW()-1)*3+COLUMN()))&INDEX(Addresses!$B$2:$B$19,((ROW()-1)*3+COLUMN()))&INDEX(Addresses!$C$2:$C$19,((ROW()-1)*3+COLUMN()))="","",INDEX(Addresses!$A$2:$A$19,((ROW()-1)*3+COLUMN()))&CHAR(10)&INDEX(Addresses!$B$2:$B$19,((ROW()-1)*3+COLUMN()))&CHAR(10)&INDEX(Addresses!$C$2:$C$19,((ROW()-1)*3+COLUMN()))&", "&INDEX(Addresses!$D$2:$D$19,((ROW()-1)*3+COLUMN()))&" "&INDEX(Addresses!$E$2:$E$19,((ROW()-1)*3+COLUMN()))),"") | E4: Addresses past row 19 (not on this sheet) | F4: =SUMPRODUCT(--(Addresses!A20:A200&Addresses!B20:B200&Addresses!C20:C200<>""))
A5: =IFERROR(IF(INDEX(Addresses!$A$2:$A$19,((ROW()-1)*3+COLUMN()))&INDEX(Addresses!$B$2:$B$19,((ROW()-1)*3+COLUMN()))&INDEX(Addresses!$C$2:$C$19,((ROW()-1)*3+COLUMN()))="","",INDEX(Addresses!$A$2:$A$19,((ROW()-1)*3+COLUMN()))&CHAR(10)&INDEX(Addresses!$B$2:$B$19,((ROW()-1)*3+COLUMN()))&CHAR(10)&INDEX(Addresses!$C$2:$C$19,((ROW()-1)*3+COLUMN()))&", "&INDEX(Addresses!$D$2:$D$19,((ROW()-1)*3+COLUMN()))&" "&INDEX(Addresses!$E$2:$E$19,((ROW()-1)*3+COLUMN()))),"") | B5: =IFERROR(IF(INDEX(Addresses!$A$2:$A$19,((ROW()-1)*3+COLUMN()))&INDEX(Addresses!$B$2:$B$19,((ROW()-1)*3+COLUMN()))&INDEX(Addresses!$C$2:$C$19,((ROW()-1)*3+COLUMN()))="","",INDEX(Addresses!$A$2:$A$19,((ROW()-1)*3+COLUMN()))&CHAR(10)&INDEX(Addresses!$B$2:$B$19,((ROW()-1)*3+COLUMN()))&CHAR(10)&INDEX(Addresses!$C$2:$C$19,((ROW()-1)*3+COLUMN()))&", "&INDEX(Addresses!$D$2:$D$19,((ROW()-1)*3+COLUMN()))&" "&INDEX(Addresses!$E$2:$E$19,((ROW()-1)*3+COLUMN()))),"") | C5: =IFERROR(IF(INDEX(Addresses!$A$2:$A$19,((ROW()-1)*3+COLUMN()))&INDEX(Addresses!$B$2:$B$19,((ROW()-1)*3+COLUMN()))&INDEX(Addresses!$C$2:$C$19,((ROW()-1)*3+COLUMN()))="","",INDEX(Addresses!$A$2:$A$19,((ROW()-1)*3+COLUMN()))&CHAR(10)&INDEX(Addresses!$B$2:$B$19,((ROW()-1)*3+COLUMN()))&CHAR(10)&INDEX(Addresses!$C$2:$C$19,((ROW()-1)*3+COLUMN()))&", "&INDEX(Addresses!$D$2:$D$19,((ROW()-1)*3+COLUMN()))&" "&INDEX(Addresses!$E$2:$E$19,((ROW()-1)*3+COLUMN()))),"") | E5: Check: every address has a label | F5: =IF(AND(F2=F3,F4=0),"OK","CHECK")
A6: =IFERROR(IF(INDEX(Addresses!$A$2:$A$19,((ROW()-1)*3+COLUMN()))&INDEX(Addresses!$B$2:$B$19,((ROW()-1)*3+COLUMN()))&INDEX(Addresses!$C$2:$C$19,((ROW()-1)*3+COLUMN()))="","",INDEX(Addresses!$A$2:$A$19,((ROW()-1)*3+COLUMN()))&CHAR(10)&INDEX(Addresses!$B$2:$B$19,((ROW()-1)*3+COLUMN()))&CHAR(10)&INDEX(Addresses!$C$2:$C$19,((ROW()-1)*3+COLUMN()))&", "&INDEX(Addresses!$D$2:$D$19,((ROW()-1)*3+COLUMN()))&" "&INDEX(Addresses!$E$2:$E$19,((ROW()-1)*3+COLUMN()))),"") | B6: =IFERROR(IF(INDEX(Addresses!$A$2:$A$19,((ROW()-1)*3+COLUMN()))&INDEX(Addresses!$B$2:$B$19,((ROW()-1)*3+COLUMN()))&INDEX(Addresses!$C$2:$C$19,((ROW()-1)*3+COLUMN()))="","",INDEX(Addresses!$A$2:$A$19,((ROW()-1)*3+COLUMN()))&CHAR(10)&INDEX(Addresses!$B$2:$B$19,((ROW()-1)*3+COLUMN()))&CHAR(10)&INDEX(Addresses!$C$2:$C$19,((ROW()-1)*3+COLUMN()))&", "&INDEX(Addresses!$D$2:$D$19,((ROW()-1)*3+COLUMN()))&" "&INDEX(Addresses!$E$2:$E$19,((ROW()-1)*3+COLUMN()))),"") | C6: =IFERROR(IF(INDEX(Addresses!$A$2:$A$19,((ROW()-1)*3+COLUMN()))&INDEX(Addresses!$B$2:$B$19,((ROW()-1)*3+COLUMN()))&INDEX(Addresses!$C$2:$C$19,((ROW()-1)*3+COLUMN()))="","",INDEX(Addresses!$A$2:$A$19,((ROW()-1)*3+COLUMN()))&CHAR(10)&INDEX(Addresses!$B$2:$B$19,((ROW()-1)*3+COLUMN()))&CHAR(10)&INDEX(Addresses!$C$2:$C$19,((ROW()-1)*3+COLUMN()))&", "&INDEX(Addresses!$D$2:$D$19,((ROW()-1)*3+COLUMN()))&" "&INDEX(Addresses!$E$2:$E$19,((ROW()-1)*3+COLUMN()))),"")

Sheet How to use
A1: Tidy Tabs: Mailing Labels From an Address List
A3: 1. Addresses tab: Name, Street, City, State and ZIP in A to E (yellow), one person per row. The ZIP column is formatted as text so 02108 keeps its zero. If you paste ZIPs that already lost the zero, retype them.
A4: 2. Labels tab: 3 labels across by 6 down on one US Letter page (18 labels), margins 0.5 in. Label 1 is the top left, then across, then the next row.
A5: 3. Each label cell holds the same formula, copied across the grid. A1 picks address number (ROW()-1)*3+COLUMN() with INDEX: =INDEX(Addresses!$A$2:$A$19,(ROW()-1)*3+COLUMN()) and joins Name, Street and City, State ZIP with CHAR(10) (a line break). Wrap text is on.
A6: 4. When the list has fewer than 18 addresses, the cells past the end are blank. A blank row on the Addresses tab leaves its label blank.
A7: 5. Only rows 2 to 19 of the Addresses tab are used. With more than 18 addresses the extra ones are not shown: Labels!F4 counts them and F5 says CHECK. Print 18, then move the next 18 up to rows 2 to 19.
A8: 6. Print on plain paper first. Hold it over the label sheet against a window to see if the grid lines up. Sheets from different brands have different layouts and this grid is not an Avery or other brand template. Change column widths and row heights on the Labels tab to adjust.
A9: 7. Labels!F5 shows OK when the label cells filled equal the addresses listed and none are past row 19. The counts are outside the print area (A1:C6).
A10: 8. Layout only. For addressing rules, see the USPS help pages.
A12: Names and addresses are fictional. Checked in LibreOffice Calc only (formulas and PDF export); not opened in Excel or Google Sheets, and not printed on label paper.
A13: Google Sheets: File > Import > Upload this .xlsx.
