Workbook

Sheet Orders
A1: Customer | B1: Order date
A2: Ann Lopez | B2: 46027
A3: Ellis Subscription Box | B3: 46030
A4: Maple Street Gift Shop | B4: 46034
A5: Harbor Coffee Cart | B5: 46042
A6: Cedar Lane Boutique | B6: 46049
A7: Ann Lopez | B7: 46055
A8: Birch and Bloom Florist | B8: 46056
A9: Maple Street Gift Shop | B9: 46062
A10: Ellis Subscription Box | B10: 46065
A11: Pine Hill Market | B11: 46070
A12: Dana Whitfield | B12: 46083
A13: Harbor Coffee Cart | B13: 46084
... A41: Harbor Coffee Cart | B41: 46287

Sheet Customers
A1: Customer | B1: Orders | C1: First order | D1: Last order | E1: Average days between orders | F1: Reorder window | H1: Order rows with a customer name | I1: =COUNTA(Orders!$A$2:$A$300)
A2: Ann Lopez | B2: =IF(A2="","",COUNTIF(Orders!$A$2:$A$300,A2)) | C2: =IF(OR(A2="",B2=0),"",_xlfn.MINIFS(Orders!$B$2:$B$300,Orders!$A$2:$A$300,A2)) | D2: =IF(OR(A2="",B2=0),"",_xlfn.MAXIFS(Orders!$B$2:$B$300,Orders!$A$2:$A$300,A2)) | E2: =IF(A2="","",IF(B2=0,"Not in Orders",IF(COUNTIFS(Orders!$A$2:$A$300,A2,Orders!$B$2:$B$300,">0")<B2,"Check dates",IF(B2<2,"One order",(D2-C2)/(B2-1))))) | F2: =IF(ISNUMBER(E2),D2+E2,"") | H2: Orders counted on this tab | I2: =SUM(B2:B21)
A3: Maple Street Gift Shop | B3: =IF(A3="","",COUNTIF(Orders!$A$2:$A$300,A3)) | C3: =IF(OR(A3="",B3=0),"",_xlfn.MINIFS(Orders!$B$2:$B$300,Orders!$A$2:$A$300,A3)) | D3: =IF(OR(A3="",B3=0),"",_xlfn.MAXIFS(Orders!$B$2:$B$300,Orders!$A$2:$A$300,A3)) | E3: =IF(A3="","",IF(B3=0,"Not in Orders",IF(COUNTIFS(Orders!$A$2:$A$300,A3,Orders!$B$2:$B$300,">0")<B3,"Check dates",IF(B3<2,"One order",(D3-C3)/(B3-1))))) | F3: =IF(ISNUMBER(E3),D3+E3,"") | H3: Order rows with a real date | I3: =COUNT(Orders!$B$2:$B$300)
A4: Harbor Coffee Cart | B4: =IF(A4="","",COUNTIF(Orders!$A$2:$A$300,A4)) | C4: =IF(OR(A4="",B4=0),"",_xlfn.MINIFS(Orders!$B$2:$B$300,Orders!$A$2:$A$300,A4)) | D4: =IF(OR(A4="",B4=0),"",_xlfn.MAXIFS(Orders!$B$2:$B$300,Orders!$A$2:$A$300,A4)) | E4: =IF(A4="","",IF(B4=0,"Not in Orders",IF(COUNTIFS(Orders!$A$2:$A$300,A4,Orders!$B$2:$B$300,">0")<B4,"Check dates",IF(B4<2,"One order",(D4-C4)/(B4-1))))) | F4: =IF(ISNUMBER(E4),D4+E4,"") | H4: Customers with 2 or more orders | I4: =COUNTIF(B2:B21,">=2")
A5: Birch and Bloom Florist | B5: =IF(A5="","",COUNTIF(Orders!$A$2:$A$300,A5)) | C5: =IF(OR(A5="",B5=0),"",_xlfn.MINIFS(Orders!$B$2:$B$300,Orders!$A$2:$A$300,A5)) | D5: =IF(OR(A5="",B5=0),"",_xlfn.MAXIFS(Orders!$B$2:$B$300,Orders!$A$2:$A$300,A5)) | E5: =IF(A5="","",IF(B5=0,"Not in Orders",IF(COUNTIFS(Orders!$A$2:$A$300,A5,Orders!$B$2:$B$300,">0")<B5,"Check dates",IF(B5<2,"One order",(D5-C5)/(B5-1))))) | F5: =IF(ISNUMBER(E5),D5+E5,"") | H5: Check: counts = Orders tab | I5: =IF(AND(I2=I1,I3=I1),"OK","CHECK")
A6: Cedar Lane Boutique | B6: =IF(A6="","",COUNTIF(Orders!$A$2:$A$300,A6)) | C6: =IF(OR(A6="",B6=0),"",_xlfn.MINIFS(Orders!$B$2:$B$300,Orders!$A$2:$A$300,A6)) | D6: =IF(OR(A6="",B6=0),"",_xlfn.MAXIFS(Orders!$B$2:$B$300,Orders!$A$2:$A$300,A6)) | E6: =IF(A6="","",IF(B6=0,"Not in Orders",IF(COUNTIFS(Orders!$A$2:$A$300,A6,Orders!$B$2:$B$300,">0")<B6,"Check dates",IF(B6<2,"One order",(D6-C6)/(B6-1))))) | F6: =IF(ISNUMBER(E6),D6+E6,"")
A7: Dana Whitfield | B7: =IF(A7="","",COUNTIF(Orders!$A$2:$A$300,A7)) | C7: =IF(OR(A7="",B7=0),"",_xlfn.MINIFS(Orders!$B$2:$B$300,Orders!$A$2:$A$300,A7)) | D7: =IF(OR(A7="",B7=0),"",_xlfn.MAXIFS(Orders!$B$2:$B$300,Orders!$A$2:$A$300,A7)) | E7: =IF(A7="","",IF(B7=0,"Not in Orders",IF(COUNTIFS(Orders!$A$2:$A$300,A7,Orders!$B$2:$B$300,">0")<B7,"Check dates",IF(B7<2,"One order",(D7-C7)/(B7-1))))) | F7: =IF(ISNUMBER(E7),D7+E7,"")
A8: Pine Hill Market | B8: =IF(A8="","",COUNTIF(Orders!$A$2:$A$300,A8)) | C8: =IF(OR(A8="",B8=0),"",_xlfn.MINIFS(Orders!$B$2:$B$300,Orders!$A$2:$A$300,A8)) | D8: =IF(OR(A8="",B8=0),"",_xlfn.MAXIFS(Orders!$B$2:$B$300,Orders!$A$2:$A$300,A8)) | E8: =IF(A8="","",IF(B8=0,"Not in Orders",IF(COUNTIFS(Orders!$A$2:$A$300,A8,Orders!$B$2:$B$300,">0")<B8,"Check dates",IF(B8<2,"One order",(D8-C8)/(B8-1))))) | F8: =IF(ISNUMBER(E8),D8+E8,"")
A9: Ellis Subscription Box | B9: =IF(A9="","",COUNTIF(Orders!$A$2:$A$300,A9)) | C9: =IF(OR(A9="",B9=0),"",_xlfn.MINIFS(Orders!$B$2:$B$300,Orders!$A$2:$A$300,A9)) | D9: =IF(OR(A9="",B9=0),"",_xlfn.MAXIFS(Orders!$B$2:$B$300,Orders!$A$2:$A$300,A9)) | E9: =IF(A9="","",IF(B9=0,"Not in Orders",IF(COUNTIFS(Orders!$A$2:$A$300,A9,Orders!$B$2:$B$300,">0")<B9,"Check dates",IF(B9<2,"One order",(D9-C9)/(B9-1))))) | F9: =IF(ISNUMBER(E9),D9+E9,"")
A10: Greenway Garden Center | B10: =IF(A10="","",COUNTIF(Orders!$A$2:$A$300,A10)) | C10: =IF(OR(A10="",B10=0),"",_xlfn.MINIFS(Orders!$B$2:$B$300,Orders!$A$2:$A$300,A10)) | D10: =IF(OR(A10="",B10=0),"",_xlfn.MAXIFS(Orders!$B$2:$B$300,Orders!$A$2:$A$300,A10)) | E10: =IF(A10="","",IF(B10=0,"Not in Orders",IF(COUNTIFS(Orders!$A$2:$A$300,A10,Orders!$B$2:$B$300,">0")<B10,"Check dates",IF(B10<2,"One order",(D10-C10)/(B10-1))))) | F10: =IF(ISNUMBER(E10),D10+E10,"")
A11: Noah Chen | B11: =IF(A11="","",COUNTIF(Orders!$A$2:$A$300,A11)) | C11: =IF(OR(A11="",B11=0),"",_xlfn.MINIFS(Orders!$B$2:$B$300,Orders!$A$2:$A$300,A11)) | D11: =IF(OR(A11="",B11=0),"",_xlfn.MAXIFS(Orders!$B$2:$B$300,Orders!$A$2:$A$300,A11)) | E11: =IF(A11="","",IF(B11=0,"Not in Orders",IF(COUNTIFS(Orders!$A$2:$A$300,A11,Orders!$B$2:$B$300,">0")<B11,"Check dates",IF(B11<2,"One order",(D11-C11)/(B11-1))))) | F11: =IF(ISNUMBER(E11),D11+E11,"")
B12: =IF(A12="","",COUNTIF(Orders!$A$2:$A$300,A12)) | C12: =IF(OR(A12="",B12=0),"",_xlfn.MINIFS(Orders!$B$2:$B$300,Orders!$A$2:$A$300,A12)) | D12: =IF(OR(A12="",B12=0),"",_xlfn.MAXIFS(Orders!$B$2:$B$300,Orders!$A$2:$A$300,A12)) | E12: =IF(A12="","",IF(B12=0,"Not in Orders",IF(COUNTIFS(Orders!$A$2:$A$300,A12,Orders!$B$2:$B$300,">0")<B12,"Check dates",IF(B12<2,"One order",(D12-C12)/(B12-1))))) | F12: =IF(ISNUMBER(E12),D12+E12,"")
B13: =IF(A13="","",COUNTIF(Orders!$A$2:$A$300,A13)) | C13: =IF(OR(A13="",B13=0),"",_xlfn.MINIFS(Orders!$B$2:$B$300,Orders!$A$2:$A$300,A13)) | D13: =IF(OR(A13="",B13=0),"",_xlfn.MAXIFS(Orders!$B$2:$B$300,Orders!$A$2:$A$300,A13)) | E13: =IF(A13="","",IF(B13=0,"Not in Orders",IF(COUNTIFS(Orders!$A$2:$A$300,A13,Orders!$B$2:$B$300,">0")<B13,"Check dates",IF(B13<2,"One order",(D13-C13)/(B13-1))))) | F13: =IF(ISNUMBER(E13),D13+E13,"")
B14: =IF(A14="","",COUNTIF(Orders!$A$2:$A$300,A14)) | C14: =IF(OR(A14="",B14=0),"",_xlfn.MINIFS(Orders!$B$2:$B$300,Orders!$A$2:$A$300,A14)) | D14: =IF(OR(A14="",B14=0),"",_xlfn.MAXIFS(Orders!$B$2:$B$300,Orders!$A$2:$A$300,A14)) | E14: =IF(A14="","",IF(B14=0,"Not in Orders",IF(COUNTIFS(Orders!$A$2:$A$300,A14,Orders!$B$2:$B$300,">0")<B14,"Check dates",IF(B14<2,"One order",(D14-C14)/(B14-1))))) | F14: =IF(ISNUMBER(E14),D14+E14,"")
B15: =IF(A15="","",COUNTIF(Orders!$A$2:$A$300,A15)) | C15: =IF(OR(A15="",B15=0),"",_xlfn.MINIFS(Orders!$B$2:$B$300,Orders!$A$2:$A$300,A15)) | D15: =IF(OR(A15="",B15=0),"",_xlfn.MAXIFS(Orders!$B$2:$B$300,Orders!$A$2:$A$300,A15)) | E15: =IF(A15="","",IF(B15=0,"Not in Orders",IF(COUNTIFS(Orders!$A$2:$A$300,A15,Orders!$B$2:$B$300,">0")<B15,"Check dates",IF(B15<2,"One order",(D15-C15)/(B15-1))))) | F15: =IF(ISNUMBER(E15),D15+E15,"")
B16: =IF(A16="","",COUNTIF(Orders!$A$2:$A$300,A16)) | C16: =IF(OR(A16="",B16=0),"",_xlfn.MINIFS(Orders!$B$2:$B$300,Orders!$A$2:$A$300,A16)) | D16: =IF(OR(A16="",B16=0),"",_xlfn.MAXIFS(Orders!$B$2:$B$300,Orders!$A$2:$A$300,A16)) | E16: =IF(A16="","",IF(B16=0,"Not in Orders",IF(COUNTIFS(Orders!$A$2:$A$300,A16,Orders!$B$2:$B$300,">0")<B16,"Check dates",IF(B16<2,"One order",(D16-C16)/(B16-1))))) | F16: =IF(ISNUMBER(E16),D16+E16,"")
B17: =IF(A17="","",COUNTIF(Orders!$A$2:$A$300,A17)) | C17: =IF(OR(A17="",B17=0),"",_xlfn.MINIFS(Orders!$B$2:$B$300,Orders!$A$2:$A$300,A17)) | D17: =IF(OR(A17="",B17=0),"",_xlfn.MAXIFS(Orders!$B$2:$B$300,Orders!$A$2:$A$300,A17)) | E17: =IF(A17="","",IF(B17=0,"Not in Orders",IF(COUNTIFS(Orders!$A$2:$A$300,A17,Orders!$B$2:$B$300,">0")<B17,"Check dates",IF(B17<2,"One order",(D17-C17)/(B17-1))))) | F17: =IF(ISNUMBER(E17),D17+E17,"")
B18: =IF(A18="","",COUNTIF(Orders!$A$2:$A$300,A18)) | C18: =IF(OR(A18="",B18=0),"",_xlfn.MINIFS(Orders!$B$2:$B$300,Orders!$A$2:$A$300,A18)) | D18: =IF(OR(A18="",B18=0),"",_xlfn.MAXIFS(Orders!$B$2:$B$300,Orders!$A$2:$A$300,A18)) | E18: =IF(A18="","",IF(B18=0,"Not in Orders",IF(COUNTIFS(Orders!$A$2:$A$300,A18,Orders!$B$2:$B$300,">0")<B18,"Check dates",IF(B18<2,"One order",(D18-C18)/(B18-1))))) | F18: =IF(ISNUMBER(E18),D18+E18,"")
B19: =IF(A19="","",COUNTIF(Orders!$A$2:$A$300,A19)) | C19: =IF(OR(A19="",B19=0),"",_xlfn.MINIFS(Orders!$B$2:$B$300,Orders!$A$2:$A$300,A19)) | D19: =IF(OR(A19="",B19=0),"",_xlfn.MAXIFS(Orders!$B$2:$B$300,Orders!$A$2:$A$300,A19)) | E19: =IF(A19="","",IF(B19=0,"Not in Orders",IF(COUNTIFS(Orders!$A$2:$A$300,A19,Orders!$B$2:$B$300,">0")<B19,"Check dates",IF(B19<2,"One order",(D19-C19)/(B19-1))))) | F19: =IF(ISNUMBER(E19),D19+E19,"")
B20: =IF(A20="","",COUNTIF(Orders!$A$2:$A$300,A20)) | C20: =IF(OR(A20="",B20=0),"",_xlfn.MINIFS(Orders!$B$2:$B$300,Orders!$A$2:$A$300,A20)) | D20: =IF(OR(A20="",B20=0),"",_xlfn.MAXIFS(Orders!$B$2:$B$300,Orders!$A$2:$A$300,A20)) | E20: =IF(A20="","",IF(B20=0,"Not in Orders",IF(COUNTIFS(Orders!$A$2:$A$300,A20,Orders!$B$2:$B$300,">0")<B20,"Check dates",IF(B20<2,"One order",(D20-C20)/(B20-1))))) | F20: =IF(ISNUMBER(E20),D20+E20,"")
B21: =IF(A21="","",COUNTIF(Orders!$A$2:$A$300,A21)) | C21: =IF(OR(A21="",B21=0),"",_xlfn.MINIFS(Orders!$B$2:$B$300,Orders!$A$2:$A$300,A21)) | D21: =IF(OR(A21="",B21=0),"",_xlfn.MAXIFS(Orders!$B$2:$B$300,Orders!$A$2:$A$300,A21)) | E21: =IF(A21="","",IF(B21=0,"Not in Orders",IF(COUNTIFS(Orders!$A$2:$A$300,A21,Orders!$B$2:$B$300,">0")<B21,"Check dates",IF(B21<2,"One order",(D21-C21)/(B21-1))))) | F21: =IF(ISNUMBER(E21),D21+E21,"")

Sheet How to use
A1: Tidy Tabs: Average Days Between a Customer's Orders
A3: 1. Orders tab: one row per order, customer (A) and order date (B). Yellow, rows 2 to 300. Dates must be real dates, not text. The order of the rows does not matter.
A4: 2. Customers tab, A2:A21: type each customer name once, exactly as it appears on the Orders tab (up to 20). Yellow.
A5: 3. Orders, B2: =COUNTIF(Orders!$A$2:$A$300,A2). First order, C2: MINIFS of the dates for that customer. Last order, D2: MAXIFS. In this file they are stored as _xlfn.MINIFS and _xlfn.MAXIFS, which Excel and LibreOffice read as MINIFS and MAXIFS. They need Excel 2019 or later; Google Sheets has them.
A6: 4. Average days between orders, E2: =IF(B2<2,"One order",(D2-C2)/(B2-1)). The days from the first to the last order divided by the number of gaps, which is the orders minus 1. Three orders have two gaps. A customer with one order shows One order, not #DIV/0!. Two orders on the same day give 0.0.
A7: 5. The average hides uneven gaps: orders 10, 10 and 80 days apart and orders 45, 45 and 45 days apart give the same average. Look at the dates when it matters.
A8: 6. Reorder window, F2: =D2+E2, the last order date plus the average, as a date to look at. It is arithmetic on past orders, not a prediction. The file does not use today's date.
A9: 7. I5 shows OK when every order row's customer is on the Customers list and every order has a real date. A name with a trailing space or a different spelling counts as a different customer and gives CHECK. A date typed as text shows Check dates in column E.
A10: 8. Before Excel 2019, MINIFS and MAXIFS do not exist. A plain alternative for the first order is =MIN(IF(Orders!$A$2:$A$300=A2,Orders!$B$2:$B$300)) entered as an array formula (Ctrl+Shift+Enter in older Excel), and the same with MAX for the last order. In LibreOffice Calc 24.2 the MIN(IF()) and MAX(IF()) array formulas gave the same first and last dates as MINIFS and MAXIFS on a small test. They are not in this file, and were not run in Excel.
A12: Customers and dates are fictional. Checked in LibreOffice Calc only; not opened in Excel or Google Sheets.
A13: Google Sheets: File > Import > Upload this .xlsx.
