Workbook

Sheet Entries
A1: Invoice # | B1: Date | C1: Qty
A2: INV-1001 | B2: 46296 | C2: 4
A3: INV-1002 | B3: 46297 | C3: 1
A4: INV-1003 | B4: 46297 | C4: 12
A5: INV-1004 | B5: 46300 | C5: 3
A6: INV-1005 | B6: 46301 | C6: 6
A7: INV-1006 | B7: 46302 | C7: 2
A8: INV-1007 | B8: 46303 | C8: 8
A9: INV-1008 | B9: 46304 | C9: 2.5
A10: INV-1009 | B10: 46307 | C10: 5
A11: INV-1006 | B11: 46308 | C11: 1
A12: INV-1010 | B12: 46309 | C12: 20
A13: INV-1011 | B13: 46310 | C13: 7

Sheet Rules check
A1: Invoice # | B1: Invoice # unique? | C1: Date in 2026? | D1: Qty whole, above 0? | E1: Row result | G1: Counts and check
A2: =IF(AND(Entries!A2="",Entries!B2="",Entries!C2=""),"",IF(Entries!A2="","(blank)",Entries!A2)) | B2: =IF(AND(Entries!A2="",Entries!B2="",Entries!C2=""),"",AND(Entries!A2<>"",COUNTIF(Entries!$A$2:$A$200,Entries!A2)=1)) | C2: =IF(AND(Entries!A2="",Entries!B2="",Entries!C2=""),"",AND(ISNUMBER(Entries!B2),Entries!B2>=DATE(2026,1,1),Entries!B2<=DATE(2026,12,31))) | D2: =IF(AND(Entries!A2="",Entries!B2="",Entries!C2=""),"",IF(ISNUMBER(Entries!C2),AND(Entries!C2>0,Entries!C2=INT(Entries!C2)),FALSE)) | E2: =IF(AND(Entries!A2="",Entries!B2="",Entries!C2=""),"",IF(AND(B2,C2,D2),"OK","Fix")) | G2: Rows with an entry | H2: =SUMPRODUCT(--(E2:E200<>""))
A3: =IF(AND(Entries!A3="",Entries!B3="",Entries!C3=""),"",IF(Entries!A3="","(blank)",Entries!A3)) | B3: =IF(AND(Entries!A3="",Entries!B3="",Entries!C3=""),"",AND(Entries!A3<>"",COUNTIF(Entries!$A$2:$A$200,Entries!A3)=1)) | C3: =IF(AND(Entries!A3="",Entries!B3="",Entries!C3=""),"",AND(ISNUMBER(Entries!B3),Entries!B3>=DATE(2026,1,1),Entries!B3<=DATE(2026,12,31))) | D3: =IF(AND(Entries!A3="",Entries!B3="",Entries!C3=""),"",IF(ISNUMBER(Entries!C3),AND(Entries!C3>0,Entries!C3=INT(Entries!C3)),FALSE)) | E3: =IF(AND(Entries!A3="",Entries!B3="",Entries!C3=""),"",IF(AND(B3,C3,D3),"OK","Fix")) | G3: Rows that pass all three rules | H3: =COUNTIF(E2:E200,"OK")
A4: =IF(AND(Entries!A4="",Entries!B4="",Entries!C4=""),"",IF(Entries!A4="","(blank)",Entries!A4)) | B4: =IF(AND(Entries!A4="",Entries!B4="",Entries!C4=""),"",AND(Entries!A4<>"",COUNTIF(Entries!$A$2:$A$200,Entries!A4)=1)) | C4: =IF(AND(Entries!A4="",Entries!B4="",Entries!C4=""),"",AND(ISNUMBER(Entries!B4),Entries!B4>=DATE(2026,1,1),Entries!B4<=DATE(2026,12,31))) | D4: =IF(AND(Entries!A4="",Entries!B4="",Entries!C4=""),"",IF(ISNUMBER(Entries!C4),AND(Entries!C4>0,Entries!C4=INT(Entries!C4)),FALSE)) | E4: =IF(AND(Entries!A4="",Entries!B4="",Entries!C4=""),"",IF(AND(B4,C4,D4),"OK","Fix")) | G4: Rows to fix | H4: =SUMPRODUCT(--(E2:E200="Fix"))
A5: =IF(AND(Entries!A5="",Entries!B5="",Entries!C5=""),"",IF(Entries!A5="","(blank)",Entries!A5)) | B5: =IF(AND(Entries!A5="",Entries!B5="",Entries!C5=""),"",AND(Entries!A5<>"",COUNTIF(Entries!$A$2:$A$200,Entries!A5)=1)) | C5: =IF(AND(Entries!A5="",Entries!B5="",Entries!C5=""),"",AND(ISNUMBER(Entries!B5),Entries!B5>=DATE(2026,1,1),Entries!B5<=DATE(2026,12,31))) | D5: =IF(AND(Entries!A5="",Entries!B5="",Entries!C5=""),"",IF(ISNUMBER(Entries!C5),AND(Entries!C5>0,Entries!C5=INT(Entries!C5)),FALSE)) | E5: =IF(AND(Entries!A5="",Entries!B5="",Entries!C5=""),"",IF(AND(B5,C5,D5),"OK","Fix")) | G5: Rows failing the invoice rule | H5: =COUNTIF(B2:B200,FALSE)
A6: =IF(AND(Entries!A6="",Entries!B6="",Entries!C6=""),"",IF(Entries!A6="","(blank)",Entries!A6)) | B6: =IF(AND(Entries!A6="",Entries!B6="",Entries!C6=""),"",AND(Entries!A6<>"",COUNTIF(Entries!$A$2:$A$200,Entries!A6)=1)) | C6: =IF(AND(Entries!A6="",Entries!B6="",Entries!C6=""),"",AND(ISNUMBER(Entries!B6),Entries!B6>=DATE(2026,1,1),Entries!B6<=DATE(2026,12,31))) | D6: =IF(AND(Entries!A6="",Entries!B6="",Entries!C6=""),"",IF(ISNUMBER(Entries!C6),AND(Entries!C6>0,Entries!C6=INT(Entries!C6)),FALSE)) | E6: =IF(AND(Entries!A6="",Entries!B6="",Entries!C6=""),"",IF(AND(B6,C6,D6),"OK","Fix")) | G6: Rows failing the date rule | H6: =COUNTIF(C2:C200,FALSE)
A7: =IF(AND(Entries!A7="",Entries!B7="",Entries!C7=""),"",IF(Entries!A7="","(blank)",Entries!A7)) | B7: =IF(AND(Entries!A7="",Entries!B7="",Entries!C7=""),"",AND(Entries!A7<>"",COUNTIF(Entries!$A$2:$A$200,Entries!A7)=1)) | C7: =IF(AND(Entries!A7="",Entries!B7="",Entries!C7=""),"",AND(ISNUMBER(Entries!B7),Entries!B7>=DATE(2026,1,1),Entries!B7<=DATE(2026,12,31))) | D7: =IF(AND(Entries!A7="",Entries!B7="",Entries!C7=""),"",IF(ISNUMBER(Entries!C7),AND(Entries!C7>0,Entries!C7=INT(Entries!C7)),FALSE)) | E7: =IF(AND(Entries!A7="",Entries!B7="",Entries!C7=""),"",IF(AND(B7,C7,D7),"OK","Fix")) | G7: Rows failing the qty rule | H7: =COUNTIF(D2:D200,FALSE)
A8: =IF(AND(Entries!A8="",Entries!B8="",Entries!C8=""),"",IF(Entries!A8="","(blank)",Entries!A8)) | B8: =IF(AND(Entries!A8="",Entries!B8="",Entries!C8=""),"",AND(Entries!A8<>"",COUNTIF(Entries!$A$2:$A$200,Entries!A8)=1)) | C8: =IF(AND(Entries!A8="",Entries!B8="",Entries!C8=""),"",AND(ISNUMBER(Entries!B8),Entries!B8>=DATE(2026,1,1),Entries!B8<=DATE(2026,12,31))) | D8: =IF(AND(Entries!A8="",Entries!B8="",Entries!C8=""),"",IF(ISNUMBER(Entries!C8),AND(Entries!C8>0,Entries!C8=INT(Entries!C8)),FALSE)) | E8: =IF(AND(Entries!A8="",Entries!B8="",Entries!C8=""),"",IF(AND(B8,C8,D8),"OK","Fix")) | G8: Rows sharing an invoice number (second count) | H8: =SUMPRODUCT((Entries!A2:A200<>"")*(COUNTIF(Entries!A2:A200,Entries!A2:A200)>1))
A9: =IF(AND(Entries!A9="",Entries!B9="",Entries!C9=""),"",IF(Entries!A9="","(blank)",Entries!A9)) | B9: =IF(AND(Entries!A9="",Entries!B9="",Entries!C9=""),"",AND(Entries!A9<>"",COUNTIF(Entries!$A$2:$A$200,Entries!A9)=1)) | C9: =IF(AND(Entries!A9="",Entries!B9="",Entries!C9=""),"",AND(ISNUMBER(Entries!B9),Entries!B9>=DATE(2026,1,1),Entries!B9<=DATE(2026,12,31))) | D9: =IF(AND(Entries!A9="",Entries!B9="",Entries!C9=""),"",IF(ISNUMBER(Entries!C9),AND(Entries!C9>0,Entries!C9=INT(Entries!C9)),FALSE)) | E9: =IF(AND(Entries!A9="",Entries!B9="",Entries!C9=""),"",IF(AND(B9,C9,D9),"OK","Fix")) | G9: Check: OK + Fix = rows, duplicate counts agree | H9: =IF(AND(H3+H4=H2,H8=SUMPRODUCT(--(B2:B200=FALSE),--(Entries!A2:A200<>""))),"OK","CHECK")
A10: =IF(AND(Entries!A10="",Entries!B10="",Entries!C10=""),"",IF(Entries!A10="","(blank)",Entries!A10)) | B10: =IF(AND(Entries!A10="",Entries!B10="",Entries!C10=""),"",AND(Entries!A10<>"",COUNTIF(Entries!$A$2:$A$200,Entries!A10)=1)) | C10: =IF(AND(Entries!A10="",Entries!B10="",Entries!C10=""),"",AND(ISNUMBER(Entries!B10),Entries!B10>=DATE(2026,1,1),Entries!B10<=DATE(2026,12,31))) | D10: =IF(AND(Entries!A10="",Entries!B10="",Entries!C10=""),"",IF(ISNUMBER(Entries!C10),AND(Entries!C10>0,Entries!C10=INT(Entries!C10)),FALSE)) | E10: =IF(AND(Entries!A10="",Entries!B10="",Entries!C10=""),"",IF(AND(B10,C10,D10),"OK","Fix"))
A11: =IF(AND(Entries!A11="",Entries!B11="",Entries!C11=""),"",IF(Entries!A11="","(blank)",Entries!A11)) | B11: =IF(AND(Entries!A11="",Entries!B11="",Entries!C11=""),"",AND(Entries!A11<>"",COUNTIF(Entries!$A$2:$A$200,Entries!A11)=1)) | C11: =IF(AND(Entries!A11="",Entries!B11="",Entries!C11=""),"",AND(ISNUMBER(Entries!B11),Entries!B11>=DATE(2026,1,1),Entries!B11<=DATE(2026,12,31))) | D11: =IF(AND(Entries!A11="",Entries!B11="",Entries!C11=""),"",IF(ISNUMBER(Entries!C11),AND(Entries!C11>0,Entries!C11=INT(Entries!C11)),FALSE)) | E11: =IF(AND(Entries!A11="",Entries!B11="",Entries!C11=""),"",IF(AND(B11,C11,D11),"OK","Fix"))
A12: =IF(AND(Entries!A12="",Entries!B12="",Entries!C12=""),"",IF(Entries!A12="","(blank)",Entries!A12)) | B12: =IF(AND(Entries!A12="",Entries!B12="",Entries!C12=""),"",AND(Entries!A12<>"",COUNTIF(Entries!$A$2:$A$200,Entries!A12)=1)) | C12: =IF(AND(Entries!A12="",Entries!B12="",Entries!C12=""),"",AND(ISNUMBER(Entries!B12),Entries!B12>=DATE(2026,1,1),Entries!B12<=DATE(2026,12,31))) | D12: =IF(AND(Entries!A12="",Entries!B12="",Entries!C12=""),"",IF(ISNUMBER(Entries!C12),AND(Entries!C12>0,Entries!C12=INT(Entries!C12)),FALSE)) | E12: =IF(AND(Entries!A12="",Entries!B12="",Entries!C12=""),"",IF(AND(B12,C12,D12),"OK","Fix"))
A13: =IF(AND(Entries!A13="",Entries!B13="",Entries!C13=""),"",IF(Entries!A13="","(blank)",Entries!A13)) | B13: =IF(AND(Entries!A13="",Entries!B13="",Entries!C13=""),"",AND(Entries!A13<>"",COUNTIF(Entries!$A$2:$A$200,Entries!A13)=1)) | C13: =IF(AND(Entries!A13="",Entries!B13="",Entries!C13=""),"",AND(ISNUMBER(Entries!B13),Entries!B13>=DATE(2026,1,1),Entries!B13<=DATE(2026,12,31))) | D13: =IF(AND(Entries!A13="",Entries!B13="",Entries!C13=""),"",IF(ISNUMBER(Entries!C13),AND(Entries!C13>0,Entries!C13=INT(Entries!C13)),FALSE)) | E13: =IF(AND(Entries!A13="",Entries!B13="",Entries!C13=""),"",IF(AND(B13,C13,D13),"OK","Fix"))
A14: =IF(AND(Entries!A14="",Entries!B14="",Entries!C14=""),"",IF(Entries!A14="","(blank)",Entries!A14)) | B14: =IF(AND(Entries!A14="",Entries!B14="",Entries!C14=""),"",AND(Entries!A14<>"",COUNTIF(Entries!$A$2:$A$200,Entries!A14)=1)) | C14: =IF(AND(Entries!A14="",Entries!B14="",Entries!C14=""),"",AND(ISNUMBER(Entries!B14),Entries!B14>=DATE(2026,1,1),Entries!B14<=DATE(2026,12,31))) | D14: =IF(AND(Entries!A14="",Entries!B14="",Entries!C14=""),"",IF(ISNUMBER(Entries!C14),AND(Entries!C14>0,Entries!C14=INT(Entries!C14)),FALSE)) | E14: =IF(AND(Entries!A14="",Entries!B14="",Entries!C14=""),"",IF(AND(B14,C14,D14),"OK","Fix"))
A15: =IF(AND(Entries!A15="",Entries!B15="",Entries!C15=""),"",IF(Entries!A15="","(blank)",Entries!A15)) | B15: =IF(AND(Entries!A15="",Entries!B15="",Entries!C15=""),"",AND(Entries!A15<>"",COUNTIF(Entries!$A$2:$A$200,Entries!A15)=1)) | C15: =IF(AND(Entries!A15="",Entries!B15="",Entries!C15=""),"",AND(ISNUMBER(Entries!B15),Entries!B15>=DATE(2026,1,1),Entries!B15<=DATE(2026,12,31))) | D15: =IF(AND(Entries!A15="",Entries!B15="",Entries!C15=""),"",IF(ISNUMBER(Entries!C15),AND(Entries!C15>0,Entries!C15=INT(Entries!C15)),FALSE)) | E15: =IF(AND(Entries!A15="",Entries!B15="",Entries!C15=""),"",IF(AND(B15,C15,D15),"OK","Fix"))
A16: =IF(AND(Entries!A16="",Entries!B16="",Entries!C16=""),"",IF(Entries!A16="","(blank)",Entries!A16)) | B16: =IF(AND(Entries!A16="",Entries!B16="",Entries!C16=""),"",AND(Entries!A16<>"",COUNTIF(Entries!$A$2:$A$200,Entries!A16)=1)) | C16: =IF(AND(Entries!A16="",Entries!B16="",Entries!C16=""),"",AND(ISNUMBER(Entries!B16),Entries!B16>=DATE(2026,1,1),Entries!B16<=DATE(2026,12,31))) | D16: =IF(AND(Entries!A16="",Entries!B16="",Entries!C16=""),"",IF(ISNUMBER(Entries!C16),AND(Entries!C16>0,Entries!C16=INT(Entries!C16)),FALSE)) | E16: =IF(AND(Entries!A16="",Entries!B16="",Entries!C16=""),"",IF(AND(B16,C16,D16),"OK","Fix"))
A17: =IF(AND(Entries!A17="",Entries!B17="",Entries!C17=""),"",IF(Entries!A17="","(blank)",Entries!A17)) | B17: =IF(AND(Entries!A17="",Entries!B17="",Entries!C17=""),"",AND(Entries!A17<>"",COUNTIF(Entries!$A$2:$A$200,Entries!A17)=1)) | C17: =IF(AND(Entries!A17="",Entries!B17="",Entries!C17=""),"",AND(ISNUMBER(Entries!B17),Entries!B17>=DATE(2026,1,1),Entries!B17<=DATE(2026,12,31))) | D17: =IF(AND(Entries!A17="",Entries!B17="",Entries!C17=""),"",IF(ISNUMBER(Entries!C17),AND(Entries!C17>0,Entries!C17=INT(Entries!C17)),FALSE)) | E17: =IF(AND(Entries!A17="",Entries!B17="",Entries!C17=""),"",IF(AND(B17,C17,D17),"OK","Fix"))
A18: =IF(AND(Entries!A18="",Entries!B18="",Entries!C18=""),"",IF(Entries!A18="","(blank)",Entries!A18)) | B18: =IF(AND(Entries!A18="",Entries!B18="",Entries!C18=""),"",AND(Entries!A18<>"",COUNTIF(Entries!$A$2:$A$200,Entries!A18)=1)) | C18: =IF(AND(Entries!A18="",Entries!B18="",Entries!C18=""),"",AND(ISNUMBER(Entries!B18),Entries!B18>=DATE(2026,1,1),Entries!B18<=DATE(2026,12,31))) | D18: =IF(AND(Entries!A18="",Entries!B18="",Entries!C18=""),"",IF(ISNUMBER(Entries!C18),AND(Entries!C18>0,Entries!C18=INT(Entries!C18)),FALSE)) | E18: =IF(AND(Entries!A18="",Entries!B18="",Entries!C18=""),"",IF(AND(B18,C18,D18),"OK","Fix"))
A19: =IF(AND(Entries!A19="",Entries!B19="",Entries!C19=""),"",IF(Entries!A19="","(blank)",Entries!A19)) | B19: =IF(AND(Entries!A19="",Entries!B19="",Entries!C19=""),"",AND(Entries!A19<>"",COUNTIF(Entries!$A$2:$A$200,Entries!A19)=1)) | C19: =IF(AND(Entries!A19="",Entries!B19="",Entries!C19=""),"",AND(ISNUMBER(Entries!B19),Entries!B19>=DATE(2026,1,1),Entries!B19<=DATE(2026,12,31))) | D19: =IF(AND(Entries!A19="",Entries!B19="",Entries!C19=""),"",IF(ISNUMBER(Entries!C19),AND(Entries!C19>0,Entries!C19=INT(Entries!C19)),FALSE)) | E19: =IF(AND(Entries!A19="",Entries!B19="",Entries!C19=""),"",IF(AND(B19,C19,D19),"OK","Fix"))
A20: =IF(AND(Entries!A20="",Entries!B20="",Entries!C20=""),"",IF(Entries!A20="","(blank)",Entries!A20)) | B20: =IF(AND(Entries!A20="",Entries!B20="",Entries!C20=""),"",AND(Entries!A20<>"",COUNTIF(Entries!$A$2:$A$200,Entries!A20)=1)) | C20: =IF(AND(Entries!A20="",Entries!B20="",Entries!C20=""),"",AND(ISNUMBER(Entries!B20),Entries!B20>=DATE(2026,1,1),Entries!B20<=DATE(2026,12,31))) | D20: =IF(AND(Entries!A20="",Entries!B20="",Entries!C20=""),"",IF(ISNUMBER(Entries!C20),AND(Entries!C20>0,Entries!C20=INT(Entries!C20)),FALSE)) | E20: =IF(AND(Entries!A20="",Entries!B20="",Entries!C20=""),"",IF(AND(B20,C20,D20),"OK","Fix"))
A21: =IF(AND(Entries!A21="",Entries!B21="",Entries!C21=""),"",IF(Entries!A21="","(blank)",Entries!A21)) | B21: =IF(AND(Entries!A21="",Entries!B21="",Entries!C21=""),"",AND(Entries!A21<>"",COUNTIF(Entries!$A$2:$A$200,Entries!A21)=1)) | C21: =IF(AND(Entries!A21="",Entries!B21="",Entries!C21=""),"",AND(ISNUMBER(Entries!B21),Entries!B21>=DATE(2026,1,1),Entries!B21<=DATE(2026,12,31))) | D21: =IF(AND(Entries!A21="",Entries!B21="",Entries!C21=""),"",IF(ISNUMBER(Entries!C21),AND(Entries!C21>0,Entries!C21=INT(Entries!C21)),FALSE)) | E21: =IF(AND(Entries!A21="",Entries!B21="",Entries!C21=""),"",IF(AND(B21,C21,D21),"OK","Fix"))
... A200: =IF(AND(Entries!A200="",Entries!B200="",Entries!C200=""),"",IF(Entries!A200="","(blank)",Entries!A200)) | B200: =IF(AND(Entries!A200="",Entries!B200="",Entries!C200=""),"",AND(Entries!A200<>"",COUNTIF(Entries!$A$2:$A$200,Entries!A200)=1)) | C200: =IF(AND(Entries!A200="",Entries!B200="",Entries!C200=""),"",AND(ISNUMBER(Entries!B200),Entries!B200>=DATE(2026,1,1),Entries!B200<=DATE(2026,12,31))) | D200: =IF(AND(Entries!A200="",Entries!B200="",Entries!C200=""),"",IF(ISNUMBER(Entries!C200),AND(Entries!C200>0,Entries!C200=INT(Entries!C200)),FALSE)) | E200: =IF(AND(Entries!A200="",Entries!B200="",Entries!C200=""),"",IF(AND(B200,C200,D200),"OK","Fix"))

Sheet How to use
A1: Tidy Tabs: Block Duplicate Invoice Numbers and Bad Dates
A3: 1. Entries tab: type Invoice #, Date and Qty in A to C (yellow). Rows 2 to 200 have the three validation rules.
A4: 2. Select a column, then Data > Data Validation > Allow: Custom. The rules here are: A2 =COUNTIF($A$2:$A$200,A2)=1 (no repeats), B2 =AND(ISNUMBER(B2),B2>=DATE(2026,1,1),B2<=DATE(2026,12,31)) (a real 2026 date), C2 =IF(ISNUMBER(C2),AND(C2>0,C2=INT(C2)),FALSE) (a whole number above 0).
A5: 3. Each rule is written for the first cell (A2, B2, C2). The cell references without $ shift down for every row. $A$2:$A$200 stays fixed.
A6: 4. Each rule has a Stop error message and an input prompt, shown when you select the cell and when a bad value is typed.
A7: 5. Validation only checks what you type. Pasting over a cell skips the rule, and values already in the cells are not checked. Rows 7 and 11 repeat INV-1006 and row 9 has a quantity of 2.5 on purpose, so you can see them on the Rules check tab.
A8: 6. Rules check tab: the same three tests as TRUE or FALSE for every row, a Row result (OK or Fix) and counts. Rows to fix (H4) is the number to clean up after a paste. Both rows of a duplicated invoice number fail the invoice test.
A9: 7. H9 shows OK when OK rows plus Fix rows equal the rows with an entry and two counts of duplicate rows agree.
A10: 8. COUNTIF ignores upper and lower case (inv-1006 repeats INV-1006) and does not ignore spaces. The date rule allows 2026 only and a date with a time of day on 12/31/2026 fails; edit the DATE(...) parts for other years.
A11: 9. To change a rule, select the column, open Data Validation again and edit the formula.
A13: Invoice numbers, dates and quantities are fictional. The rule formulas and the Rules check tab were checked in LibreOffice Calc only; the blocking itself, typing a bad value, was not tried in Excel or Google Sheets.
A14: Google Sheets: File > Import > Upload this .xlsx. In Sheets use Data > Data validation and the Custom formula is option.
