Workbook

Sheet Products
A1: Product | B1: Revenue | C1: Share of sales | D1: Cumulative share | E1: Group
A2: Soy candle, 8 oz | B2: 12480 | C2: =IF(OR(B2="",NOT(ISNUMBER(B2)),SUM($B$2:$B$40)<=0),"",B2/SUM($B$2:$B$40)) | D2: =IF(OR(B2="",NOT(ISNUMBER(B2)),SUM($B$2:$B$40)<=0),"",SUM($B$2:B2)/SUM($B$2:$B$40)) | E2: =IF(B2="","",IF(OR(NOT(ISNUMBER(B2)),SUM($B$2:$B$40)<=0,NOT(ISNUMBER(Summary!$B$1))),"Check",IF(SUM($B$1:B1)/SUM($B$2:$B$40)<Summary!$B$1,"Top","Rest")))
A3: Lavender soap bar | B3: 9860.5 | C3: =IF(OR(B3="",NOT(ISNUMBER(B3)),SUM($B$2:$B$40)<=0),"",B3/SUM($B$2:$B$40)) | D3: =IF(OR(B3="",NOT(ISNUMBER(B3)),SUM($B$2:$B$40)<=0),"",SUM($B$2:B3)/SUM($B$2:$B$40)) | E3: =IF(B3="","",IF(OR(NOT(ISNUMBER(B3)),SUM($B$2:$B$40)<=0,NOT(ISNUMBER(Summary!$B$1))),"Check",IF(SUM($B$1:B2)/SUM($B$2:$B$40)<Summary!$B$1,"Top","Rest")))
A4: Holiday gift set | B4: 7420 | C4: =IF(OR(B4="",NOT(ISNUMBER(B4)),SUM($B$2:$B$40)<=0),"",B4/SUM($B$2:$B$40)) | D4: =IF(OR(B4="",NOT(ISNUMBER(B4)),SUM($B$2:$B$40)<=0),"",SUM($B$2:B4)/SUM($B$2:$B$40)) | E4: =IF(B4="","",IF(OR(NOT(ISNUMBER(B4)),SUM($B$2:$B$40)<=0,NOT(ISNUMBER(Summary!$B$1))),"Check",IF(SUM($B$1:B3)/SUM($B$2:$B$40)<Summary!$B$1,"Top","Rest")))
A5: Beeswax food wrap | B5: 5310.25 | C5: =IF(OR(B5="",NOT(ISNUMBER(B5)),SUM($B$2:$B$40)<=0),"",B5/SUM($B$2:$B$40)) | D5: =IF(OR(B5="",NOT(ISNUMBER(B5)),SUM($B$2:$B$40)<=0),"",SUM($B$2:B5)/SUM($B$2:$B$40)) | E5: =IF(B5="","",IF(OR(NOT(ISNUMBER(B5)),SUM($B$2:$B$40)<=0,NOT(ISNUMBER(Summary!$B$1))),"Check",IF(SUM($B$1:B4)/SUM($B$2:$B$40)<Summary!$B$1,"Top","Rest")))
A6: Linen tote bag | B6: 3890 | C6: =IF(OR(B6="",NOT(ISNUMBER(B6)),SUM($B$2:$B$40)<=0),"",B6/SUM($B$2:$B$40)) | D6: =IF(OR(B6="",NOT(ISNUMBER(B6)),SUM($B$2:$B$40)<=0),"",SUM($B$2:B6)/SUM($B$2:$B$40)) | E6: =IF(B6="","",IF(OR(NOT(ISNUMBER(B6)),SUM($B$2:$B$40)<=0,NOT(ISNUMBER(Summary!$B$1))),"Check",IF(SUM($B$1:B5)/SUM($B$2:$B$40)<Summary!$B$1,"Top","Rest")))
A7: Ceramic mug | B7: 2675.5 | C7: =IF(OR(B7="",NOT(ISNUMBER(B7)),SUM($B$2:$B$40)<=0),"",B7/SUM($B$2:$B$40)) | D7: =IF(OR(B7="",NOT(ISNUMBER(B7)),SUM($B$2:$B$40)<=0),"",SUM($B$2:B7)/SUM($B$2:$B$40)) | E7: =IF(B7="","",IF(OR(NOT(ISNUMBER(B7)),SUM($B$2:$B$40)<=0,NOT(ISNUMBER(Summary!$B$1))),"Check",IF(SUM($B$1:B6)/SUM($B$2:$B$40)<Summary!$B$1,"Top","Rest")))
A8: Wool dryer balls | B8: 1980 | C8: =IF(OR(B8="",NOT(ISNUMBER(B8)),SUM($B$2:$B$40)<=0),"",B8/SUM($B$2:$B$40)) | D8: =IF(OR(B8="",NOT(ISNUMBER(B8)),SUM($B$2:$B$40)<=0),"",SUM($B$2:B8)/SUM($B$2:$B$40)) | E8: =IF(B8="","",IF(OR(NOT(ISNUMBER(B8)),SUM($B$2:$B$40)<=0,NOT(ISNUMBER(Summary!$B$1))),"Check",IF(SUM($B$1:B7)/SUM($B$2:$B$40)<Summary!$B$1,"Top","Rest")))
A9: Hand cream, 2 oz | B9: 1450.75 | C9: =IF(OR(B9="",NOT(ISNUMBER(B9)),SUM($B$2:$B$40)<=0),"",B9/SUM($B$2:$B$40)) | D9: =IF(OR(B9="",NOT(ISNUMBER(B9)),SUM($B$2:$B$40)<=0),"",SUM($B$2:B9)/SUM($B$2:$B$40)) | E9: =IF(B9="","",IF(OR(NOT(ISNUMBER(B9)),SUM($B$2:$B$40)<=0,NOT(ISNUMBER(Summary!$B$1))),"Check",IF(SUM($B$1:B8)/SUM($B$2:$B$40)<Summary!$B$1,"Top","Rest")))
A10: Cedar sachet | B10: 1120 | C10: =IF(OR(B10="",NOT(ISNUMBER(B10)),SUM($B$2:$B$40)<=0),"",B10/SUM($B$2:$B$40)) | D10: =IF(OR(B10="",NOT(ISNUMBER(B10)),SUM($B$2:$B$40)<=0),"",SUM($B$2:B10)/SUM($B$2:$B$40)) | E10: =IF(B10="","",IF(OR(NOT(ISNUMBER(B10)),SUM($B$2:$B$40)<=0,NOT(ISNUMBER(Summary!$B$1))),"Check",IF(SUM($B$1:B9)/SUM($B$2:$B$40)<Summary!$B$1,"Top","Rest")))
A11: Bath salts, 12 oz | B11: 860.5 | C11: =IF(OR(B11="",NOT(ISNUMBER(B11)),SUM($B$2:$B$40)<=0),"",B11/SUM($B$2:$B$40)) | D11: =IF(OR(B11="",NOT(ISNUMBER(B11)),SUM($B$2:$B$40)<=0),"",SUM($B$2:B11)/SUM($B$2:$B$40)) | E11: =IF(B11="","",IF(OR(NOT(ISNUMBER(B11)),SUM($B$2:$B$40)<=0,NOT(ISNUMBER(Summary!$B$1))),"Check",IF(SUM($B$1:B10)/SUM($B$2:$B$40)<Summary!$B$1,"Top","Rest")))
A12: Lip balm 3-pack | B12: 640 | C12: =IF(OR(B12="",NOT(ISNUMBER(B12)),SUM($B$2:$B$40)<=0),"",B12/SUM($B$2:$B$40)) | D12: =IF(OR(B12="",NOT(ISNUMBER(B12)),SUM($B$2:$B$40)<=0),"",SUM($B$2:B12)/SUM($B$2:$B$40)) | E12: =IF(B12="","",IF(OR(NOT(ISNUMBER(B12)),SUM($B$2:$B$40)<=0,NOT(ISNUMBER(Summary!$B$1))),"Check",IF(SUM($B$1:B11)/SUM($B$2:$B$40)<Summary!$B$1,"Top","Rest")))
A13: Wick trimmer | B13: 455.25 | C13: =IF(OR(B13="",NOT(ISNUMBER(B13)),SUM($B$2:$B$40)<=0),"",B13/SUM($B$2:$B$40)) | D13: =IF(OR(B13="",NOT(ISNUMBER(B13)),SUM($B$2:$B$40)<=0),"",SUM($B$2:B13)/SUM($B$2:$B$40)) | E13: =IF(B13="","",IF(OR(NOT(ISNUMBER(B13)),SUM($B$2:$B$40)<=0,NOT(ISNUMBER(Summary!$B$1))),"Check",IF(SUM($B$1:B12)/SUM($B$2:$B$40)<Summary!$B$1,"Top","Rest")))
... A16: Soap dish | B16: 142 | C16: =IF(OR(B16="",NOT(ISNUMBER(B16)),SUM($B$2:$B$40)<=0),"",B16/SUM($B$2:$B$40)) | D16: =IF(OR(B16="",NOT(ISNUMBER(B16)),SUM($B$2:$B$40)<=0),"",SUM($B$2:B16)/SUM($B$2:$B$40)) | E16: =IF(B16="","",IF(OR(NOT(ISNUMBER(B16)),SUM($B$2:$B$40)<=0,NOT(ISNUMBER(Summary!$B$1))),"Check",IF(SUM($B$1:B15)/SUM($B$2:$B$40)<Summary!$B$1,"Top","Rest")))
C17: =IF(OR(B17="",NOT(ISNUMBER(B17)),SUM($B$2:$B$40)<=0),"",B17/SUM($B$2:$B$40)) | D17: =IF(OR(B17="",NOT(ISNUMBER(B17)),SUM($B$2:$B$40)<=0),"",SUM($B$2:B17)/SUM($B$2:$B$40)) | E17: =IF(B17="","",IF(OR(NOT(ISNUMBER(B17)),SUM($B$2:$B$40)<=0,NOT(ISNUMBER(Summary!$B$1))),"Check",IF(SUM($B$1:B16)/SUM($B$2:$B$40)<Summary!$B$1,"Top","Rest")))
C18: =IF(OR(B18="",NOT(ISNUMBER(B18)),SUM($B$2:$B$40)<=0),"",B18/SUM($B$2:$B$40)) | D18: =IF(OR(B18="",NOT(ISNUMBER(B18)),SUM($B$2:$B$40)<=0),"",SUM($B$2:B18)/SUM($B$2:$B$40)) | E18: =IF(B18="","",IF(OR(NOT(ISNUMBER(B18)),SUM($B$2:$B$40)<=0,NOT(ISNUMBER(Summary!$B$1))),"Check",IF(SUM($B$1:B17)/SUM($B$2:$B$40)<Summary!$B$1,"Top","Rest")))
C19: =IF(OR(B19="",NOT(ISNUMBER(B19)),SUM($B$2:$B$40)<=0),"",B19/SUM($B$2:$B$40)) | D19: =IF(OR(B19="",NOT(ISNUMBER(B19)),SUM($B$2:$B$40)<=0),"",SUM($B$2:B19)/SUM($B$2:$B$40)) | E19: =IF(B19="","",IF(OR(NOT(ISNUMBER(B19)),SUM($B$2:$B$40)<=0,NOT(ISNUMBER(Summary!$B$1))),"Check",IF(SUM($B$1:B18)/SUM($B$2:$B$40)<Summary!$B$1,"Top","Rest")))
C20: =IF(OR(B20="",NOT(ISNUMBER(B20)),SUM($B$2:$B$40)<=0),"",B20/SUM($B$2:$B$40)) | D20: =IF(OR(B20="",NOT(ISNUMBER(B20)),SUM($B$2:$B$40)<=0),"",SUM($B$2:B20)/SUM($B$2:$B$40)) | E20: =IF(B20="","",IF(OR(NOT(ISNUMBER(B20)),SUM($B$2:$B$40)<=0,NOT(ISNUMBER(Summary!$B$1))),"Check",IF(SUM($B$1:B19)/SUM($B$2:$B$40)<Summary!$B$1,"Top","Rest")))
C21: =IF(OR(B21="",NOT(ISNUMBER(B21)),SUM($B$2:$B$40)<=0),"",B21/SUM($B$2:$B$40)) | D21: =IF(OR(B21="",NOT(ISNUMBER(B21)),SUM($B$2:$B$40)<=0),"",SUM($B$2:B21)/SUM($B$2:$B$40)) | E21: =IF(B21="","",IF(OR(NOT(ISNUMBER(B21)),SUM($B$2:$B$40)<=0,NOT(ISNUMBER(Summary!$B$1))),"Check",IF(SUM($B$1:B20)/SUM($B$2:$B$40)<Summary!$B$1,"Top","Rest")))
C22: =IF(OR(B22="",NOT(ISNUMBER(B22)),SUM($B$2:$B$40)<=0),"",B22/SUM($B$2:$B$40)) | D22: =IF(OR(B22="",NOT(ISNUMBER(B22)),SUM($B$2:$B$40)<=0),"",SUM($B$2:B22)/SUM($B$2:$B$40)) | E22: =IF(B22="","",IF(OR(NOT(ISNUMBER(B22)),SUM($B$2:$B$40)<=0,NOT(ISNUMBER(Summary!$B$1))),"Check",IF(SUM($B$1:B21)/SUM($B$2:$B$40)<Summary!$B$1,"Top","Rest")))
C23: =IF(OR(B23="",NOT(ISNUMBER(B23)),SUM($B$2:$B$40)<=0),"",B23/SUM($B$2:$B$40)) | D23: =IF(OR(B23="",NOT(ISNUMBER(B23)),SUM($B$2:$B$40)<=0),"",SUM($B$2:B23)/SUM($B$2:$B$40)) | E23: =IF(B23="","",IF(OR(NOT(ISNUMBER(B23)),SUM($B$2:$B$40)<=0,NOT(ISNUMBER(Summary!$B$1))),"Check",IF(SUM($B$1:B22)/SUM($B$2:$B$40)<Summary!$B$1,"Top","Rest")))
C24: =IF(OR(B24="",NOT(ISNUMBER(B24)),SUM($B$2:$B$40)<=0),"",B24/SUM($B$2:$B$40)) | D24: =IF(OR(B24="",NOT(ISNUMBER(B24)),SUM($B$2:$B$40)<=0),"",SUM($B$2:B24)/SUM($B$2:$B$40)) | E24: =IF(B24="","",IF(OR(NOT(ISNUMBER(B24)),SUM($B$2:$B$40)<=0,NOT(ISNUMBER(Summary!$B$1))),"Check",IF(SUM($B$1:B23)/SUM($B$2:$B$40)<Summary!$B$1,"Top","Rest")))
C25: =IF(OR(B25="",NOT(ISNUMBER(B25)),SUM($B$2:$B$40)<=0),"",B25/SUM($B$2:$B$40)) | D25: =IF(OR(B25="",NOT(ISNUMBER(B25)),SUM($B$2:$B$40)<=0),"",SUM($B$2:B25)/SUM($B$2:$B$40)) | E25: =IF(B25="","",IF(OR(NOT(ISNUMBER(B25)),SUM($B$2:$B$40)<=0,NOT(ISNUMBER(Summary!$B$1))),"Check",IF(SUM($B$1:B24)/SUM($B$2:$B$40)<Summary!$B$1,"Top","Rest")))
C26: =IF(OR(B26="",NOT(ISNUMBER(B26)),SUM($B$2:$B$40)<=0),"",B26/SUM($B$2:$B$40)) | D26: =IF(OR(B26="",NOT(ISNUMBER(B26)),SUM($B$2:$B$40)<=0),"",SUM($B$2:B26)/SUM($B$2:$B$40)) | E26: =IF(B26="","",IF(OR(NOT(ISNUMBER(B26)),SUM($B$2:$B$40)<=0,NOT(ISNUMBER(Summary!$B$1))),"Check",IF(SUM($B$1:B25)/SUM($B$2:$B$40)<Summary!$B$1,"Top","Rest")))
C27: =IF(OR(B27="",NOT(ISNUMBER(B27)),SUM($B$2:$B$40)<=0),"",B27/SUM($B$2:$B$40)) | D27: =IF(OR(B27="",NOT(ISNUMBER(B27)),SUM($B$2:$B$40)<=0),"",SUM($B$2:B27)/SUM($B$2:$B$40)) | E27: =IF(B27="","",IF(OR(NOT(ISNUMBER(B27)),SUM($B$2:$B$40)<=0,NOT(ISNUMBER(Summary!$B$1))),"Check",IF(SUM($B$1:B26)/SUM($B$2:$B$40)<Summary!$B$1,"Top","Rest")))
C28: =IF(OR(B28="",NOT(ISNUMBER(B28)),SUM($B$2:$B$40)<=0),"",B28/SUM($B$2:$B$40)) | D28: =IF(OR(B28="",NOT(ISNUMBER(B28)),SUM($B$2:$B$40)<=0),"",SUM($B$2:B28)/SUM($B$2:$B$40)) | E28: =IF(B28="","",IF(OR(NOT(ISNUMBER(B28)),SUM($B$2:$B$40)<=0,NOT(ISNUMBER(Summary!$B$1))),"Check",IF(SUM($B$1:B27)/SUM($B$2:$B$40)<Summary!$B$1,"Top","Rest")))
... C40: =IF(OR(B40="",NOT(ISNUMBER(B40)),SUM($B$2:$B$40)<=0),"",B40/SUM($B$2:$B$40)) | D40: =IF(OR(B40="",NOT(ISNUMBER(B40)),SUM($B$2:$B$40)<=0),"",SUM($B$2:B40)/SUM($B$2:$B$40)) | E40: =IF(B40="","",IF(OR(NOT(ISNUMBER(B40)),SUM($B$2:$B$40)<=0,NOT(ISNUMBER(Summary!$B$1))),"Check",IF(SUM($B$1:B39)/SUM($B$2:$B$40)<Summary!$B$1,"Top","Rest")))

Sheet Summary
A1: Cut line (share of sales, type it) | B1: 0.8
A2: Products listed | B2: =COUNT(Products!$B$2:$B$40)
A3: Products in the Top group | B3: =COUNTIF(Products!$E$2:$E$40,"Top")
A4: Share of products in Top | B4: =IF(B2>0,B3/B2,"")
A5: Share of revenue in Top | B5: =IF(SUM(Products!$B$2:$B$40)>0,SUMIF(Products!$E$2:$E$40,"Top",Products!$B$2:$B$40)/SUM(Products!$B$2:$B$40),"")
A6: Sorted check | B6: =IF(SUMPRODUCT(--(Products!$B$2:$B$39<Products!$B$3:$B$40))=0,"Sorted","Sort largest first")
A7: Rows to check (text or negative revenue) | B7: =COUNTIF(Products!$E$2:$E$40,"Check")
A8: Total revenue | B8: =SUM(Products!$B$2:$B$40)
A9: Check: groups cover every product, shares add to 100% | B9: =IF(NOT(ISNUMBER(B1)),"Check settings",IF(AND(B6="Sorted",B7=0,B2=B3+COUNTIF(Products!$E$2:$E$40,"Rest"),ABS(SUM(Products!$C$2:$C$40)-1)<0.000001),"OK","CHECK"))

Sheet How to use
A1: Tidy Tabs: Find the Products That Make Up 80 Percent of Sales
A3: 1. Products tab: type or paste the product and its revenue (A and B, yellow). Sort the table largest revenue first: select A1:B40 and use Data > Sort on Revenue, largest to smallest. Rows 2 to 40 have formulas ready.
A4: 2. Share C2 =B2/SUM($B$2:$B$40). Cumulative D2 =SUM($B$2:B2)/SUM($B$2:$B$40) is the running share of total revenue.
A5: 3. Group E2 =IF(SUM($B$1:B1)/SUM($B$2:$B$40)<Summary!$B$1,"Top","Rest"). A product is Top while the revenue above it is still under the cut line (80%), so the product that crosses 80% is the last one in Top. A product that lands on exactly 80.0% is Top, and the next one is Rest. SUM of the header row above row 2 is 0.
A6: 4. Summary B1 is the cut line (yellow). B3 counts Top products, B4 is their share of the product count, B5 is their share of revenue (at or above the cut line).
A7: 5. Summary B6 says Sorted or Sort largest first. If it says Sort largest first, the groups are wrong until you sort.
A8: 6. A text revenue or a negative revenue (a refund) shows Check in Group. Text is left out of the total; a negative number is in the total, so fix it before reading the groups. Summary B9 shows OK only when sorted, nothing to check, and the shares add to 100%.
A9: 7. The 80/20 split is a rule of thumb. Real shops rarely land exactly on 80 and 20. Use the Top group to decide what to restock or promote; the sheet does not say why a product sells.
A10: 8. No chart is included. The In-cell bars template shows how to draw bars with REPT.
A12: Products and revenue are fictional. Checked in LibreOffice Calc only; not opened in Excel or Google Sheets.
A13: Google Sheets: File > Import > Upload this .xlsx.
