Workbook

Sheet Orders
A1: Order ID | B1: Date | C1: Amount | D1: Flag
A2: ORD-4101 | B2: 46279 | C2: 42.5 | D2: =IF(C2="","",IF(NOT(ISNUMBER(C2)),"Check",IF(NOT(AND(ISNUMBER(Fences!$B$6),ISNUMBER(Fences!$B$7))),"Check",IF(OR(C2>Fences!$B$6,C2<Fences!$B$7),"Review","OK"))))
A3: ORD-4102 | B3: 46280 | C3: 58 | D3: =IF(C3="","",IF(NOT(ISNUMBER(C3)),"Check",IF(NOT(AND(ISNUMBER(Fences!$B$6),ISNUMBER(Fences!$B$7))),"Check",IF(OR(C3>Fences!$B$6,C3<Fences!$B$7),"Review","OK"))))
A4: ORD-4103 | B4: 46281 | C4: 49.99 | D4: =IF(C4="","",IF(NOT(ISNUMBER(C4)),"Check",IF(NOT(AND(ISNUMBER(Fences!$B$6),ISNUMBER(Fences!$B$7))),"Check",IF(OR(C4>Fences!$B$6,C4<Fences!$B$7),"Review","OK"))))
A5: ORD-4104 | B5: 46282 | C5: 61.25 | D5: =IF(C5="","",IF(NOT(ISNUMBER(C5)),"Check",IF(NOT(AND(ISNUMBER(Fences!$B$6),ISNUMBER(Fences!$B$7))),"Check",IF(OR(C5>Fences!$B$6,C5<Fences!$B$7),"Review","OK"))))
A6: ORD-4105 | B6: 46283 | C6: 37 | D6: =IF(C6="","",IF(NOT(ISNUMBER(C6)),"Check",IF(NOT(AND(ISNUMBER(Fences!$B$6),ISNUMBER(Fences!$B$7))),"Check",IF(OR(C6>Fences!$B$6,C6<Fences!$B$7),"Review","OK"))))
A7: ORD-4106 | B7: 46284 | C7: 54.75 | D7: =IF(C7="","",IF(NOT(ISNUMBER(C7)),"Check",IF(NOT(AND(ISNUMBER(Fences!$B$6),ISNUMBER(Fences!$B$7))),"Check",IF(OR(C7>Fences!$B$6,C7<Fences!$B$7),"Review","OK"))))
A8: ORD-4107 | B8: 46285 | C8: 68 | D8: =IF(C8="","",IF(NOT(ISNUMBER(C8)),"Check",IF(NOT(AND(ISNUMBER(Fences!$B$6),ISNUMBER(Fences!$B$7))),"Check",IF(OR(C8>Fences!$B$6,C8<Fences!$B$7),"Review","OK"))))
A9: ORD-4108 | B9: 46286 | C9: 45.5 | D9: =IF(C9="","",IF(NOT(ISNUMBER(C9)),"Check",IF(NOT(AND(ISNUMBER(Fences!$B$6),ISNUMBER(Fences!$B$7))),"Check",IF(OR(C9>Fences!$B$6,C9<Fences!$B$7),"Review","OK"))))
A10: ORD-4109 | B10: 46287 | C10: 52 | D10: =IF(C10="","",IF(NOT(ISNUMBER(C10)),"Check",IF(NOT(AND(ISNUMBER(Fences!$B$6),ISNUMBER(Fences!$B$7))),"Check",IF(OR(C10>Fences!$B$6,C10<Fences!$B$7),"Review","OK"))))
A11: ORD-4110 | B11: 46288 | C11: 39.95 | D11: =IF(C11="","",IF(NOT(ISNUMBER(C11)),"Check",IF(NOT(AND(ISNUMBER(Fences!$B$6),ISNUMBER(Fences!$B$7))),"Check",IF(OR(C11>Fences!$B$6,C11<Fences!$B$7),"Review","OK"))))
A12: ORD-4111 | B12: 46289 | C12: 500 | D12: =IF(C12="","",IF(NOT(ISNUMBER(C12)),"Check",IF(NOT(AND(ISNUMBER(Fences!$B$6),ISNUMBER(Fences!$B$7))),"Check",IF(OR(C12>Fences!$B$6,C12<Fences!$B$7),"Review","OK"))))
A13: ORD-4112 | B13: 46290 | C13: 71.5 | D13: =IF(C13="","",IF(NOT(ISNUMBER(C13)),"Check",IF(NOT(AND(ISNUMBER(Fences!$B$6),ISNUMBER(Fences!$B$7))),"Check",IF(OR(C13>Fences!$B$6,C13<Fences!$B$7),"Review","OK"))))
... A31: ORD-4130 | B31: 46308 | C31: 38.75 | D31: =IF(C31="","",IF(NOT(ISNUMBER(C31)),"Check",IF(NOT(AND(ISNUMBER(Fences!$B$6),ISNUMBER(Fences!$B$7))),"Check",IF(OR(C31>Fences!$B$6,C31<Fences!$B$7),"Review","OK"))))
D32: =IF(C32="","",IF(NOT(ISNUMBER(C32)),"Check",IF(NOT(AND(ISNUMBER(Fences!$B$6),ISNUMBER(Fences!$B$7))),"Check",IF(OR(C32>Fences!$B$6,C32<Fences!$B$7),"Review","OK"))))
D33: =IF(C33="","",IF(NOT(ISNUMBER(C33)),"Check",IF(NOT(AND(ISNUMBER(Fences!$B$6),ISNUMBER(Fences!$B$7))),"Check",IF(OR(C33>Fences!$B$6,C33<Fences!$B$7),"Review","OK"))))
D34: =IF(C34="","",IF(NOT(ISNUMBER(C34)),"Check",IF(NOT(AND(ISNUMBER(Fences!$B$6),ISNUMBER(Fences!$B$7))),"Check",IF(OR(C34>Fences!$B$6,C34<Fences!$B$7),"Review","OK"))))
D35: =IF(C35="","",IF(NOT(ISNUMBER(C35)),"Check",IF(NOT(AND(ISNUMBER(Fences!$B$6),ISNUMBER(Fences!$B$7))),"Check",IF(OR(C35>Fences!$B$6,C35<Fences!$B$7),"Review","OK"))))
D36: =IF(C36="","",IF(NOT(ISNUMBER(C36)),"Check",IF(NOT(AND(ISNUMBER(Fences!$B$6),ISNUMBER(Fences!$B$7))),"Check",IF(OR(C36>Fences!$B$6,C36<Fences!$B$7),"Review","OK"))))
D37: =IF(C37="","",IF(NOT(ISNUMBER(C37)),"Check",IF(NOT(AND(ISNUMBER(Fences!$B$6),ISNUMBER(Fences!$B$7))),"Check",IF(OR(C37>Fences!$B$6,C37<Fences!$B$7),"Review","OK"))))
D38: =IF(C38="","",IF(NOT(ISNUMBER(C38)),"Check",IF(NOT(AND(ISNUMBER(Fences!$B$6),ISNUMBER(Fences!$B$7))),"Check",IF(OR(C38>Fences!$B$6,C38<Fences!$B$7),"Review","OK"))))
D39: =IF(C39="","",IF(NOT(ISNUMBER(C39)),"Check",IF(NOT(AND(ISNUMBER(Fences!$B$6),ISNUMBER(Fences!$B$7))),"Check",IF(OR(C39>Fences!$B$6,C39<Fences!$B$7),"Review","OK"))))
D40: =IF(C40="","",IF(NOT(ISNUMBER(C40)),"Check",IF(NOT(AND(ISNUMBER(Fences!$B$6),ISNUMBER(Fences!$B$7))),"Check",IF(OR(C40>Fences!$B$6,C40<Fences!$B$7),"Review","OK"))))
D41: =IF(C41="","",IF(NOT(ISNUMBER(C41)),"Check",IF(NOT(AND(ISNUMBER(Fences!$B$6),ISNUMBER(Fences!$B$7))),"Check",IF(OR(C41>Fences!$B$6,C41<Fences!$B$7),"Review","OK"))))
D42: =IF(C42="","",IF(NOT(ISNUMBER(C42)),"Check",IF(NOT(AND(ISNUMBER(Fences!$B$6),ISNUMBER(Fences!$B$7))),"Check",IF(OR(C42>Fences!$B$6,C42<Fences!$B$7),"Review","OK"))))
D43: =IF(C43="","",IF(NOT(ISNUMBER(C43)),"Check",IF(NOT(AND(ISNUMBER(Fences!$B$6),ISNUMBER(Fences!$B$7))),"Check",IF(OR(C43>Fences!$B$6,C43<Fences!$B$7),"Review","OK"))))
... D100: =IF(C100="","",IF(NOT(ISNUMBER(C100)),"Check",IF(NOT(AND(ISNUMBER(Fences!$B$6),ISNUMBER(Fences!$B$7))),"Check",IF(OR(C100>Fences!$B$6,C100<Fences!$B$7),"Review","OK"))))

Sheet Fences
A1: Q1 (25th percentile) | B1: =IF(COUNT(Orders!$C$2:$C$100)<4,"Need 4 amounts",QUARTILE(Orders!$C$2:$C$100,1)) | C1: Formula: QUARTILE(Orders!C2:C100,1)
A2: Q3 (75th percentile) | B2: =IF(COUNT(Orders!$C$2:$C$100)<4,"Need 4 amounts",QUARTILE(Orders!$C$2:$C$100,3)) | C2: Formula: QUARTILE(Orders!C2:C100,3)
A3: IQR (Q3 minus Q1) | B3: =IF(AND(ISNUMBER(B1),ISNUMBER(B2)),B2-B1,"")
A4: Multiplier (type it) | B4: 1.5 | C4: Typed. 1.5 is the usual rule; 3 flags only the far ones.
A5: Amounts counted | B5: =COUNT(Orders!$C$2:$C$100) | C5: Text and blank cells are not counted.
A6: Upper fence (Q3 + multiplier x IQR) | B6: =IF(AND(ISNUMBER(B2),ISNUMBER(B3),ISNUMBER(B4)),B2+B4*B3,"Check") | C6: Above this: Review.
A7: Lower fence (Q1 - multiplier x IQR) | B7: =IF(AND(ISNUMBER(B1),ISNUMBER(B3),ISNUMBER(B4)),B1-B4*B3,"Check") | C7: Below this: Review.
A8: Rows flagged Review | B8: =COUNTIF(Orders!$D$2:$D$100,"Review") | C8: Look at the row. Do not delete it.
A9: Rows OK | B9: =COUNTIF(Orders!$D$2:$D$100,"OK")
A10: Rows Check (text amount or no fences) | B10: =COUNTIF(Orders!$D$2:$D$100,"Check")
A11: Rows with an amount entry | B11: =COUNTA(Orders!$C$2:$C$100)
A12: Check: Review + OK + Check = rows with an entry | B12: =IF(B8+B9+B10=B11,"OK","CHECK")
A14: Mean plus or minus 2 standard deviations
A15: Mean | B15: =IF(COUNT(Orders!$C$2:$C$100)<2,"",AVERAGE(Orders!$C$2:$C$100))
A16: Standard deviation | B16: =IF(COUNT(Orders!$C$2:$C$100)<2,"",STDEV(Orders!$C$2:$C$100))
A17: Upper limit (mean + 2 x SD) | B17: =IF(ISNUMBER(B15),B15+2*B16,"")
A18: Lower limit (mean - 2 x SD) | B18: =IF(ISNUMBER(B15),B15-2*B16,"") | C18: Can be below $0.00, so a tiny amount cannot fall under it.
A19: Amounts outside those limits | B19: =IF(ISNUMBER(B17),COUNTIF(Orders!$C$2:$C$100,">"&B17)+COUNTIF(Orders!$C$2:$C$100,"<"&B18),"") | C19: Compare with Rows flagged Review above.

Sheet How to use
A1: Tidy Tabs: Find Unusually High or Low Order Amounts
A3: 1. Orders tab: paste or type orders in A to C (yellow). Rows 2 to 100 have a Flag formula ready. The 30 sample orders are fictional; two are typing slips on purpose ($500.00 meant as $50.00 and $4.90 meant as $49.00).
A4: 2. Fences tab: B1 is =QUARTILE(Orders!C2:C100,1) and B2 is =QUARTILE(Orders!C2:C100,3). B3 is the IQR, B2-B1. B4 is the multiplier you type (1.5).
A5: 3. B6 = B2+B4*B3 is the upper fence and B7 = B1-B4*B3 is the lower fence. QUARTILE here is the inclusive method (same as QUARTILE.INC).
A6: 4. Orders D2: =IF(C2="","",IF(NOT(ISNUMBER(C2)),"Check",IF(OR(C2>Fences!$B$6,C2<Fences!$B$7),"Review","OK"))) plus a guard for missing fences. An amount equal to a fence is OK. Review means look at the row; it does not mean the amount is wrong.
A7: 5. Rows flagged Review are shaded amber by a conditional formatting rule on the Flag text. A text amount (such as $50 typed as text) shows Check and is not counted in the fences.
A8: 6. Fences B12 shows OK when Review + OK + Check equals the rows that have an amount entry.
A9: 7. Fences B14 to B19 repeat the check with mean plus or minus 2 standard deviations. In the sample, the $500.00 typo raises the standard deviation so much that the lower limit falls below $0.00, and $4.90 cannot be caught by that rule (B19 counts 1, B8 counts 2). Compare B19 with B8 on your own data.
A10: 8. With fewer than 4 numbers the fences show Need 4 amounts and every amount shows Check. If most amounts are equal, the IQR is 0 and any different amount is flagged.
A11: 9. The fences are a screen for typing slips, not a rule about which orders are real or good. Check the row against the order itself.
A13: Orders and amounts are fictional. Checked in LibreOffice Calc only; not opened in Excel or Google Sheets.
A14: Google Sheets: File > Import > Upload this .xlsx.
