Workbook

Sheet Orders
A1: Order ID | B1: Date | C1: Amount
A2: ORD-5001 | B2: 46266 | C2: 12
A3: ORD-5002 | B3: 46267 | C3: 24
A4: ORD-5003 | B4: 46268 | C4: 36.5
A5: ORD-5004 | B5: 46269 | C5: 8
A6: ORD-5005 | B6: 46270 | C6: 52
A7: ORD-5006 | B7: 46271 | C7: 25
A8: ORD-5007 | B8: 46272 | C8: 18.5
A9: ORD-5008 | B9: 46273 | C9: 74
A10: ORD-5009 | B10: 46274 | C10: 4
A11: ORD-5010 | B11: 46275 | C11: 31
A12: ORD-5011 | B12: 46276 | C12: 140
A13: ORD-5012 | B13: 46277 | C13: 22
... A41: ORD-5040 | B41: 46305 | C41: 35

Sheet Ranges
A1: From (typed) | B1: Up to, not including | C1: Range | D1: Orders | E1: Sales in range | F1: Share of orders | G1: Share of sales
A2: 0 | B2: =A3 | C2: =IF(AND(ISNUMBER(A2),ISNUMBER(B2)),TEXT(A2,"$#,##0.00")&" up to "&TEXT(B2,"$#,##0.00"),"") | D2: =COUNTIFS(Orders!$C$2:$C$200,">="&A2,Orders!$C$2:$C$200,"<"&B2) | E2: =SUMIFS(Orders!$C$2:$C$200,Orders!$C$2:$C$200,">="&A2,Orders!$C$2:$C$200,"<"&B2) | F2: =IF($D$7>0,D2/$D$7,"") | G2: =IF($E$7<>0,E2/$E$7,"")
A3: 25 | B3: =A4 | C3: =IF(AND(ISNUMBER(A3),ISNUMBER(B3)),TEXT(A3,"$#,##0.00")&" up to "&TEXT(B3,"$#,##0.00"),"") | D3: =COUNTIFS(Orders!$C$2:$C$200,">="&A3,Orders!$C$2:$C$200,"<"&B3) | E3: =SUMIFS(Orders!$C$2:$C$200,Orders!$C$2:$C$200,">="&A3,Orders!$C$2:$C$200,"<"&B3) | F3: =IF($D$7>0,D3/$D$7,"") | G3: =IF($E$7<>0,E3/$E$7,"")
A4: 50 | B4: =A5 | C4: =IF(AND(ISNUMBER(A4),ISNUMBER(B4)),TEXT(A4,"$#,##0.00")&" up to "&TEXT(B4,"$#,##0.00"),"") | D4: =COUNTIFS(Orders!$C$2:$C$200,">="&A4,Orders!$C$2:$C$200,"<"&B4) | E4: =SUMIFS(Orders!$C$2:$C$200,Orders!$C$2:$C$200,">="&A4,Orders!$C$2:$C$200,"<"&B4) | F4: =IF($D$7>0,D4/$D$7,"") | G4: =IF($E$7<>0,E4/$E$7,"")
A5: 100 | B5: and up | C5: =IF(ISNUMBER(A5),TEXT(A5,"$#,##0.00")&" and up","") | D5: =COUNTIFS(Orders!$C$2:$C$200,">="&A5) | E5: =SUMIFS(Orders!$C$2:$C$200,Orders!$C$2:$C$200,">="&A5) | F5: =IF($D$7>0,D5/$D$7,"") | G5: =IF($E$7<>0,E5/$E$7,"")
A6: Below | B6: =A2 | C6: =IF(ISNUMBER(A2),"Below "&TEXT(A2,"$#,##0.00"),"") | D6: =COUNTIFS(Orders!$C$2:$C$200,"<"&A2) | E6: =SUMIFS(Orders!$C$2:$C$200,Orders!$C$2:$C$200,"<"&A2) | F6: =IF($D$7>0,D6/$D$7,"") | G6: =IF($E$7<>0,E6/$E$7,"")
A7: Total | D7: =SUM(D2:D6) | E7: =SUM(E2:E6) | F7: =IF($D$7>0,D7/$D$7,"") | G7: =IF($E$7<>0,E7/$E$7,"")
A9: Numeric amounts on Orders | B9: =COUNT(Orders!$C$2:$C$200)
A10: Text amounts (not counted) | B10: =COUNTA(Orders!$C$2:$C$200)-B9
A11: Limits typed in order | B11: =IF(AND(COUNT(A2:A5)=4,A2<A3,A3<A4,A4<A5),"OK","Check limits")
A12: Sales on Orders | B12: =SUM(Orders!$C$2:$C$200)
A13: Check: ranges add up to the orders list | B13: =IF(AND(B11="OK",B10=0,D7=B9,ABS(E7-B12)<0.005,COUNTIF(E18:E22,"OK")=5),"OK","CHECK")
A15: Optional cross-check with FREQUENCY (array formula in C18:C22; amounts in whole cents)
A17: Bin top (limit minus $0.01) | B17: Range | C17: FREQUENCY | D17: COUNTIFS | E17: Same?
A18: =IF(ISNUMBER(A2),ROUND(A2-0.01,2),0) | B18: =C6 | C18: {=IF(COUNT(Orders!$C$2:$C$200)=0,0,IFERROR(FREQUENCY(Orders!$C$2:$C$200,A18:A21),""))} | D18: =D6 | E18: =IF(C18=D18,"OK","Differs")
A19: =IF(ISNUMBER(A3),ROUND(A3-0.01,2),0) | B19: =C2 | D19: =D2 | E19: =IF(C19=D19,"OK","Differs")
A20: =IF(ISNUMBER(A4),ROUND(A4-0.01,2),0) | B20: =C3 | D20: =D3 | E20: =IF(C20=D20,"OK","Differs")
A21: =IF(ISNUMBER(A5),ROUND(A5-0.01,2),0) | B21: =C4 | D21: =D4 | E21: =IF(C21=D21,"OK","Differs")
B22: =C5 | D22: =D5 | E22: =IF(C22=D22,"OK","Differs")

Sheet How to use
A1: Tidy Tabs: Count Orders by Dollar Amount Range With COUNTIFS
A3: 1. Orders tab: one row per order, amount in column C (yellow, rows 2 to 200). Amounts only, no $ typed as text.
A4: 2. Ranges tab, A2:A5: type the lower limit of each range (yellow). Keep them in ascending order. B2:B4 take the next row's limit; the last range has no upper limit.
A5: 3. Orders in a range: =COUNTIFS(Orders!$C$2:$C$200,">="&A2,Orders!$C$2:$C$200,"<"&B2). The range includes its lower limit and stops just before the upper one, so an order of exactly $25.00 counts in the range that starts at $25.00, never in two ranges.
A6: 4. Sales in the range use SUMIFS with the same two tests (column E). Shares in F and G are the range divided by the total.
A7: 5. Row 6 counts everything below the first limit, such as a $0.00 order or a negative refund, so no order is lost. Row 7 is the total.
A8: 6. B13 shows OK when the limits are in order, no amount is text, the counts add up to the numeric amounts on Orders, the sales add up to the sum of the Orders column, and the FREQUENCY cross-check agrees with COUNTIFS in every range.
A9: 7. The FREQUENCY cross-check (C18:C22) is an array formula. FREQUENCY counts values up to and including each bin, so each bin top is the limit minus $0.01, which assumes amounts in whole cents. Excel older than 365 needs Ctrl+Shift+Enter for array formulas; the cross-check is optional.
A10: 8. COUNTIFS skips text amounts and blank cells. A text amount makes B10 more than 0 and B13 shows CHECK.
A11: 9. Counts only: this says how many orders fall in each range in this sample, not what a good mix is.
A13: Orders and amounts are fictional. Checked in LibreOffice Calc only; not opened in Excel or Google Sheets.
A14: Google Sheets: File > Import > Upload this .xlsx.
