Workbook

Sheet Prices
A1: Product | B1: Effective date | C1: New price | D1: Row check
A2: Cold Brew Pack | B2: 46023 | C2: 36 | D2: =IF(AND(A2="",B2="",C2=""),"",IF(NOT(AND(A2<>"",ISNUMBER(B2),ISNUMBER(C2))),"Check",IF(AND(A1=A2,ISNUMBER(B1)),IF(B2<B1,"Check order",IF(B2=B1,"Same day","OK")),"OK")))
A3: Cold Brew Pack | B3: 46174 | C3: 38 | D3: =IF(AND(A3="",B3="",C3=""),"",IF(NOT(AND(A3<>"",ISNUMBER(B3),ISNUMBER(C3))),"Check",IF(AND(A2=A3,ISNUMBER(B2)),IF(B3<B2,"Check order",IF(B3=B2,"Same day","OK")),"OK")))
A4: Cold Brew Pack | B4: 46296 | C4: 39.5 | D4: =IF(AND(A4="",B4="",C4=""),"",IF(NOT(AND(A4<>"",ISNUMBER(B4),ISNUMBER(C4))),"Check",IF(AND(A3=A4,ISNUMBER(B3)),IF(B4<B3,"Check order",IF(B4=B3,"Same day","OK")),"OK")))
A5: Dark Roast | B5: 45658 | C5: 43 | D5: =IF(AND(A5="",B5="",C5=""),"",IF(NOT(AND(A5<>"",ISNUMBER(B5),ISNUMBER(C5))),"Check",IF(AND(A4=A5,ISNUMBER(B4)),IF(B5<B4,"Check order",IF(B5=B4,"Same day","OK")),"OK")))
A6: Dark Roast | B6: 46082 | C6: 45.5 | D6: =IF(AND(A6="",B6="",C6=""),"",IF(NOT(AND(A6<>"",ISNUMBER(B6),ISNUMBER(C6))),"Check",IF(AND(A5=A6,ISNUMBER(B5)),IF(B6<B5,"Check order",IF(B6=B5,"Same day","OK")),"OK")))
A7: Decaf Blend | B7: 45658 | C7: 48 | D7: =IF(AND(A7="",B7="",C7=""),"",IF(NOT(AND(A7<>"",ISNUMBER(B7),ISNUMBER(C7))),"Check",IF(AND(A6=A7,ISNUMBER(B6)),IF(B7<B6,"Check order",IF(B7=B6,"Same day","OK")),"OK")))
A8: Decaf Blend | B8: 45901 | C8: 49.5 | D8: =IF(AND(A8="",B8="",C8=""),"",IF(NOT(AND(A8<>"",ISNUMBER(B8),ISNUMBER(C8))),"Check",IF(AND(A7=A8,ISNUMBER(B7)),IF(B8<B7,"Check order",IF(B8=B7,"Same day","OK")),"OK")))
A9: Decaf Blend | B9: 46082 | C9: 51 | D9: =IF(AND(A9="",B9="",C9=""),"",IF(NOT(AND(A9<>"",ISNUMBER(B9),ISNUMBER(C9))),"Check",IF(AND(A8=A9,ISNUMBER(B8)),IF(B9<B8,"Check order",IF(B9=B8,"Same day","OK")),"OK")))
A10: Decaf Blend | B10: 46266 | C10: 52.5 | D10: =IF(AND(A10="",B10="",C10=""),"",IF(NOT(AND(A10<>"",ISNUMBER(B10),ISNUMBER(C10))),"Check",IF(AND(A9=A10,ISNUMBER(B9)),IF(B10<B9,"Check order",IF(B10=B9,"Same day","OK")),"OK")))
A11: Espresso Blend | B11: 45658 | C11: 45 | D11: =IF(AND(A11="",B11="",C11=""),"",IF(NOT(AND(A11<>"",ISNUMBER(B11),ISNUMBER(C11))),"Check",IF(AND(A10=A11,ISNUMBER(B10)),IF(B11<B10,"Check order",IF(B11=B10,"Same day","OK")),"OK")))
A12: Espresso Blend | B12: 45839 | C12: 46.75 | D12: =IF(AND(A12="",B12="",C12=""),"",IF(NOT(AND(A12<>"",ISNUMBER(B12),ISNUMBER(C12))),"Check",IF(AND(A11=A12,ISNUMBER(B11)),IF(B12<B11,"Check order",IF(B12=B11,"Same day","OK")),"OK")))
A13: House Blend | B13: 45658 | C13: 42 | D13: =IF(AND(A13="",B13="",C13=""),"",IF(NOT(AND(A13<>"",ISNUMBER(B13),ISNUMBER(C13))),"Check",IF(AND(A12=A13,ISNUMBER(B12)),IF(B13<B12,"Check order",IF(B13=B12,"Same day","OK")),"OK")))
... A17: Single Origin Ethiopia | B17: 46113 | C17: 61 | D17: =IF(AND(A17="",B17="",C17=""),"",IF(NOT(AND(A17<>"",ISNUMBER(B17),ISNUMBER(C17))),"Check",IF(AND(A16=A17,ISNUMBER(B16)),IF(B17<B16,"Check order",IF(B17=B16,"Same day","OK")),"OK")))
D18: =IF(AND(A18="",B18="",C18=""),"",IF(NOT(AND(A18<>"",ISNUMBER(B18),ISNUMBER(C18))),"Check",IF(AND(A17=A18,ISNUMBER(B17)),IF(B18<B17,"Check order",IF(B18=B17,"Same day","OK")),"OK")))
D19: =IF(AND(A19="",B19="",C19=""),"",IF(NOT(AND(A19<>"",ISNUMBER(B19),ISNUMBER(C19))),"Check",IF(AND(A18=A19,ISNUMBER(B18)),IF(B19<B18,"Check order",IF(B19=B18,"Same day","OK")),"OK")))
D20: =IF(AND(A20="",B20="",C20=""),"",IF(NOT(AND(A20<>"",ISNUMBER(B20),ISNUMBER(C20))),"Check",IF(AND(A19=A20,ISNUMBER(B19)),IF(B20<B19,"Check order",IF(B20=B19,"Same day","OK")),"OK")))
D21: =IF(AND(A21="",B21="",C21=""),"",IF(NOT(AND(A21<>"",ISNUMBER(B21),ISNUMBER(C21))),"Check",IF(AND(A20=A21,ISNUMBER(B20)),IF(B21<B20,"Check order",IF(B21=B20,"Same day","OK")),"OK")))
D22: =IF(AND(A22="",B22="",C22=""),"",IF(NOT(AND(A22<>"",ISNUMBER(B22),ISNUMBER(C22))),"Check",IF(AND(A21=A22,ISNUMBER(B21)),IF(B22<B21,"Check order",IF(B22=B21,"Same day","OK")),"OK")))
D23: =IF(AND(A23="",B23="",C23=""),"",IF(NOT(AND(A23<>"",ISNUMBER(B23),ISNUMBER(C23))),"Check",IF(AND(A22=A23,ISNUMBER(B22)),IF(B23<B22,"Check order",IF(B23=B22,"Same day","OK")),"OK")))
D24: =IF(AND(A24="",B24="",C24=""),"",IF(NOT(AND(A24<>"",ISNUMBER(B24),ISNUMBER(C24))),"Check",IF(AND(A23=A24,ISNUMBER(B23)),IF(B24<B23,"Check order",IF(B24=B23,"Same day","OK")),"OK")))
D25: =IF(AND(A25="",B25="",C25=""),"",IF(NOT(AND(A25<>"",ISNUMBER(B25),ISNUMBER(C25))),"Check",IF(AND(A24=A25,ISNUMBER(B24)),IF(B25<B24,"Check order",IF(B25=B24,"Same day","OK")),"OK")))
D26: =IF(AND(A26="",B26="",C26=""),"",IF(NOT(AND(A26<>"",ISNUMBER(B26),ISNUMBER(C26))),"Check",IF(AND(A25=A26,ISNUMBER(B25)),IF(B26<B25,"Check order",IF(B26=B25,"Same day","OK")),"OK")))
D27: =IF(AND(A27="",B27="",C27=""),"",IF(NOT(AND(A27<>"",ISNUMBER(B27),ISNUMBER(C27))),"Check",IF(AND(A26=A27,ISNUMBER(B26)),IF(B27<B26,"Check order",IF(B27=B26,"Same day","OK")),"OK")))
D28: =IF(AND(A28="",B28="",C28=""),"",IF(NOT(AND(A28<>"",ISNUMBER(B28),ISNUMBER(C28))),"Check",IF(AND(A27=A28,ISNUMBER(B27)),IF(B28<B27,"Check order",IF(B28=B27,"Same day","OK")),"OK")))
D29: =IF(AND(A29="",B29="",C29=""),"",IF(NOT(AND(A29<>"",ISNUMBER(B29),ISNUMBER(C29))),"Check",IF(AND(A28=A29,ISNUMBER(B28)),IF(B29<B28,"Check order",IF(B29=B28,"Same day","OK")),"OK")))
... D40: =IF(AND(A40="",B40="",C40=""),"",IF(NOT(AND(A40<>"",ISNUMBER(B40),ISNUMBER(C40))),"Check",IF(AND(A39=A40,ISNUMBER(B39)),IF(B40<B39,"Check order",IF(B40=B39,"Same day","OK")),"OK")))

Sheet Orders
A1: Order date | B1: Product | C1: Qty | D1: Price in effect | E1: Line total | H1: Summary | I1: Value
A2: 46006 | B2: Dark Roast | C2: 4 | D2: =IF(AND(A2="",B2=""),"",IF(OR(NOT(ISNUMBER(A2)),B2=""),"Check",IFERROR(LOOKUP(2,1/((Prices!$A$2:$A$40=B2)*(Prices!$B$2:$B$40<=A2)*ISNUMBER(Prices!$B$2:$B$40)*ISNUMBER(Prices!$C$2:$C$40)),Prices!$C$2:$C$40),"No price yet"))) | E2: =IF(ISNUMBER(D2),IF(ISNUMBER(C2),C2*D2,"Check"),"") | H2: Orders priced | I2: =COUNT(E2:E200)
A3: 45658 | B3: Dark Roast | C3: 2 | D3: =IF(AND(A3="",B3=""),"",IF(OR(NOT(ISNUMBER(A3)),B3=""),"Check",IFERROR(LOOKUP(2,1/((Prices!$A$2:$A$40=B3)*(Prices!$B$2:$B$40<=A3)*ISNUMBER(Prices!$B$2:$B$40)*ISNUMBER(Prices!$C$2:$C$40)),Prices!$C$2:$C$40),"No price yet"))) | E3: =IF(ISNUMBER(D3),IF(ISNUMBER(C3),C3*D3,"Check"),"") | H3: Orders with No price yet | I3: =COUNTIF(D2:D200,"No price yet")
A4: 45838 | B4: House Blend | C4: 6 | D4: =IF(AND(A4="",B4=""),"",IF(OR(NOT(ISNUMBER(A4)),B4=""),"Check",IFERROR(LOOKUP(2,1/((Prices!$A$2:$A$40=B4)*(Prices!$B$2:$B$40<=A4)*ISNUMBER(Prices!$B$2:$B$40)*ISNUMBER(Prices!$C$2:$C$40)),Prices!$C$2:$C$40),"No price yet"))) | E4: =IF(ISNUMBER(D4),IF(ISNUMBER(C4),C4*D4,"Check"),"") | H4: Order rows to check | I4: =COUNTIF(D2:D200,"Check")+COUNTIF(E2:E200,"Check")
A5: 45839 | B5: House Blend | C5: 6 | D5: =IF(AND(A5="",B5=""),"",IF(OR(NOT(ISNUMBER(A5)),B5=""),"Check",IFERROR(LOOKUP(2,1/((Prices!$A$2:$A$40=B5)*(Prices!$B$2:$B$40<=A5)*ISNUMBER(Prices!$B$2:$B$40)*ISNUMBER(Prices!$C$2:$C$40)),Prices!$C$2:$C$40),"No price yet"))) | E5: =IF(ISNUMBER(D5),IF(ISNUMBER(C5),C5*D5,"Check"),"") | H5: Price rows to check | I5: =COUNTIF(Prices!D2:D40,"Check")+COUNTIF(Prices!D2:D40,"Check order")
A6: 46081 | B6: Dark Roast | C6: 3 | D6: =IF(AND(A6="",B6=""),"",IF(OR(NOT(ISNUMBER(A6)),B6=""),"Check",IFERROR(LOOKUP(2,1/((Prices!$A$2:$A$40=B6)*(Prices!$B$2:$B$40<=A6)*ISNUMBER(Prices!$B$2:$B$40)*ISNUMBER(Prices!$C$2:$C$40)),Prices!$C$2:$C$40),"No price yet"))) | E6: =IF(ISNUMBER(D6),IF(ISNUMBER(C6),C6*D6,"Check"),"") | H6: Total of line totals | I6: =SUM(E2:E200)
A7: 46082 | B7: Dark Roast | C7: 3 | D7: =IF(AND(A7="",B7=""),"",IF(OR(NOT(ISNUMBER(A7)),B7=""),"Check",IFERROR(LOOKUP(2,1/((Prices!$A$2:$A$40=B7)*(Prices!$B$2:$B$40<=A7)*ISNUMBER(Prices!$B$2:$B$40)*ISNUMBER(Prices!$C$2:$C$40)),Prices!$C$2:$C$40),"No price yet"))) | E7: =IF(ISNUMBER(D7),IF(ISNUMBER(C7),C7*D7,"Check"),"") | H7: Check: every order row is priced, flagged or No price yet | I7: =IF(AND(SUMPRODUCT(--((A2:A200<>"")+(B2:B200<>"")>0))=COUNT(E2:E200)+COUNTIF(E2:E200,"Check")+COUNTIF(D2:D200,"No price yet")+COUNTIF(D2:D200,"Check"),I5=0),"OK","CHECK")
A8: 46082 | B8: House Blend | C8: 5 | D8: =IF(AND(A8="",B8=""),"",IF(OR(NOT(ISNUMBER(A8)),B8=""),"Check",IFERROR(LOOKUP(2,1/((Prices!$A$2:$A$40=B8)*(Prices!$B$2:$B$40<=A8)*ISNUMBER(Prices!$B$2:$B$40)*ISNUMBER(Prices!$C$2:$C$40)),Prices!$C$2:$C$40),"No price yet"))) | E8: =IF(ISNUMBER(D8),IF(ISNUMBER(C8),C8*D8,"Check"),"")
A9: 46080 | B9: House Blend | C9: 5 | D9: =IF(AND(A9="",B9=""),"",IF(OR(NOT(ISNUMBER(A9)),B9=""),"Check",IFERROR(LOOKUP(2,1/((Prices!$A$2:$A$40=B9)*(Prices!$B$2:$B$40<=A9)*ISNUMBER(Prices!$B$2:$B$40)*ISNUMBER(Prices!$C$2:$C$40)),Prices!$C$2:$C$40),"No price yet"))) | E9: =IF(ISNUMBER(D9),IF(ISNUMBER(C9),C9*D9,"Check"),"") | H9: One product with INDEX and MATCH (Cold Brew Pack, Prices rows 2 to 4)
A10: 45731 | B10: Single Origin Ethiopia | C10: 2 | D10: =IF(AND(A10="",B10=""),"",IF(OR(NOT(ISNUMBER(A10)),B10=""),"Check",IFERROR(LOOKUP(2,1/((Prices!$A$2:$A$40=B10)*(Prices!$B$2:$B$40<=A10)*ISNUMBER(Prices!$B$2:$B$40)*ISNUMBER(Prices!$C$2:$C$40)),Prices!$C$2:$C$40),"No price yet"))) | E10: =IF(ISNUMBER(D10),IF(ISNUMBER(C10),C10*D10,"Check"),"") | H10: Order date (typed) | I10: 46249
A11: 45809 | B11: Single Origin Ethiopia | C11: 2 | D11: =IF(AND(A11="",B11=""),"",IF(OR(NOT(ISNUMBER(A11)),B11=""),"Check",IFERROR(LOOKUP(2,1/((Prices!$A$2:$A$40=B11)*(Prices!$B$2:$B$40<=A11)*ISNUMBER(Prices!$B$2:$B$40)*ISNUMBER(Prices!$C$2:$C$40)),Prices!$C$2:$C$40),"No price yet"))) | E11: =IF(ISNUMBER(D11),IF(ISNUMBER(C11),C11*D11,"Check"),"") | H11: Price in effect (INDEX and MATCH) | I11: =IF(NOT(ISNUMBER(I10)),"Check",IFERROR(INDEX(Prices!$C$2:$C$4,MATCH(I10,Prices!$B$2:$B$4,1)),"No price yet"))
A12: 46114 | B12: Single Origin Ethiopia | C12: 3 | D12: =IF(AND(A12="",B12=""),"",IF(OR(NOT(ISNUMBER(A12)),B12=""),"Check",IFERROR(LOOKUP(2,1/((Prices!$A$2:$A$40=B12)*(Prices!$B$2:$B$40<=A12)*ISNUMBER(Prices!$B$2:$B$40)*ISNUMBER(Prices!$C$2:$C$40)),Prices!$C$2:$C$40),"No price yet"))) | E12: =IF(ISNUMBER(D12),IF(ISNUMBER(C12),C12*D12,"Check"),"") | H12: Dates sorted oldest first? | I12: =IF(AND(Prices!B2<=Prices!B3,Prices!B3<=Prices!B4),"Sorted","Not sorted")
A13: 46023 | B13: Cold Brew Pack | C13: 10 | D13: =IF(AND(A13="",B13=""),"",IF(OR(NOT(ISNUMBER(A13)),B13=""),"Check",IFERROR(LOOKUP(2,1/((Prices!$A$2:$A$40=B13)*(Prices!$B$2:$B$40<=A13)*ISNUMBER(Prices!$B$2:$B$40)*ISNUMBER(Prices!$C$2:$C$40)),Prices!$C$2:$C$40),"No price yet"))) | E13: =IF(ISNUMBER(D13),IF(ISNUMBER(C13),C13*D13,"Check"),"")
A14: 45981 | B14: Cold Brew Pack | C14: 8 | D14: =IF(AND(A14="",B14=""),"",IF(OR(NOT(ISNUMBER(A14)),B14=""),"Check",IFERROR(LOOKUP(2,1/((Prices!$A$2:$A$40=B14)*(Prices!$B$2:$B$40<=A14)*ISNUMBER(Prices!$B$2:$B$40)*ISNUMBER(Prices!$C$2:$C$40)),Prices!$C$2:$C$40),"No price yet"))) | E14: =IF(ISNUMBER(D14),IF(ISNUMBER(C14),C14*D14,"Check"),"")
A15: 46217 | B15: Cold Brew Pack | C15: 12 | D15: =IF(AND(A15="",B15=""),"",IF(OR(NOT(ISNUMBER(A15)),B15=""),"Check",IFERROR(LOOKUP(2,1/((Prices!$A$2:$A$40=B15)*(Prices!$B$2:$B$40<=A15)*ISNUMBER(Prices!$B$2:$B$40)*ISNUMBER(Prices!$C$2:$C$40)),Prices!$C$2:$C$40),"No price yet"))) | E15: =IF(ISNUMBER(D15),IF(ISNUMBER(C15),C15*D15,"Check"),"")
A16: 46296 | B16: Cold Brew Pack | C16: 12 | D16: =IF(AND(A16="",B16=""),"",IF(OR(NOT(ISNUMBER(A16)),B16=""),"Check",IFERROR(LOOKUP(2,1/((Prices!$A$2:$A$40=B16)*(Prices!$B$2:$B$40<=A16)*ISNUMBER(Prices!$B$2:$B$40)*ISNUMBER(Prices!$C$2:$C$40)),Prices!$C$2:$C$40),"No price yet"))) | E16: =IF(ISNUMBER(D16),IF(ISNUMBER(C16),C16*D16,"Check"),"")
A17: 45900 | B17: Decaf Blend | C17: 4 | D17: =IF(AND(A17="",B17=""),"",IF(OR(NOT(ISNUMBER(A17)),B17=""),"Check",IFERROR(LOOKUP(2,1/((Prices!$A$2:$A$40=B17)*(Prices!$B$2:$B$40<=A17)*ISNUMBER(Prices!$B$2:$B$40)*ISNUMBER(Prices!$C$2:$C$40)),Prices!$C$2:$C$40),"No price yet"))) | E17: =IF(ISNUMBER(D17),IF(ISNUMBER(C17),C17*D17,"Check"),"")
A18: 45901 | B18: Decaf Blend | C18: 4 | D18: =IF(AND(A18="",B18=""),"",IF(OR(NOT(ISNUMBER(A18)),B18=""),"Check",IFERROR(LOOKUP(2,1/((Prices!$A$2:$A$40=B18)*(Prices!$B$2:$B$40<=A18)*ISNUMBER(Prices!$B$2:$B$40)*ISNUMBER(Prices!$C$2:$C$40)),Prices!$C$2:$C$40),"No price yet"))) | E18: =IF(ISNUMBER(D18),IF(ISNUMBER(C18),C18*D18,"Check"),"")
A19: 46265 | B19: Decaf Blend | C19: 5 | D19: =IF(AND(A19="",B19=""),"",IF(OR(NOT(ISNUMBER(A19)),B19=""),"Check",IFERROR(LOOKUP(2,1/((Prices!$A$2:$A$40=B19)*(Prices!$B$2:$B$40<=A19)*ISNUMBER(Prices!$B$2:$B$40)*ISNUMBER(Prices!$C$2:$C$40)),Prices!$C$2:$C$40),"No price yet"))) | E19: =IF(ISNUMBER(D19),IF(ISNUMBER(C19),C19*D19,"Check"),"")
A20: 46266 | B20: Decaf Blend | C20: 5 | D20: =IF(AND(A20="",B20=""),"",IF(OR(NOT(ISNUMBER(A20)),B20=""),"Check",IFERROR(LOOKUP(2,1/((Prices!$A$2:$A$40=B20)*(Prices!$B$2:$B$40<=A20)*ISNUMBER(Prices!$B$2:$B$40)*ISNUMBER(Prices!$C$2:$C$40)),Prices!$C$2:$C$40),"No price yet"))) | E20: =IF(ISNUMBER(D20),IF(ISNUMBER(C20),C20*D20,"Check"),"")
A21: 46307 | B21: Decaf Blend | C21: 6 | D21: =IF(AND(A21="",B21=""),"",IF(OR(NOT(ISNUMBER(A21)),B21=""),"Check",IFERROR(LOOKUP(2,1/((Prices!$A$2:$A$40=B21)*(Prices!$B$2:$B$40<=A21)*ISNUMBER(Prices!$B$2:$B$40)*ISNUMBER(Prices!$C$2:$C$40)),Prices!$C$2:$C$40),"No price yet"))) | E21: =IF(ISNUMBER(D21),IF(ISNUMBER(C21),C21*D21,"Check"),"")
A22: 45782 | B22: Espresso Blend | C22: 7 | D22: =IF(AND(A22="",B22=""),"",IF(OR(NOT(ISNUMBER(A22)),B22=""),"Check",IFERROR(LOOKUP(2,1/((Prices!$A$2:$A$40=B22)*(Prices!$B$2:$B$40<=A22)*ISNUMBER(Prices!$B$2:$B$40)*ISNUMBER(Prices!$C$2:$C$40)),Prices!$C$2:$C$40),"No price yet"))) | E22: =IF(ISNUMBER(D22),IF(ISNUMBER(C22),C22*D22,"Check"),"")
A23: 45853 | B23: Espresso Blend | C23: 7 | D23: =IF(AND(A23="",B23=""),"",IF(OR(NOT(ISNUMBER(A23)),B23=""),"Check",IFERROR(LOOKUP(2,1/((Prices!$A$2:$A$40=B23)*(Prices!$B$2:$B$40<=A23)*ISNUMBER(Prices!$B$2:$B$40)*ISNUMBER(Prices!$C$2:$C$40)),Prices!$C$2:$C$40),"No price yet"))) | E23: =IF(ISNUMBER(D23),IF(ISNUMBER(C23),C23*D23,"Check"),"")
A24: 46304 | B24: Espresso Blend | C24: 9 | D24: =IF(AND(A24="",B24=""),"",IF(OR(NOT(ISNUMBER(A24)),B24=""),"Check",IFERROR(LOOKUP(2,1/((Prices!$A$2:$A$40=B24)*(Prices!$B$2:$B$40<=A24)*ISNUMBER(Prices!$B$2:$B$40)*ISNUMBER(Prices!$C$2:$C$40)),Prices!$C$2:$C$40),"No price yet"))) | E24: =IF(ISNUMBER(D24),IF(ISNUMBER(C24),C24*D24,"Check"),"")
... A31: 46174 | B31: Cold Brew Pack | C31: 4 | D31: =IF(AND(A31="",B31=""),"",IF(OR(NOT(ISNUMBER(A31)),B31=""),"Check",IFERROR(LOOKUP(2,1/((Prices!$A$2:$A$40=B31)*(Prices!$B$2:$B$40<=A31)*ISNUMBER(Prices!$B$2:$B$40)*ISNUMBER(Prices!$C$2:$C$40)),Prices!$C$2:$C$40),"No price yet"))) | E31: =IF(ISNUMBER(D31),IF(ISNUMBER(C31),C31*D31,"Check"),"")
D32: =IF(AND(A32="",B32=""),"",IF(OR(NOT(ISNUMBER(A32)),B32=""),"Check",IFERROR(LOOKUP(2,1/((Prices!$A$2:$A$40=B32)*(Prices!$B$2:$B$40<=A32)*ISNUMBER(Prices!$B$2:$B$40)*ISNUMBER(Prices!$C$2:$C$40)),Prices!$C$2:$C$40),"No price yet"))) | E32: =IF(ISNUMBER(D32),IF(ISNUMBER(C32),C32*D32,"Check"),"")
D33: =IF(AND(A33="",B33=""),"",IF(OR(NOT(ISNUMBER(A33)),B33=""),"Check",IFERROR(LOOKUP(2,1/((Prices!$A$2:$A$40=B33)*(Prices!$B$2:$B$40<=A33)*ISNUMBER(Prices!$B$2:$B$40)*ISNUMBER(Prices!$C$2:$C$40)),Prices!$C$2:$C$40),"No price yet"))) | E33: =IF(ISNUMBER(D33),IF(ISNUMBER(C33),C33*D33,"Check"),"")
D34: =IF(AND(A34="",B34=""),"",IF(OR(NOT(ISNUMBER(A34)),B34=""),"Check",IFERROR(LOOKUP(2,1/((Prices!$A$2:$A$40=B34)*(Prices!$B$2:$B$40<=A34)*ISNUMBER(Prices!$B$2:$B$40)*ISNUMBER(Prices!$C$2:$C$40)),Prices!$C$2:$C$40),"No price yet"))) | E34: =IF(ISNUMBER(D34),IF(ISNUMBER(C34),C34*D34,"Check"),"")
D35: =IF(AND(A35="",B35=""),"",IF(OR(NOT(ISNUMBER(A35)),B35=""),"Check",IFERROR(LOOKUP(2,1/((Prices!$A$2:$A$40=B35)*(Prices!$B$2:$B$40<=A35)*ISNUMBER(Prices!$B$2:$B$40)*ISNUMBER(Prices!$C$2:$C$40)),Prices!$C$2:$C$40),"No price yet"))) | E35: =IF(ISNUMBER(D35),IF(ISNUMBER(C35),C35*D35,"Check"),"")
D36: =IF(AND(A36="",B36=""),"",IF(OR(NOT(ISNUMBER(A36)),B36=""),"Check",IFERROR(LOOKUP(2,1/((Prices!$A$2:$A$40=B36)*(Prices!$B$2:$B$40<=A36)*ISNUMBER(Prices!$B$2:$B$40)*ISNUMBER(Prices!$C$2:$C$40)),Prices!$C$2:$C$40),"No price yet"))) | E36: =IF(ISNUMBER(D36),IF(ISNUMBER(C36),C36*D36,"Check"),"")
D37: =IF(AND(A37="",B37=""),"",IF(OR(NOT(ISNUMBER(A37)),B37=""),"Check",IFERROR(LOOKUP(2,1/((Prices!$A$2:$A$40=B37)*(Prices!$B$2:$B$40<=A37)*ISNUMBER(Prices!$B$2:$B$40)*ISNUMBER(Prices!$C$2:$C$40)),Prices!$C$2:$C$40),"No price yet"))) | E37: =IF(ISNUMBER(D37),IF(ISNUMBER(C37),C37*D37,"Check"),"")
D38: =IF(AND(A38="",B38=""),"",IF(OR(NOT(ISNUMBER(A38)),B38=""),"Check",IFERROR(LOOKUP(2,1/((Prices!$A$2:$A$40=B38)*(Prices!$B$2:$B$40<=A38)*ISNUMBER(Prices!$B$2:$B$40)*ISNUMBER(Prices!$C$2:$C$40)),Prices!$C$2:$C$40),"No price yet"))) | E38: =IF(ISNUMBER(D38),IF(ISNUMBER(C38),C38*D38,"Check"),"")
D39: =IF(AND(A39="",B39=""),"",IF(OR(NOT(ISNUMBER(A39)),B39=""),"Check",IFERROR(LOOKUP(2,1/((Prices!$A$2:$A$40=B39)*(Prices!$B$2:$B$40<=A39)*ISNUMBER(Prices!$B$2:$B$40)*ISNUMBER(Prices!$C$2:$C$40)),Prices!$C$2:$C$40),"No price yet"))) | E39: =IF(ISNUMBER(D39),IF(ISNUMBER(C39),C39*D39,"Check"),"")
D40: =IF(AND(A40="",B40=""),"",IF(OR(NOT(ISNUMBER(A40)),B40=""),"Check",IFERROR(LOOKUP(2,1/((Prices!$A$2:$A$40=B40)*(Prices!$B$2:$B$40<=A40)*ISNUMBER(Prices!$B$2:$B$40)*ISNUMBER(Prices!$C$2:$C$40)),Prices!$C$2:$C$40),"No price yet"))) | E40: =IF(ISNUMBER(D40),IF(ISNUMBER(C40),C40*D40,"Check"),"")
D41: =IF(AND(A41="",B41=""),"",IF(OR(NOT(ISNUMBER(A41)),B41=""),"Check",IFERROR(LOOKUP(2,1/((Prices!$A$2:$A$40=B41)*(Prices!$B$2:$B$40<=A41)*ISNUMBER(Prices!$B$2:$B$40)*ISNUMBER(Prices!$C$2:$C$40)),Prices!$C$2:$C$40),"No price yet"))) | E41: =IF(ISNUMBER(D41),IF(ISNUMBER(C41),C41*D41,"Check"),"")
D42: =IF(AND(A42="",B42=""),"",IF(OR(NOT(ISNUMBER(A42)),B42=""),"Check",IFERROR(LOOKUP(2,1/((Prices!$A$2:$A$40=B42)*(Prices!$B$2:$B$40<=A42)*ISNUMBER(Prices!$B$2:$B$40)*ISNUMBER(Prices!$C$2:$C$40)),Prices!$C$2:$C$40),"No price yet"))) | E42: =IF(ISNUMBER(D42),IF(ISNUMBER(C42),C42*D42,"Check"),"")
D43: =IF(AND(A43="",B43=""),"",IF(OR(NOT(ISNUMBER(A43)),B43=""),"Check",IFERROR(LOOKUP(2,1/((Prices!$A$2:$A$40=B43)*(Prices!$B$2:$B$40<=A43)*ISNUMBER(Prices!$B$2:$B$40)*ISNUMBER(Prices!$C$2:$C$40)),Prices!$C$2:$C$40),"No price yet"))) | E43: =IF(ISNUMBER(D43),IF(ISNUMBER(C43),C43*D43,"Check"),"")
... D200: =IF(AND(A200="",B200=""),"",IF(OR(NOT(ISNUMBER(A200)),B200=""),"Check",IFERROR(LOOKUP(2,1/((Prices!$A$2:$A$40=B200)*(Prices!$B$2:$B$40<=A200)*ISNUMBER(Prices!$B$2:$B$40)*ISNUMBER(Prices!$C$2:$C$40)),Prices!$C$2:$C$40),"No price yet"))) | E200: =IF(ISNUMBER(D200),IF(ISNUMBER(C200),C200*D200,"Check"),"")

Sheet How to use
A1: Tidy Tabs: Look Up the Price in Effect on a Date
A3: 1. Prices tab: one row for each price change. Product (A), effective date (B, typed as MM/DD/YYYY) and the new price (C) are yellow. Keep each product's rows together, oldest date first. Rows 2 to 40 are read.
A4: 2. Orders tab: order date (A), product (B) and quantity (C) are yellow, rows 2 to 200.
A5: 3. D2 is =IFERROR(LOOKUP(2,1/((Prices!$A$2:$A$40=B2)*(Prices!$B$2:$B$40<=A2)),Prices!$C$2:$C$40),"No price yet"). It tests every price row: right product and an effective date on or before the order date. The template adds ISNUMBER(Prices!$B$2:$B$40)*ISNUMBER(Prices!$C$2:$C$40) inside the 1/(...) so a row with a text date or a blank or text price is skipped (the Prices tab marks that row Check). LOOKUP(2,1/...) returns the last row where all the tests are true, so it works without pressing Ctrl+Shift+Enter and the rows do not have to be sorted. If two rows for the same product have the same date, the lower row wins.
A6: 4. An order dated exactly on an effective date gets the new price. The day before gets the old price. A date before the product's first price, or a product that is not in the list, shows No price yet instead of #N/A. A text date or an empty product shows Check.
A7: 5. E2 is the line total, =C2*D2. A blank or text quantity shows Check.
A8: 6. Prices column D checks each row: Check means a missing product, a date or price that is not a number; Check order means a date earlier than the row above for the same product; Same day means the same date as the row above (the lower row wins).
A9: 7. Orders I7 shows OK when every order row is priced, flagged Check, or No price yet, and no Prices row needs checking.
A10: 8. H9:I12 shows the INDEX and MATCH version for one product: =INDEX(Prices!$C$2:$C$4,MATCH(I10,Prices!$B$2:$B$4,1)). MATCH with 1 finds the last date that is not after the order date, but it needs the dates sorted oldest first (I12 says Sorted). With unsorted dates it can return a wrong price without any error.
A11: 9. Product names must match exactly (a trailing space is a different product). This is a price lookup only: no discounts, tax or shipping.
A13: Products, dates and prices are fictional. Checked in LibreOffice Calc only; not opened in Excel or Google Sheets.
A14: Google Sheets: File > Import > Upload this .xlsx.
